Time, ShooterVelocity, Position X, Position Y,
56,0.0,8.5,10.3
97,0.0,8.5,10.3
144,0.0,8.5,10.2
203,40.0,8.5,10.3
236,100.0,8.5,10.3
269,160.0,8.5,10.3
302,200.0,8.5,10.3
336,260.0,8.5,10.2
374,300.0,8.5,10.2
404,360.0,8.5,10.3
438,420.0,8.5,10.3
468,460.0,8.5,10.3
499,500.0,8.5,10.3
527,540.0,8.5,10.2
573,580.0,8.5,10.3
609,660.0,8.5,10.2
645,700.0,8.5,10.3
679,740.0,8.5,10.3
733,800.0,8.5,10.3
763,820.0,8.5,10.3
793,880.0,8.5,10.3
823,900.0,8.5,10.3
853,920.0,8.5,10.3
883,960.0,8.5,10.3
918,1000.0,8.5,10.3
953,1040.0,8.5,10.3
986,1060.0,8.5,10.3
1017,1120.0,8.5,10.3
1047,1140.0,8.5,10.3
1089,1160.0,8.5,10.3
1120,1200.0,8.5,10.3
1153,1220.0,8.5,10.3
1195,1260.0,8.5,10.3
1250,1320.0,8.5,10.3
1282,1340.0,8.5,10.3
1312,1360.0,8.5,10.3
1343,1400.0,8.5,10.3
1372,1400.0,8.5,10.3
1402,1420.0,8.5,10.3
1435,1460.0,8.5,10.3
1470,1480.0,8.5,10.2
1501,1520.0,8.5,10.2
1533,1520.0,8.5,10.3
1568,1540.0,8.5,10.2
1611,1560.0,8.5,10.2
1646,1600.0,8.5,10.2
1679,1620.0,8.5,10.2
1711,1620.0,8.5,10.2
1767,1660.0,8.5,10.2
1797,1680.0,8.5,10.2
1827,1700.0,8.5,10.2
1857,1700.0,8.5,10.2
1885,1720.0,8.5,10.2
1914,1740.0,8.5,10.2
1945,1740.0,8.5,10.2
1972,1780.0,8.5,10.2
2000,1780.0,8.5,10.2
2038,1800.0,8.5,10.2
2067,1800.0,8.5,10.2
2100,1820.0,8.5,10.2
2144,1840.0,8.5,10.2
2177,1840.0,8.5,10.2
2210,1840.0,8.5,10.2
2242,1860.0,8.5,10.2
2299,1880.0,8.5,10.2
2328,1880.0,8.5,10.2
2358,1880.0,8.5,10.2
2389,1880.0,8.5,10.2
2419,1880.0,8.5,10.2
2453,1900.0,8.5,10.2
2482,1900.0,8.5,10.2
2511,1900.0,8.5,10.2
2540,1900.0,8.5,10.2
2573,1900.0,8.5,10.2
2602,1900.0,8.5,10.2
2634,1880.0,8.5,10.2
2674,1920.0,8.5,10.2
2709,1920.0,8.5,10.2
2738,1920.0,8.5,10.2
2766,1920.0,8.5,10.2
2817,1920.0,8.5,10.2
2853,1900.0,8.5,10.2
2882,1900.0,8.5,10.2
2914,1920.0,8.5,10.2
2942,1920.0,8.5,10.2
2976,1900.0,8.5,10.2
3008,1880.0,8.5,10.2
3040,1900.0,8.5,10.2
3069,1900.0,8.5,10.2
3104,1920.0,8.5,10.2
3137,1900.0,8.5,10.2
3165,1900.0,8.5,10.2
3204,1920.0,8.5,10.2
3237,1920.0,8.5,10.2
3265,1920.0,8.5,10.2
3294,1920.0,8.5,10.2
3345,1920.0,8.5,10.2
3376,1920.0,8.5,10.2
3406,1900.0,8.5,10.2
3436,1920.0,8.5,10.2
3466,1920.0,8.5,10.2
3497,1920.0,8.5,10.2
3527,1920.0,8.5,10.2
3555,1920.0,8.5,10.2
3585,1920.0,8.5,10.2
3616,1880.0,8.5,10.2
3653,1900.0,8.5,10.2
3681,1900.0,8.5,10.2
3720,1900.0,8.5,10.2
3756,1920.0,8.5,10.2
3786,1900.0,8.5,10.2
3816,1920.0,8.5,10.2
3866,1920.0,8.5,10.2
3895,1920.0,8.5,10.2
3923,1900.0,8.5,10.2
3952,1900.0,8.5,10.2
3983,1900.0,8.5,10.2
4013,1920.0,8.5,10.2
4040,1920.0,8.5,10.2
4069,1900.0,8.5,10.2
4100,1920.0,8.5,10.2
4129,1920.0,8.5,10.2
4170,1900.0,8.5,10.2
4199,1900.0,8.5,10.2
4241,1940.0,8.5,10.2
4277,1900.0,8.5,10.2
4309,1920.0,8.5,10.2
4337,1920.0,8.5,10.2
4387,1900.0,8.5,10.2
4421,1900.0,8.5,10.2
4446,1900.0,8.5,10.2
4478,1920.0,8.5,10.2
4507,1900.0,8.5,10.2
4533,1900.0,8.5,10.2
4563,1920.0,8.5,10.2
4590,1920.0,8.5,10.2
4623,1900.0,8.5,10.2
4659,1920.0,8.5,10.2
4704,1920.0,8.5,10.2
4752,1900.0,8.5,10.2
4786,1920.0,8.5,10.2
4814,1920.0,8.5,10.2
4843,1900.0,8.5,10.2
4892,1900.0,8.5,10.2
4918,1900.0,8.5,10.2
4951,1920.0,8.5,10.2
4977,1920.0,8.5,10.2
5004,1900.0,8.5,10.2
5031,1900.0,8.5,10.2
5060,1920.0,8.5,10.2
5091,1920.0,8.5,10.2
5117,1920.0,8.5,10.2
5144,1900.0,8.5,10.2
5174,1900.0,8.5,10.2
5213,1880.0,8.5,10.2
5247,1900.0,8.5,10.2
5283,1900.0,8.5,10.2
5310,1900.0,8.5,10.2
5335,1900.0,8.5,10.2
5365,1920.0,8.5,10.2
5414,1920.0,8.5,10.2
5442,1900.0,8.5,10.2
5476,1920.0,8.5,10.2
5505,1920.0,8.5,10.2
5533,1900.0,8.5,10.2
5559,1900.0,8.5,10.2
5585,1900.0,8.5,10.2
5614,1920.0,8.5,10.2
5642,1920.0,8.5,10.2
5669,1920.0,8.5,10.2
5697,1920.0,8.5,10.2
5733,1920.0,8.5,10.2
5765,1900.0,8.5,10.2
5802,1900.0,8.5,10.2
5835,1900.0,8.5,10.2
5865,1920.0,8.5,10.2
5892,1920.0,8.5,10.2
5946,1900.0,8.5,10.2
5986,1900.0,8.5,10.2
6018,1920.0,8.5,10.2
6047,1920.0,8.5,10.2
6075,1920.0,8.5,10.2
6108,1900.0,8.5,10.2
6141,1920.0,8.5,10.2
6171,1920.0,8.5,10.2
6204,1900.0,8.5,10.2
6244,1920.0,8.5,10.2
6272,1920.0,8.5,10.2
6309,1920.0,8.5,10.2
6341,1900.0,8.5,10.2
6368,1900.0,8.5,10.2
6397,1920.0,8.5,10.2
6450,1900.0,8.5,10.2
6481,1900.0,8.5,10.2
6526,1920.0,8.5,10.2
6560,1900.0,8.5,10.2
6595,1900.0,8.5,10.2
6627,1900.0,8.5,10.2
6662,1920.0,8.5,10.2
6695,1900.0,8.5,10.2
6729,1900.0,8.5,10.2
6768,1920.0,8.5,10.2
6823,1900.0,8.5,10.2
6860,1920.0,8.5,10.2
6891,1920.0,8.5,10.2
6923,1920.0,8.5,10.2
6982,1900.0,8.5,10.2
7014,1900.0,8.5,10.2
7050,1920.0,8.5,10.2
7080,1920.0,8.5,10.2
7107,1900.0,8.5,10.2
7134,1920.0,8.5,10.2
7166,1920.0,8.5,10.2
7198,1900.0,8.5,10.2
7228,1900.0,8.5,10.2
7265,1900.0,8.5,10.2
7299,1920.0,8.5,10.2
7340,1920.0,8.5,10.2
7375,1900.0,8.5,10.2
7404,1920.0,8.5,10.2
7431,1920.0,8.5,10.2
7484,1900.0,8.5,10.2
7515,1900.0,8.5,10.2
7542,1900.0,8.5,10.2
7570,1900.0,8.5,10.2
7606,1900.0,8.5,10.2
7633,1900.0,8.5,10.2
7659,1900.0,8.5,10.2
7686,1900.0,8.5,10.2
7715,1920.0,8.5,10.2
7743,1920.0,8.5,10.2
7776,1900.0,8.5,10.2
7803,1920.0,8.5,10.2
7829,1920.0,8.5,10.2
7868,1920.0,8.5,10.2
7898,1920.0,8.5,10.2
7923,1920.0,8.5,10.2
7949,1920.0,8.5,10.2
7999,1900.0,8.5,10.2
8029,1900.0,8.5,10.2
8058,1920.0,8.5,10.2
8089,1900.0,8.5,10.2
8123,1920.0,8.5,10.2
8149,1920.0,8.5,10.2
8175,1920.0,8.5,10.2
8204,1900.0,8.5,10.2
8231,1900.0,8.5,10.2
8259,1900.0,8.5,10.2
8293,1900.0,8.5,10.2
8320,1900.0,8.5,10.2
8346,1900.0,8.5,10.2
8387,1900.0,8.5,10.2
8420,1920.0,8.5,10.2
8451,1900.0,8.5,10.2
8486,1920.0,8.5,10.2
8546,1900.0,8.5,10.2
8576,1900.0,8.5,10.2
8604,1900.0,8.5,10.2
8641,1900.0,8.5,10.2
8671,1900.0,8.5,10.2
8700,1900.0,8.5,10.2
8730,1900.0,8.5,10.2
8760,1900.0,8.5,10.2
8797,1920.0,8.5,10.2
8824,1900.0,8.5,10.2
8851,1900.0,8.5,10.2
8881,1920.0,8.5,10.2
8922,1900.0,8.5,10.2
8956,1920.0,8.5,10.2
8986,1920.0,8.5,10.2
9021,1900.0,8.5,10.2
9082,1920.0,8.5,10.2
9115,1900.0,8.5,10.2
9154,1920.0,8.5,10.2
9196,1900.0,8.5,10.2
9226,1900.0,8.5,10.2
9259,1920.0,8.5,10.2
9297,1900.0,8.5,10.2
9326,1920.0,8.5,10.2
9355,1900.0,8.5,10.2
9381,1900.0,8.5,10.2
9409,1920.0,8.5,10.2
9445,1920.0,8.5,10.2
9476,1900.0,8.5,10.2
9503,1900.0,8.5,10.2
9535,1920.0,8.5,10.2
9587,1920.0,8.5,10.2
9613,1880.0,8.5,10.2
9642,1900.0,8.5,10.2
9668,1900.0,8.5,10.2
9695,1900.0,8.5,10.2
9722,1920.0,8.5,10.2
9748,1920.0,8.5,10.2
9776,1920.0,8.5,10.2
9814,1920.0,8.5,10.2
9848,1900.0,8.5,10.2
9880,1920.0,8.5,10.2
9909,1920.0,8.5,10.2
9943,1900.0,8.5,10.2
9994,1920.0,8.5,10.2
10027,1900.0,8.5,10.2
10061,1920.0,8.5,10.2
10119,1920.0,8.5,10.2
10155,1900.0,8.5,10.2
10186,1920.0,8.5,10.2
10216,1920.0,8.5,10.2
10253,1900.0,8.5,10.2
10288,1920.0,8.5,10.2
10320,1920.0,8.5,10.2
10346,1920.0,8.5,10.2
10374,1900.0,8.5,10.2
10401,1900.0,8.5,10.2
10429,1880.0,8.5,10.2
10457,1900.0,8.5,10.2
10495,1900.0,8.5,10.2
10531,1920.0,8.5,10.2
10560,1900.0,8.5,10.2
10586,1900.0,8.5,10.2
10636,1920.0,8.5,10.2
10664,1900.0,8.5,10.2
10692,1920.0,8.5,10.2
10717,1920.0,8.5,10.2
10745,1900.0,8.5,10.2
10770,1900.0,8.5,10.2
10809,1900.0,8.5,10.2
10838,1900.0,8.5,10.2
10867,1920.0,8.5,10.2
10895,1900.0,8.5,10.2
10922,1920.0,8.5,10.2
10947,1920.0,8.5,10.2
10973,1900.0,8.5,10.2
11013,1920.0,8.5,10.2
11036,1920.0,8.5,10.2
11065,1920.0,8.5,10.2
11091,1900.0,8.5,10.2
11139,1920.0,8.5,10.2
11163,1920.0,8.5,10.2
11188,1920.0,8.5,10.2
11214,1900.0,8.5,10.2
11239,1900.0,8.5,10.2
11267,1920.0,8.5,10.2
11292,1920.0,8.5,10.2
11322,1920.0,8.5,10.2
11350,1920.0,8.5,10.2
11379,1900.0,8.5,10.2
11408,1900.0,8.5,10.2
11436,1900.0,8.5,10.2
11466,1900.0,8.5,10.2
11495,1900.0,8.5,10.2
11537,1900.0,8.5,10.2
11573,1920.0,8.5,10.2
11609,1920.0,8.5,10.2
11658,1900.0,8.5,10.2
11689,1900.0,8.5,10.2
11716,1900.0,8.5,10.2
11744,1900.0,8.5,10.2
11773,1920.0,8.5,10.2
11798,1920.0,8.5,10.2
11834,1900.0,8.5,10.2
11874,1920.0,8.5,10.2
11907,1900.0,8.5,10.2
11933,1900.0,8.5,10.2
11959,1920.0,8.5,10.2
11985,1920.0,8.5,10.2
12009,1920.0,8.5,10.2
12046,1920.0,8.5,10.2
12072,1920.0,8.5,10.2
12098,1920.0,8.5,10.2
12135,1900.0,8.5,10.2
12185,1920.0,8.5,10.2
12210,1920.0,8.5,10.2
12236,1920.0,8.5,10.2
12260,1920.0,8.5,10.2
12288,1900.0,8.5,10.2
12326,1900.0,8.5,10.2
12351,1900.0,8.5,10.2
12378,1900.0,8.5,10.2
12402,1900.0,8.5,10.2
12427,1920.0,8.5,10.2
12449,1920.0,8.5,10.2
12475,1900.0,8.5,10.2
12502,1900.0,8.5,10.2
12530,1920.0,8.5,10.2
12576,1900.0,8.5,10.2
12604,1900.0,8.5,10.2
12634,1900.0,8.5,10.2
12663,1920.0,8.5,10.2
12712,1900.0,8.5,10.2
12742,1920.0,8.5,10.2
12767,1920.0,8.5,10.2
12794,1900.0,8.5,10.2
12822,1900.0,8.5,10.2
12853,1900.0,8.5,10.2
12882,1900.0,8.5,10.2
12918,1920.0,8.5,10.2
12945,1900.0,8.5,10.2
12972,1920.0,8.5,10.2
12996,1920.0,8.5,10.2
13024,1920.0,8.5,10.2
13058,1920.0,8.5,10.2
13107,1920.0,8.8,10.3
13137,1900.0,9.0,10.4
13168,1900.0,9.3,10.5
13218,1880.0,10.0,10.7
13250,1900.0,10.6,10.8
13281,1880.0,11.3,10.9
13306,1880.0,11.9,11.1
13336,1860.0,12.7,11.2
13366,1860.0,13.6,11.3
13401,1860.0,14.6,11.4
13435,1860.0,15.9,11.5
13462,1860.0,17.0,11.6
13491,1880.0,18.0,11.6
13521,1860.0,19.4,11.7
13554,1880.0,20.8,11.6
13588,1880.0,22.4,11.6
13639,1880.0,25.0,11.6
13682,1900.0,27.2,11.5
13745,1900.0,30.0,11.4
13782,1900.0,31.3,11.3
13814,1900.0,32.3,11.3
13846,1920.0,33.2,11.4
13871,1920.0,33.9,11.5
13902,1900.0,34.7,11.7
13929,1880.0,35.3,11.9
13955,1920.0,35.9,12.1
13977,1920.0,36.3,12.2
14007,1920.0,36.8,12.4
14032,1900.0,37.2,12.5
14058,1920.0,37.5,12.6
14089,1940.0,37.9,12.7
14125,1920.0,38.3,12.8
14163,1940.0,38.6,13.1
14196,1960.0,38.9,13.4
14251,1960.0,39.1,14.0
14299,1960.0,39.2,14.7
14330,1980.0,39.1,15.2
14360,1980.0,39.0,15.6
14387,1980.0,38.9,16.1
14419,1980.0,38.7,16.6
14447,2000.0,38.4,17.2
14477,2000.0,38.2,17.8
14501,1980.0,38.0,18.3
14526,1980.0,37.8,18.8
14563,2000.0,37.6,19.7
14592,1980.0,37.4,20.5
14617,1980.0,37.3,21.2
14644,2000.0,37.3,21.9
14672,2000.0,37.3,22.8
14696,1980.0,37.4,23.6
14720,1980.0,37.6,24.4
14764,1980.0,38.1,25.9
14786,1980.0,38.4,26.6
14813,1980.0,38.7,27.6
14836,1980.0,39.1,28.4
14861,1980.0,39.4,29.2
14885,1980.0,39.8,30.0
14906,1980.0,40.2,30.8
14938,1980.0,40.8,31.9
14959,1980.0,41.2,32.7
14980,1980.0,41.7,33.5
15001,1980.0,42.2,34.3
15022,1980.0,42.8,35.1
15045,1980.0,43.4,36.0
15069,1980.0,44.1,37.0
15097,1980.0,44.8,38.0
15127,1980.0,45.7,39.2
15152,2000.0,46.4,40.2
15188,1980.0,47.5,41.6
15221,1980.0,48.5,42.9
15252,2000.0,49.4,44.1
15307,2000.0,51.0,46.2
15340,1980.0,52.0,47.5
15371,1940.0,53.0,48.7
15400,1920.0,53.7,49.9
15429,1900.0,54.5,51.0
15457,1900.0,55.2,52.2
15492,1880.0,55.8,53.4
15524,1900.0,56.5,54.7
15550,1900.0,57.0,55.7
15577,1900.0,57.5,56.8
15608,1900.0,57.9,57.9
15634,1900.0,58.3,58.9
15655,1900.0,58.7,59.7
15681,1880.0,59.0,60.5
15723,1900.0,59.6,62.1
15747,1880.0,59.9,63.0
15769,1880.0,60.2,63.8
15815,1860.0,60.8,65.5
15844,1880.0,61.1,66.5
15876,1880.0,61.5,67.7
15903,1860.0,61.7,68.7
15929,1860.0,61.9,69.7
15960,1860.0,62.1,70.8
15988,1860.0,62.3,71.9
16016,1840.0,62.5,72.9
16040,1840.0,62.6,73.8
16071,1860.0,62.9,74.8
16102,1840.0,63.1,75.7
16135,1840.0,63.3,76.7
16163,1840.0,63.5,77.3
16193,1840.0,63.7,77.9
16233,1820.0,64.0,78.7
16261,1820.0,64.1,79.2
16285,1800.0,64.3,79.5
16332,1820.0,64.5,80.0
16360,1840.0,64.6,80.3
16386,1820.0,64.7,80.5
16413,1820.0,64.8,80.7
16437,1800.0,64.8,80.8
16465,1820.0,64.9,81.0
16490,1820.0,64.9,81.0
16518,1800.0,64.9,81.1
16548,1800.0,64.9,81.1
16583,1820.0,64.9,80.9
16613,1780.0,64.9,80.6
16638,1780.0,64.8,80.3
16671,1800.0,64.8,79.7
16697,1780.0,64.8,79.2
16727,1780.0,64.7,78.5
16763,1760.0,64.7,77.5
16786,1760.0,64.7,76.9
16811,1760.0,64.7,76.1
16861,1760.0,64.7,74.5
16891,1760.0,64.6,73.6
16926,1740.0,64.6,72.5
16953,1740.0,64.6,71.6
16980,1760.0,64.6,70.8
17007,1740.0,64.6,70.0
17032,1740.0,64.6,69.2
17057,1740.0,64.7,68.4
17084,1740.0,64.8,67.6
17120,1740.0,64.9,66.6
17153,1760.0,65.1,65.7
17190,1740.0,65.4,64.6
17220,1760.0,65.6,63.8
17252,1760.0,66.0,62.9
17299,1760.0,66.5,61.8
17333,1760.0,67.0,60.9
17399,1760.0,68.1,59.5
17434,1760.0,68.8,58.7
17474,1760.0,69.7,57.9
17515,1760.0,70.7,57.2
17549,1780.0,71.6,56.8
17581,1760.0,72.5,56.4
17613,1780.0,73.4,56.1
17643,1780.0,74.3,55.8
17672,1780.0,75.2,55.6
17703,1780.0,76.3,55.3
17736,1800.0,77.3,55.0
17763,1800.0,78.3,54.7
17789,1800.0,79.2,54.5
17822,1800.0,80.4,54.2
17852,1800.0,81.4,53.9
17903,1800.0,83.5,53.4
17930,1800.0,84.5,53.1
17957,1820.0,85.6,52.8
17988,1820.0,86.8,52.3
18018,1800.0,88.2,51.8
18046,1820.0,89.3,51.2
18074,1800.0,90.5,50.6
18103,1820.0,91.7,50.0
18131,1820.0,92.7,49.3
18160,1820.0,93.8,48.5
18191,1840.0,94.8,47.7
18224,1820.0,95.7,46.9
18254,1840.0,96.5,46.3
18282,1820.0,97.2,45.7
18308,1800.0,97.7,45.3
18345,1820.0,98.4,44.7
18376,1800.0,98.9,44.3
18425,1800.0,99.5,43.8
18456,1840.0,99.9,43.5
18478,1840.0,100.1,43.3
18503,1820.0,100.4,43.0
18531,1840.0,100.6,42.8
18554,1840.0,100.7,42.7
18584,1860.0,100.9,42.5
18611,1860.0,100.9,42.3
18637,1860.0,101.0,42.2
18659,1860.0,101.0,42.2
18684,1840.0,101.0,42.1
18708,1860.0,100.9,42.1
18738,1860.0,100.9,42.0
18772,1860.0,101.0,42.1
18805,1860.0,100.9,42.2
18834,1860.0,100.9,42.5
18880,1840.0,100.7,43.1
18922,1840.0,100.5,44.0
18954,1840.0,100.3,44.8
18981,1840.0,100.2,45.4
19010,1840.0,100.0,46.1
19040,1840.0,99.9,46.7
19061,1840.0,99.8,47.0
19085,1860.0,99.7,47.4
19108,1860.0,99.7,47.7
19135,1860.0,99.6,47.9
19159,1840.0,99.6,48.1
19184,1860.0,99.5,48.3
19212,1860.0,99.5,48.4
19243,1840.0,99.4,48.5
19273,1860.0,99.3,48.6
19311,1840.0,99.0,48.6
19334,1840.0,98.7,48.6
19361,1840.0,98.3,48.5
19404,1820.0,97.6,48.3
19449,1820.0,96.6,48.1
19483,1820.0,95.9,47.8
19508,1820.0,95.4,47.5
19534,1820.0,94.9,47.1
19570,1800.0,94.3,46.5
19593,1800.0,94.0,46.1
19617,1800.0,93.7,45.6
19645,1820.0,93.3,44.9
19672,1800.0,92.9,44.2
19698,1820.0,92.5,43.5
19724,1820.0,92.2,42.8
19753,1820.0,91.7,42.0
19779,1820.0,91.4,41.2
19807,1820.0,90.9,40.4
19841,1840.0,90.3,39.5
19868,1840.0,89.8,38.7
19896,1840.0,89.1,38.0
19928,1840.0,88.3,37.2
19970,1820.0,87.2,36.2
20003,1840.0,86.3,35.5
20033,1840.0,85.3,35.0
20063,1840.0,84.4,34.4
20106,1840.0,82.9,33.7
20132,1840.0,82.0,33.3
20157,1840.0,81.1,33.0
20180,1840.0,80.3,32.7
20202,1860.0,79.4,32.4
20224,1840.0,78.6,32.2
20251,1840.0,77.5,31.9
20276,1860.0,76.5,31.7
20304,1860.0,75.4,31.4
20332,1880.0,74.3,31.2
20364,1880.0,73.0,30.9
20388,1880.0,72.1,30.7
20415,1900.0,70.9,30.6
20450,1880.0,69.5,30.4
20492,1920.0,67.9,30.2
20524,1900.0,66.9,30.2
20547,1920.0,66.2,30.1
20569,1920.0,65.7,30.0
20615,1940.0,64.9,30.0
20660,1960.0,64.5,29.9
20687,1960.0,64.3,29.9
20712,1960.0,64.2,29.9
20759,1980.0,64.1,29.9
20783,1980.0,64.1,30.0
20805,1980.0,64.2,30.0
20828,1980.0,64.2,30.0
20854,2000.0,64.2,30.0
20887,2020.0,64.2,30.0
20931,2000.0,64.2,30.0
20968,2040.0,64.2,30.0
21010,2040.0,64.2,30.0
21035,2040.0,64.2,30.0
21059,2060.0,64.2,30.0
21083,2040.0,64.2,30.0
21104,2040.0,64.2,30.0
21141,2060.0,64.2,30.0
21170,2060.0,64.2,30.0
21196,2080.0,64.2,30.0
21222,2060.0,64.2,30.0
21250,2040.0,64.2,30.0
21279,1960.0,64.2,29.9
21303,1920.0,64.2,29.9
21329,1920.0,64.2,29.9
21353,1920.0,64.2,29.9
21377,1940.0,64.2,29.9
21405,1940.0,64.2,29.9
21431,1960.0,64.2,30.0
21455,1960.0,64.2,30.0
21498,1940.0,64.2,30.0
21543,1840.0,64.2,29.9
21566,1840.0,64.2,29.9
21592,1860.0,64.2,29.9
21617,1860.0,64.2,29.9
21646,1880.0,64.2,29.9
21672,1900.0,64.2,29.9
21698,1900.0,64.2,29.9
21723,1900.0,64.2,29.9
21749,1920.0,64.2,29.9
21780,1940.0,64.2,29.9
21806,1940.0,64.2,29.9
21831,1940.0,64.2,29.9
21856,1960.0,64.2,29.9
21878,1960.0,64.2,29.9
21905,1960.0,64.2,29.9
21932,1960.0,64.2,29.9
21960,2000.0,64.2,29.9
21981,2000.0,64.2,29.9
22012,1980.0,64.2,29.9
22053,2000.0,64.2,29.9
22076,2000.0,64.2,29.9
22101,2020.0,64.2,29.9
22126,2020.0,64.2,29.9
22157,2020.0,64.2,29.9
22188,2040.0,64.2,29.9
22221,2020.0,64.2,29.9
22244,2020.0,64.2,29.9
22270,2040.0,64.2,29.9
22294,2040.0,64.2,29.9
22319,2020.0,64.2,29.9
22344,2020.0,64.2,29.9
22369,2040.0,64.2,29.9
22392,2040.0,64.2,29.9
22419,2040.0,64.2,29.9
22446,2040.0,64.2,29.9
22472,2040.0,64.2,29.9
22494,2040.0,64.2,29.9
22524,2040.0,64.2,29.9
22570,2040.0,64.2,29.9
22595,2040.0,64.2,29.9
22620,2040.0,64.2,29.9
22652,2040.0,64.2,29.9
22682,2040.0,64.2,29.9
22707,2040.0,64.2,29.9
22739,2040.0,64.2,29.9
22763,2040.0,64.2,29.9
22787,2040.0,64.2,29.9
22815,2060.0,64.2,29.9
22838,2060.0,64.2,29.9
22867,2040.0,64.2,29.9
22893,2040.0,64.2,29.9
22929,2060.0,64.2,29.9
22958,2040.0,64.2,29.9
22986,2060.0,64.2,29.9
23011,2040.0,64.2,29.9
23040,2040.0,64.2,29.9
23082,2040.0,64.2,29.9
23104,2040.0,64.2,29.9
23128,2040.0,64.2,29.9
23154,2060.0,64.2,29.9
23180,2060.0,64.2,29.9
23206,2040.0,64.2,29.9
23229,2040.0,64.2,29.9
23258,2060.0,64.2,29.9
23281,2060.0,64.2,29.9
23305,2020.0,64.2,29.9
23332,2040.0,64.2,29.9
23356,2060.0,64.2,29.9
23381,2040.0,64.2,29.9
23403,2040.0,64.2,29.9
23432,2040.0,64.2,29.9
23458,2060.0,64.2,29.9
23483,2040.0,64.2,29.9
23512,2040.0,64.2,29.9
23537,2060.0,64.2,29.9
23568,2060.0,64.2,29.9
23612,2040.0,64.2,29.9
23634,2040.0,64.2,29.9
23656,2040.0,64.2,29.9
23684,2040.0,64.2,29.9
23706,2040.0,64.2,29.9
23730,2040.0,64.2,29.9
23753,2040.0,64.2,29.9
23782,2040.0,64.2,29.9
23806,2040.0,64.2,29.9
23830,2040.0,64.2,29.9
23854,2040.0,64.2,29.9
23877,2040.0,64.2,29.9
23901,2020.0,64.2,29.9
23930,2040.0,64.2,29.9
23957,2060.0,64.2,29.9
23993,2040.0,64.2,29.9
24014,2040.0,64.2,29.9
24041,2040.0,64.2,29.9
24063,2040.0,64.2,29.9
24095,2020.0,64.2,29.9
24136,2040.0,64.2,29.9
24162,2000.0,64.2,29.9
24194,1940.0,64.2,29.9
24224,1900.0,64.2,29.9
24250,1900.0,64.2,29.9
24275,1900.0,64.2,29.9
24310,1920.0,64.2,29.9
24337,1920.0,64.2,29.9
24367,1940.0,64.2,29.9
24392,1940.0,64.2,29.9
24420,1940.0,64.2,29.9
24465,1960.0,64.2,29.9
24495,1960.0,64.2,29.9
24524,1980.0,64.2,29.9
24552,2000.0,64.2,29.9
24593,1980.0,64.2,29.9
24634,2020.0,64.2,29.9
24679,2020.0,64.2,29.9
24708,2000.0,64.2,29.9
24732,2020.0,64.2,29.9
24756,2040.0,64.2,29.9
24779,2020.0,64.2,29.9
24806,2000.0,64.2,29.9
24831,2020.0,64.2,29.9
24856,2040.0,64.2,29.9
24880,2020.0,64.2,29.9
24905,2020.0,64.2,29.9
24931,2040.0,64.2,29.9
24956,2040.0,64.2,29.9
24980,2040.0,64.2,29.9
25003,2040.0,64.2,29.9
25028,2020.0,64.2,29.9
25053,2040.0,64.2,29.9
25076,2040.0,64.2,29.9
25107,2020.0,64.2,29.9
25138,2040.0,64.2,29.9
25183,2040.0,64.2,29.9
25212,2040.0,64.2,29.9
25235,2040.0,64.2,29.9
25256,2040.0,64.2,29.9
25279,2060.0,64.2,29.9
25303,2040.0,64.2,29.9
25325,2040.0,64.2,29.9
25350,2060.0,64.2,29.9
25380,2040.0,64.2,29.9
25405,2060.0,64.2,29.9
25432,2040.0,64.2,29.9
25460,2040.0,64.2,29.9
25488,2040.0,64.2,29.9
25516,2040.0,64.2,29.9
25544,2060.0,64.2,29.9
25567,2060.0,64.2,29.9
25592,2040.0,64.2,29.9
25615,2040.0,64.2,29.9
25658,2040.0,64.2,29.9
25705,2040.0,64.2,29.9
25742,2040.0,64.2,29.9
25770,2040.0,64.2,29.9
25793,2040.0,64.2,29.9
25817,2040.0,64.2,29.9
25849,2040.0,64.2,29.9
25883,2040.0,64.2,29.9
25921,2060.0,64.1,29.9
25954,2060.0,64.0,29.7
25985,2060.0,63.9,29.5
26011,2060.0,63.7,29.2
26040,2040.0,63.5,28.9
26066,2060.0,63.3,28.5
26096,2040.0,63.0,27.9
26122,2040.0,62.8,27.4
26152,2040.0,62.6,26.8
26196,2040.0,62.4,25.9
26254,2040.0,62.4,24.5
26283,2060.0,62.5,23.9
26315,2060.0,62.7,23.3
26341,2060.0,62.9,22.8
26372,2060.0,63.3,22.2
26406,2040.0,63.9,21.7
26444,2060.0,64.5,21.3
26472,2060.0,64.8,21.0
26499,2080.0,65.2,20.8
26527,2080.0,65.6,20.7
26555,2080.0,65.8,20.6
26580,2080.0,66.0,20.5
26605,2100.0,66.2,20.5
26627,2100.0,66.3,20.4
26649,2100.0,66.4,20.4
26676,2080.0,66.5,20.4
26719,2100.0,66.6,20.4
26776,2120.0,66.6,20.4
26809,2120.0,66.6,20.4
26839,2120.0,66.6,20.4
26867,2120.0,66.6,20.4
26896,2120.0,66.6,20.4
26930,2100.0,66.6,20.4
26969,2100.0,66.6,20.4
26999,2100.0,66.5,20.5
27025,2100.0,66.3,20.7
27056,2080.0,66.1,21.0
27079,2080.0,65.9,21.3
27103,2080.0,65.5,21.7
27129,2060.0,65.1,22.1
27153,2080.0,64.6,22.6
27176,2080.0,64.0,23.1
27203,2040.0,63.4,23.6
27251,2060.0,62.0,24.8
27307,2040.0,60.2,26.4
27337,2040.0,59.3,27.2
27366,2040.0,58.2,28.1
27393,2040.0,57.4,28.8
27421,2060.0,56.6,29.6
27450,2040.0,55.7,30.4
27479,2060.0,54.8,31.1
27516,2040.0,53.8,32.2
27548,2060.0,53.0,33.1
27585,2040.0,52.2,34.2
27609,2040.0,51.7,34.9
27637,2040.0,51.1,35.8
27666,2060.0,50.6,36.7
27697,2040.0,50.1,37.7
27725,2060.0,49.8,38.6
27769,2020.0,49.3,40.3
27816,1980.0,49.1,42.2
27838,1960.0,49.0,43.1
27862,1960.0,49.0,44.2
27886,1960.0,49.0,45.3
27911,1960.0,49.2,46.6
27935,1940.0,49.3,47.7
27960,1960.0,49.4,48.9
27986,1960.0,49.6,50.3
28013,1940.0,49.9,51.7
28038,1940.0,50.1,53.1
28063,1940.0,50.3,54.4
28092,1940.0,50.7,56.1
28119,1940.0,51.0,57.6
28147,1920.0,51.4,59.3
28174,1900.0,51.7,60.9
28198,1900.0,52.0,62.4
28224,1880.0,52.3,63.9
28251,1880.0,52.7,65.6
28287,1900.0,53.1,67.9
28341,1880.0,53.8,71.4
28376,1880.0,54.2,73.7
28405,1880.0,54.7,75.7
28432,1880.0,55.1,77.5
28465,1880.0,55.4,79.5
28554,1880.0,56.9,85.4
28624,1880.0,58.1,90.0
28671,1860.0,59.0,93.3
28721,1840.0,59.9,96.6
28769,1840.0,60.8,99.9
28834,1840.0,62.0,104.4
28922,1800.0,63.4,109.7
28976,1840.0,64.1,111.9
29057,1760.0,64.6,113.6
29115,1700.0,64.8,113.9
29177,1660.0,64.9,113.8
29231,1680.0,64.9,113.6
29283,1700.0,64.9,113.5
29343,1680.0,64.8,113.3
29415,1680.0,64.7,113.1
29464,1680.0,64.6,113.1
29510,1680.0,64.6,113.1
29566,1700.0,64.4,113.1
29624,1680.0,64.4,113.2
29664,1700.0,64.3,113.2
29700,1700.0,64.3,113.2
29726,1700.0,64.2,113.1
29754,1700.0,64.1,112.9
29785,1700.0,63.9,112.6
29807,1700.0,63.7,112.3
29829,1700.0,63.6,112.1
29862,1720.0,63.2,111.7
29909,1700.0,62.7,111.0
29933,1700.0,62.4,110.6
29969,1720.0,61.9,110.1
29994,1720.0,61.5,109.8
30026,1740.0,61.0,109.4
30054,1720.0,60.5,109.0
30078,1720.0,60.1,108.7
30105,1700.0,59.7,108.4
30131,1720.0,59.2,108.2
30156,1720.0,58.7,107.9
30178,1720.0,58.3,107.7
30204,1720.0,57.8,107.5
30234,1720.0,57.2,107.3
30268,1720.0,56.5,107.1
30300,1740.0,55.8,106.9
30329,1740.0,55.2,106.9
30371,1720.0,54.4,107.1
30429,1740.0,53.3,107.6
30462,1720.0,52.7,108.0
30501,1740.0,52.1,108.5
30532,1740.0,51.8,108.7
30558,1740.0,51.5,108.9
30585,1760.0,51.3,109.0
30610,1760.0,51.2,109.1
30635,1740.0,51.1,109.1
30663,1760.0,51.0,109.0
30685,1760.0,51.0,109.0
30708,1760.0,51.0,109.0
30730,1760.0,51.0,109.0
30761,1760.0,51.0,109.0
30789,1780.0,51.0,109.0
30812,1780.0,51.0,109.0
30838,1780.0,51.0,109.0
30860,1780.0,51.0,109.0
30892,1780.0,51.1,109.0
30947,1780.0,51.1,109.0
30971,1780.0,51.1,109.0
30995,1780.0,51.1,109.0
31029,1800.0,51.1,109.0
31054,1800.0,51.1,109.0
31081,1800.0,51.1,109.0
31106,1800.0,51.1,109.0
31133,1800.0,51.1,109.0
31166,1780.0,51.1,109.0
31196,1780.0,51.1,108.9
31220,1780.0,51.1,108.9
31244,1780.0,51.1,108.9
31278,1760.0,51.2,108.9
31304,1760.0,51.2,108.8
31329,1760.0,51.2,108.8
31360,1760.0,51.2,108.8
31400,1760.0,51.3,108.7
31453,1780.0,51.3,108.6
31483,1760.0,51.3,108.6
31518,1740.0,51.3,108.5
31558,1760.0,51.3,108.4
31589,1820.0,51.3,108.4
31613,1820.0,51.3,108.4
31641,1760.0,51.4,108.4
31672,1780.0,51.4,108.4
31696,1780.0,51.4,108.4
31728,1780.0,51.4,108.4
31759,1780.0,51.4,108.4
31795,1780.0,51.3,108.4
31827,1780.0,51.3,108.4
31849,1780.0,51.3,108.4
31871,1780.0,51.3,108.4
31899,1760.0,51.3,108.4
31932,1760.0,51.3,108.4
31979,1760.0,51.3,108.3
32006,1740.0,51.3,108.3
32037,1780.0,51.3,108.3
32064,1760.0,51.3,108.3
32091,1760.0,51.3,108.3
32115,1740.0,51.2,108.3
32140,1760.0,51.2,108.3
32166,1760.0,51.2,108.3
32192,1760.0,51.2,108.3
32216,1760.0,51.2,108.2
32240,1760.0,51.1,108.2
32264,1780.0,51.1,108.3
32289,1780.0,51.1,108.3
32310,1780.0,51.1,108.3
32335,1780.0,51.0,108.3
32361,1780.0,51.0,108.3
32386,1800.0,51.0,108.3
32413,1780.0,51.0,108.4
32447,1780.0,51.0,108.4
32498,1800.0,51.0,108.5
32529,1800.0,51.0,108.6
32569,1800.0,51.0,108.6
32594,1820.0,51.0,108.7
32620,1820.0,51.0,108.7
32644,1800.0,51.0,108.8
32668,1800.0,51.0,108.8
32697,1820.0,51.1,108.8
32722,1820.0,51.1,108.8
32750,1820.0,51.1,108.8
32782,1820.0,51.1,108.8
32817,1800.0,51.1,108.7
32848,1820.0,51.2,108.6
32878,1820.0,51.3,108.4
32903,1820.0,51.4,108.2
32932,1800.0,51.6,107.9
32970,1800.0,51.9,107.4
33025,1800.0,52.3,106.3
33058,1780.0,52.7,105.5
33087,1780.0,53.0,104.7
33112,1780.0,53.4,103.9
33142,1760.0,53.8,103.0
33167,1760.0,54.2,102.2
33191,1760.0,54.6,101.3
33219,1780.0,55.1,100.3
33244,1780.0,55.5,99.3
33269,1760.0,56.0,98.4
33297,1780.0,56.5,97.2
33321,1780.0,57.1,96.1
33344,1760.0,57.6,95.0
33366,1780.0,58.1,94.1
33389,1780.0,58.6,93.0
33411,1780.0,59.1,92.0
33437,1800.0,59.7,90.9
33461,1780.0,60.3,89.6
33491,1780.0,60.9,88.2
33534,1800.0,62.0,86.1
33561,1800.0,62.7,84.7
33589,1800.0,63.4,83.3
33619,1800.0,64.2,81.7
33649,1800.0,64.9,80.3
33680,1800.0,65.7,78.5
33705,1800.0,66.4,77.2
33732,1800.0,67.1,75.8
33756,1800.0,67.6,74.6
33785,1780.0,68.3,73.2
33812,1780.0,68.9,71.9
33838,1800.0,69.4,70.7
33863,1800.0,69.8,69.7
33891,1820.0,70.3,68.5
33927,1780.0,70.8,66.9
33951,1780.0,71.1,65.9
33979,1800.0,71.4,64.9
34013,1800.0,71.6,63.5
34065,1800.0,71.8,61.5
34098,1800.0,71.7,60.2
34132,1800.0,71.6,59.0
34164,1780.0,71.4,57.8
34201,1780.0,71.1,56.5
34226,1800.0,71.0,55.8
34255,1800.0,70.7,55.0
34281,1800.0,70.5,54.3
34315,1800.0,70.3,53.8
34349,1780.0,70.2,53.3
34382,1800.0,70.1,53.0
34413,1840.0,70.1,52.9
34446,1800.0,70.3,53.0
34478,1780.0,70.5,53.2
34504,1780.0,70.8,53.4
34541,1800.0,71.3,53.8
34601,1780.0,72.5,54.7
34629,1760.0,73.1,55.2
34652,1780.0,73.6,55.6
34679,1780.0,74.2,56.1
34707,1760.0,75.0,56.6
34743,1780.0,76.0,57.3
34773,1800.0,76.8,57.9
34801,1800.0,77.6,58.4
34835,1800.0,78.6,59.0
34865,1820.0,79.4,59.4
34892,1820.0,80.2,59.8
34919,1800.0,80.9,60.1
34949,1820.0,81.7,60.4
34975,1820.0,82.5,60.6
35003,1820.0,83.2,60.8
35029,1840.0,83.9,60.9
35061,1820.0,84.7,60.9
35112,1840.0,85.7,60.8
35136,1820.0,86.2,60.6
35158,1820.0,86.5,60.4
35182,1820.0,86.8,60.1
35205,1820.0,87.1,59.8
35227,1820.0,87.3,59.5
35250,1820.0,87.5,59.2
35282,1820.0,87.8,58.7
35313,1800.0,87.9,58.2
35343,1820.0,88.0,57.7
35369,1820.0,88.0,57.3
35395,1820.0,88.0,56.9
35422,1820.0,87.9,56.4
35447,1800.0,87.7,56.1
35471,1820.0,87.5,55.7
35493,1820.0,87.3,55.4
35517,1840.0,87.0,55.2
35543,1840.0,86.7,54.9
35585,1820.0,86.2,54.5
35636,1820.0,85.4,54.1
35665,1840.0,85.0,53.8
35690,1820.0,84.6,53.6
35717,1820.0,84.1,53.3
35744,1840.0,83.6,53.0
35770,1820.0,83.1,52.6
35806,1800.0,82.3,52.1
35836,1820.0,81.6,51.7
35865,1800.0,80.9,51.2
35889,1800.0,80.3,50.8
35912,1800.0,79.7,50.3
35935,1800.0,79.1,49.9
35961,1800.0,78.3,49.5
35988,1800.0,77.5,49.0
36016,1800.0,76.7,48.4
36044,1800.0,75.9,47.9
36093,1800.0,74.4,46.9
36144,1800.0,72.8,46.0
36172,1800.0,72.0,45.5
36198,1820.0,71.2,45.1
36227,1820.0,70.5,44.8
36251,1820.0,69.9,44.5
36278,1820.0,69.3,44.4
36309,1820.0,68.8,44.2
36347,1840.0,68.2,44.0
36368,1840.0,68.0,43.9
36389,1840.0,67.8,43.8
36409,1840.0,67.6,43.7
36432,1840.0,67.4,43.6
36455,1860.0,67.3,43.6
36476,1860.0,67.3,43.5
36498,1860.0,67.2,43.5
36520,1860.0,67.2,43.4
36545,1880.0,67.2,43.4
36568,1880.0,67.3,43.4
36602,1880.0,67.3,43.4
36648,1880.0,67.3,43.4
36671,1900.0,67.3,43.4
36693,1900.0,67.3,43.4
36718,1880.0,67.3,43.4
36741,1880.0,67.3,43.4
36767,1900.0,67.3,43.4
36791,1900.0,67.3,43.4
36817,1900.0,67.3,43.4
36848,1900.0,67.3,43.4
36884,1900.0,67.3,43.4
36916,1900.0,67.3,43.4
36950,1880.0,67.2,43.5
36984,1880.0,67.0,43.6
37010,1900.0,66.8,43.7
37035,1880.0,66.6,43.8
37056,1880.0,66.4,43.9
37076,1880.0,66.2,44.0
37097,1880.0,66.0,44.2
37125,1880.0,65.7,44.4
37180,1880.0,65.0,44.9
37202,1880.0,64.7,45.1
37225,1880.0,64.4,45.4
37249,1900.0,64.1,45.7
37271,1880.0,63.8,46.0
37295,1880.0,63.5,46.4
37321,1880.0,63.2,46.8
37354,1880.0,62.7,47.3
37378,1880.0,62.3,47.7
37399,1880.0,62.0,48.1
37424,1880.0,61.6,48.5
37449,1860.0,61.2,49.0
37471,1860.0,60.7,49.5
37497,1860.0,60.3,50.1
37523,1860.0,59.8,50.7
37551,1860.0,59.3,51.4
37575,1860.0,59.0,52.0
37604,1840.0,58.8,52.7
37638,1840.0,58.6,53.5
37690,1840.0,58.9,54.8
37715,1840.0,59.1,55.3
37740,1820.0,59.5,56.0
37766,1820.0,59.9,56.5
37791,1820.0,60.4,57.0
37820,1840.0,61.0,57.7
37847,1840.0,61.5,58.3
37870,1860.0,62.0,58.8
37892,1860.0,62.5,59.4
37915,1840.0,63.0,60.0
37934,1840.0,63.4,60.5
37954,1840.0,63.9,61.0
37972,1840.0,64.4,61.5
37990,1840.0,64.8,62.1
38011,1860.0,65.3,62.8
38031,1840.0,65.9,63.5
38049,1840.0,66.4,64.2
38070,1840.0,67.0,64.9
38097,1860.0,67.7,65.9
38122,1860.0,68.5,66.9
38155,1860.0,69.4,68.2
38205,1820.0,70.8,70.2
38229,1800.0,71.5,71.2
38253,1800.0,72.3,72.1
38277,1780.0,72.9,73.0
38306,1780.0,73.8,74.1
38338,1780.0,74.7,75.2
38374,1780.0,75.7,76.5
38408,1760.0,76.6,77.7
38435,1760.0,77.4,78.7
38460,1780.0,78.0,79.6
38483,1780.0,78.6,80.5
38506,1760.0,79.2,81.4
38527,1760.0,79.7,82.2
38551,1760.0,80.2,83.2
38573,1760.0,80.7,84.0
38601,1740.0,81.4,85.2
38631,1740.0,82.0,86.4
38667,1740.0,82.7,87.8
38716,1720.0,83.7,89.9
38743,1720.0,84.2,91.0
38771,1720.0,84.7,92.2
38801,1720.0,85.3,93.5
38831,1700.0,85.8,94.8
38865,1680.0,86.4,96.1
38897,1660.0,87.0,97.3
38927,1660.0,87.6,98.5
38957,1660.0,88.3,99.6
38999,1640.0,89.2,100.8
39028,1600.0,90.1,101.8
39057,1600.0,90.8,102.7
39084,1600.0,91.5,103.4
39113,1600.0,92.4,104.1
39141,1580.0,93.2,104.7
39174,1580.0,94.2,105.5
39226,1580.0,95.8,106.6
39260,1580.0,96.8,107.2
39289,1560.0,97.7,107.8
39318,1560.0,98.7,108.3
39347,1560.0,99.5,108.8
39382,1560.0,100.5,109.5
39414,1580.0,101.4,110.0
39443,1580.0,102.2,110.5
39469,1560.0,103.0,111.0
39494,1560.0,103.6,111.4
39524,1560.0,104.3,112.0
39548,1560.0,104.9,112.4
39573,1580.0,105.5,112.9
39596,1580.0,106.0,113.4
39624,1560.0,106.6,114.0
39649,1580.0,107.2,114.6
39682,1580.0,107.8,115.4
39733,1560.0,108.8,116.7
39757,1580.0,109.1,117.4
39792,1560.0,109.7,118.4
39819,1580.0,110.1,119.2
39844,1580.0,110.4,120.0
39872,1580.0,110.7,120.8
39906,1580.0,111.2,121.8
39932,1580.0,111.6,122.5
39957,1580.0,111.9,123.3
39983,1580.0,112.3,124.0
40004,1580.0,112.6,124.5
40026,1580.0,113.0,125.1
40055,1580.0,113.4,125.8
40081,1580.0,113.8,126.4
40112,1600.0,114.3,127.1
40140,1580.0,114.7,127.7
40166,1600.0,115.0,128.3
40202,1600.0,115.4,128.9
40256,1600.0,115.9,129.7
40280,1600.0,116.1,129.9
40313,1620.0,116.3,130.3
40337,1620.0,116.4,130.4
40360,1620.0,116.5,130.5
40392,1620.0,116.6,130.6
40421,1600.0,116.7,130.6
40446,1620.0,116.8,130.6
40473,1640.0,116.8,130.6
40501,1620.0,116.8,130.5
40533,1620.0,116.8,130.5
40575,1620.0,116.8,130.5
40604,1620.0,116.8,130.5
40637,1620.0,116.8,130.5
40666,1620.0,116.8,130.5
40692,1600.0,116.8,130.5
40722,1600.0,116.8,130.5
40771,1620.0,116.9,130.8
40867,1620.0,117.2,131.1
40907,1620.0,117.3,131.1
40927,1620.0,117.3,131.1
40948,1640.0,117.2,131.2
40971,1640.0,117.0,131.2
40999,1620.0,116.7,131.3
41020,1620.0,116.4,131.3
41045,1640.0,115.9,131.4
41069,1640.0,115.5,131.5
41095,1620.0,115.0,131.6
41125,1640.0,114.5,131.7
41150,1660.0,114.1,131.8
41171,1660.0,113.9,131.9
41197,1680.0,113.6,131.9
41226,1680.0,113.3,132.0
41250,1660.0,113.2,132.0
41276,1700.0,113.0,132.1
41301,1720.0,112.9,132.1
41325,1680.0,112.9,132.1
41354,1660.0,112.8,132.1
41388,1660.0,112.8,132.2
41420,1660.0,112.8,132.2
41442,1660.0,112.8,132.2
41476,1680.0,112.8,132.2
41500,1660.0,112.8,132.2
41522,1660.0,112.8,132.2
41545,1660.0,112.8,132.1
41569,1660.0,112.8,132.1
41590,1660.0,112.8,132.1
41614,1660.0,112.8,132.1
41655,1660.0,112.8,132.1
41680,1640.0,112.8,132.1
41703,1660.0,112.8,132.1
41733,1660.0,112.9,132.1
41756,1660.0,112.9,132.1
41782,1660.0,112.9,132.1
41804,1660.0,112.9,132.1
41830,1640.0,112.9,132.1
41857,1640.0,112.9,132.1
41892,1640.0,112.9,132.1
41930,1660.0,112.9,132.1
41950,1660.0,112.9,132.1
41972,1640.0,112.9,132.1
41993,1640.0,112.9,132.1
42016,1640.0,112.9,132.1
42040,1660.0,112.9,132.1
42076,1640.0,112.9,132.1
42099,1640.0,112.9,132.1
42124,1660.0,112.9,132.1
42153,1640.0,112.9,132.1
42179,1640.0,112.9,132.1
42215,1620.0,112.9,132.1
42249,1640.0,112.9,132.1
42272,1580.0,112.9,132.1
42299,1520.0,112.9,132.1
42322,1520.0,112.9,132.1
42347,1520.0,112.9,132.1
42377,1540.0,112.9,132.1
42413,1560.0,112.9,132.1
42452,1560.0,112.9,132.1
42476,1560.0,112.9,132.1
42501,1560.0,112.9,132.1
42525,1580.0,112.9,132.1
42549,1600.0,112.9,132.1
42572,1580.0,112.9,132.1
42592,1580.0,112.9,132.1
42614,1600.0,112.9,132.1
42637,1600.0,112.9,132.1
42661,1600.0,112.9,132.1
42684,1600.0,112.9,132.1
42711,1600.0,112.9,132.1
42734,1600.0,112.9,132.1
42766,1620.0,112.9,132.1
42789,1620.0,112.9,132.1
42816,1620.0,112.9,132.1
42838,1620.0,112.9,132.1
42860,1620.0,112.9,132.1
42886,1620.0,112.9,132.1
42917,1620.0,112.9,132.1
42950,1640.0,112.9,132.1
42977,1620.0,112.9,132.1
42997,1620.0,112.9,132.1
43019,1640.0,112.9,132.1
43041,1620.0,112.9,132.1
43061,1620.0,112.9,132.1
43083,1640.0,112.9,132.1
43105,1620.0,112.9,132.1
43127,1640.0,112.9,132.1
43150,1620.0,112.9,132.1
43174,1640.0,112.9,132.1
43194,1640.0,112.9,132.1
43214,1640.0,112.9,132.1
43241,1640.0,112.9,132.1
43279,1640.0,112.9,132.1
43306,1640.0,112.9,132.1
43343,1640.0,113.1,132.1
43371,1640.0,113.3,132.0
43407,1620.0,113.7,131.9
43458,1620.0,114.4,131.8
43525,1620.0,115.6,131.7
43553,1620.0,116.1,131.6
43579,1620.0,116.5,131.5
43606,1640.0,116.9,131.3
43635,1620.0,117.4,131.1
43664,1620.0,117.8,131.0
43695,1640.0,118.3,130.8
43724,1620.0,118.8,130.6
43757,1620.0,119.3,130.6
43790,1620.0,119.7,130.6
43817,1620.0,120.1,130.7
43850,1600.0,120.5,130.8
43883,1620.0,120.9,130.9
43922,1620.0,121.4,131.0
43960,1640.0,121.7,130.9
43993,1640.0,121.8,130.8
44033,1660.0,121.9,130.7
44061,1660.0,121.8,130.7
44087,1660.0,121.6,130.7
44115,1660.0,121.4,130.8
44147,1680.0,121.0,130.7
44175,1680.0,120.6,130.7
44206,1700.0,120.1,130.6
44232,1660.0,119.6,130.5
44254,1660.0,119.2,130.4
44275,1660.0,118.7,130.3
44312,1680.0,117.9,130.0
44339,1660.0,117.3,129.8
44369,1680.0,116.5,129.6
44399,1680.0,115.8,129.5
44430,1680.0,114.9,129.3
44461,1680.0,114.0,129.2
44482,1680.0,113.4,129.1
44505,1660.0,112.7,129.0
44538,1680.0,111.7,128.8
44565,1680.0,110.9,128.6
44589,1660.0,110.2,128.4
44613,1660.0,109.4,128.3
44643,1680.0,108.5,128.0
44673,1680.0,107.6,127.7
44708,1680.0,106.5,127.3
44735,1660.0,105.6,126.9
44761,1660.0,104.8,126.5
44787,1660.0,104.1,126.0
44821,1660.0,103.0,125.3
44852,1660.0,102.0,124.6
44883,1640.0,101.1,123.7
44910,1600.0,100.2,122.9
44949,1600.0,99.1,121.7
44986,1600.0,97.9,120.4
45012,1600.0,97.1,119.4
45051,1580.0,95.9,117.9
45076,1560.0,95.1,116.9
45110,1560.0,93.9,115.4
45138,1520.0,93.0,114.3
45163,1520.0,92.1,113.1
45191,1540.0,91.1,111.8
45216,1540.0,90.2,110.6
45239,1520.0,89.4,109.5
45264,1520.0,88.6,108.4
45285,1540.0,87.8,107.3
45309,1520.0,87.0,106.1
45340,1520.0,85.8,104.6
45368,1520.0,84.8,103.2
45394,1560.0,83.8,101.8
45418,1560.0,82.9,100.6
45452,1560.0,81.6,98.9
45479,1540.0,80.6,97.5
45510,1580.0,79.3,95.7
45533,1560.0,78.5,94.5
45569,1580.0,77.1,92.6
45595,1580.0,76.2,91.2
45623,1600.0,75.1,89.6
45650,1620.0,74.1,88.2
45676,1600.0,73.2,86.8
45708,1620.0,72.0,85.2
45734,1660.0,71.0,83.7
45758,1620.0,70.1,82.4
45781,1640.0,69.3,81.2
45804,1660.0,68.5,79.9
45829,1660.0,67.7,78.7
45862,1660.0,66.7,76.9
45889,1680.0,65.8,75.4
45920,1680.0,64.9,73.8
45959,1680.0,63.8,71.8
45996,1700.0,62.7,69.7
46030,1700.0,61.9,67.8
46057,1700.0,61.3,66.3
46095,1700.0,60.5,64.1
46125,1700.0,59.8,62.3
46159,1720.0,59.1,60.3
46190,1740.0,58.6,58.5
46218,1740.0,58.2,56.9
46245,1740.0,57.7,55.5
46271,1760.0,57.3,54.0
46296,1740.0,57.1,52.8
46320,1760.0,56.8,51.6
46347,1780.0,56.6,50.4
46382,1760.0,56.4,48.8
46408,1760.0,56.3,47.6
46439,1780.0,56.2,46.2
46478,1800.0,56.3,44.5
46505,1800.0,56.4,43.3
46540,1800.0,56.7,41.8
46562,1800.0,57.0,40.9
46593,1800.0,57.5,39.5
46616,1820.0,57.9,38.6
46639,1820.0,58.4,37.5
46663,1820.0,58.9,36.6
46687,1820.0,59.5,35.5
46715,1820.0,60.3,34.3
46741,1820.0,61.0,33.2
46768,1820.0,61.8,32.0
46793,1820.0,62.5,30.9
46818,1840.0,63.2,29.8
46844,1860.0,64.0,28.7
46869,1860.0,64.7,27.5
46904,1840.0,65.8,26.0
46940,1880.0,66.8,24.4
46970,1860.0,67.7,23.0
46999,1880.0,68.5,21.8
47026,1880.0,69.4,20.5
47063,1860.0,70.5,18.8
47092,1880.0,71.2,17.6
47131,1900.0,72.1,16.0
47159,1900.0,72.7,14.9
47247,1900.0,74.2,12.1
47305,1900.0,75.1,11.1
47347,1920.0,75.8,10.7
47415,1920.0,76.4,10.2
47462,1940.0,76.6,10.1
47509,1940.0,76.7,10.1
47561,1940.0,76.7,10.1
47623,1960.0,76.7,10.1
47684,1980.0,76.7,10.3
47741,1960.0,76.6,10.8
47793,1960.0,76.6,11.7
47836,1960.0,76.6,12.7
47883,1940.0,76.7,13.9
47934,1940.0,76.7,15.5
47989,1940.0,76.8,17.4
48041,1920.0,76.8,19.4
48096,1940.0,76.9,21.7
48150,1920.0,77.0,24.2
48217,1940.0,77.1,27.3
48276,1960.0,77.2,30.2
48329,1940.0,77.3,32.9
48387,1940.0,77.4,35.9
48450,1960.0,77.4,38.8
48484,1960.0,77.5,40.1
48518,1960.0,77.5,41.2
48552,1960.0,77.5,42.0
48591,1960.0,77.6,42.8
48621,1940.0,77.5,43.3
48660,1880.0,77.6,43.9
48693,1900.0,77.6,44.3
48715,1900.0,77.6,44.6
48742,1900.0,77.6,44.9
48765,1900.0,77.6,45.1
48792,1880.0,77.6,45.4
48816,1880.0,77.6,45.6
48839,1880.0,77.6,45.8
48861,1880.0,77.6,45.9
48887,1860.0,77.7,46.1
48912,1860.0,77.7,46.3
48937,1860.0,77.7,46.4
48972,1860.0,77.6,46.6
48998,1860.0,77.6,46.7
49029,1860.0,77.6,46.9
49054,1860.0,77.6,47.0
49077,1860.0,77.6,47.1
49109,1860.0,77.6,47.2
49130,1880.0,77.5,47.3
49170,1860.0,77.5,47.4
49209,1860.0,77.4,47.5
49246,1880.0,77.4,47.6
49273,1880.0,77.3,47.6
49295,1880.0,77.3,47.6
49320,1880.0,77.3,47.7
49346,1880.0,77.2,47.8
49378,1880.0,77.2,48.0
49406,1880.0,77.1,48.2
49431,1880.0,77.0,48.6
49452,1880.0,77.0,48.9
49486,1880.0,76.9,49.6
49510,1860.0,76.9,50.2
49536,1860.0,76.8,50.8
49557,1860.0,76.8,51.4
49582,1840.0,76.7,52.2
49610,1840.0,76.7,53.1
49639,1860.0,76.6,54.2
49673,1840.0,76.6,55.4
49696,1840.0,76.5,56.3
49731,1840.0,76.4,57.7
49759,1840.0,76.3,59.0
49785,1860.0,76.2,60.2
49817,1860.0,76.1,61.6
49844,1860.0,76.0,62.8
49867,1860.0,76.0,63.9
49893,1860.0,75.9,65.0
49916,1840.0,75.9,66.0
49940,1860.0,75.9,67.1
49966,1780.0,75.8,68.1
50008,1720.0,75.9,70.1
50040,1820.0,76.0,71.4
50068,1840.0,76.1,72.5
50093,1820.0,76.3,73.5
50122,1820.0,76.7,74.7
50157,1800.0,77.2,76.1
50189,1800.0,77.7,77.4
50213,1800.0,78.1,78.4
50255,1800.0,79.0,80.2
50276,1780.0,79.5,81.0
50297,1780.0,80.0,81.9
50315,1780.0,80.4,82.6
50337,1820.0,81.0,83.5
50365,1780.0,81.7,84.6
50392,1760.0,82.4,85.7
50426,1740.0,83.4,86.9
50456,1740.0,84.3,88.0
50486,1740.0,85.1,88.9
50523,1760.0,86.2,90.2
50549,1720.0,87.0,91.0
50573,1740.0,87.8,91.7
50600,1700.0,88.7,92.6
50629,1660.0,89.7,93.5
50651,1640.0,90.4,94.2
50675,1620.0,91.3,94.9
50706,1620.0,92.4,95.9
50728,1600.0,93.2,96.6
50766,1560.0,94.7,97.7
50787,1540.0,95.5,98.4
50811,1540.0,96.4,99.1
50836,1520.0,97.5,99.9
50860,1500.0,98.5,100.6
50884,1500.0,99.4,101.3
50911,1480.0,100.5,102.1
50939,1460.0,101.6,102.9
50961,1480.0,102.5,103.6
50991,1480.0,103.6,104.3
51015,1480.0,104.6,104.9
51046,1500.0,105.8,105.6
51071,1500.0,106.7,106.3
51098,1520.0,107.7,106.9
51121,1500.0,108.5,107.4
51146,1500.0,109.4,108.1
51167,1520.0,110.1,108.6
51193,1520.0,111.0,109.3
51224,1520.0,112.1,110.2
51253,1520.0,113.1,111.0
51287,1520.0,114.3,112.0
51313,1540.0,115.1,112.7
51337,1540.0,116.0,113.4
51363,1560.0,116.8,114.1
51390,1560.0,117.6,114.8
51418,1560.0,118.4,115.5
51459,1560.0,119.4,116.5
51488,1560.0,120.0,117.1
51514,1560.0,120.5,117.6
51539,1560.0,120.9,118.1
51571,1560.0,121.3,118.5
51600,1560.0,121.6,118.9
51634,1560.0,122.0,119.4
51674,1560.0,122.4,119.9
51703,1580.0,122.7,120.2
51737,1600.0,122.9,120.5
51762,1600.0,123.1,120.6
51802,1620.0,123.3,120.8
51833,1620.0,123.4,120.8
51863,1620.0,123.4,120.9
51890,1620.0,123.5,120.9
51922,1640.0,123.5,120.9
51948,1620.0,123.5,120.9
51977,1620.0,123.5,120.9
52003,1620.0,123.5,120.9
52028,1620.0,123.5,120.9
52055,1620.0,123.5,121.0
52089,1620.0,123.5,121.0
52125,1620.0,123.5,121.0
52156,1620.0,123.5,121.0
52190,1640.0,123.5,121.1
52211,1640.0,123.5,121.1
52242,1640.0,123.5,121.1
52265,1640.0,123.5,121.2
52285,1640.0,123.5,121.2
52315,1640.0,123.6,121.2
52336,1640.0,123.6,121.2
52361,1660.0,123.6,121.2
52386,1660.0,123.6,121.2
52415,1660.0,123.6,121.2
52443,1660.0,123.6,121.2
52468,1660.0,123.6,121.2
52498,1660.0,123.6,121.2
52537,1640.0,123.6,121.2
52567,1660.0,123.6,121.2
52602,1660.0,123.5,121.1
52632,1660.0,123.4,121.0
52662,1660.0,123.3,120.8
52693,1640.0,123.1,120.5
52720,1640.0,123.0,120.2
52762,1640.0,122.7,119.6
52791,1640.0,122.5,119.1
52829,1640.0,122.2,118.5
52851,1660.0,122.0,118.2
52874,1660.0,121.8,117.9
52897,1660.0,121.7,117.7
52920,1640.0,121.5,117.5
52942,1640.0,121.4,117.4
52968,1660.0,121.3,117.3
52991,1660.0,121.3,117.2
53029,1660.0,121.2,117.1
53053,1660.0,121.1,117.1
53086,1640.0,121.1,117.1
53127,1660.0,121.2,117.2
53162,1640.0,121.4,117.4
53197,1640.0,121.7,117.7
53230,1640.0,122.0,118.2
53269,1660.0,122.4,118.8
53306,1660.0,122.8,119.5
53339,1660.0,123.2,120.2
53364,1640.0,123.4,120.8
53390,1660.0,123.7,121.4
53416,1660.0,124.0,122.0
53445,1660.0,124.4,122.8
53478,1660.0,124.7,123.6
53502,1660.0,124.9,124.0
53530,1660.0,125.2,124.5
53561,1680.0,125.4,125.0
53584,1680.0,125.6,125.2
53605,1680.0,125.7,125.4
53646,1700.0,125.9,125.7
53672,1700.0,126.0,125.8
53698,1700.0,126.1,125.9
53719,1700.0,126.2,125.9
53749,1700.0,126.2,126.0
53783,1680.0,126.3,126.0
53808,1680.0,126.3,126.0
53832,1700.0,126.3,126.0
53864,1700.0,126.3,126.0
53886,1700.0,126.2,126.0
53912,1680.0,126.2,126.0
53934,1680.0,126.2,126.0
53970,1700.0,126.2,126.0
53994,1660.0,126.2,126.0
54018,1640.0,126.2,126.0
54046,1580.0,126.2,126.0
54072,1580.0,126.2,126.0
54095,1580.0,126.2,126.0
54118,1580.0,126.2,126.0
54153,1600.0,126.2,126.0
54182,1600.0,126.2,126.0
54212,1640.0,126.2,126.0
54238,1620.0,126.2,126.0
54269,1620.0,126.2,126.0
54301,1620.0,126.2,126.0
54325,1640.0,126.2,126.0
54348,1640.0,126.2,126.0
54381,1680.0,126.2,126.0
54404,1660.0,126.2,126.0
54425,1660.0,126.2,126.0
54449,1640.0,126.2,126.0
54475,1640.0,126.2,126.0
54500,1660.0,126.2,126.0
54526,1660.0,126.2,126.0
54553,1640.0,126.2,126.0
54579,1660.0,126.2,126.0
54603,1680.0,126.2,126.0
54629,1660.0,126.2,126.0
54663,1640.0,126.2,126.0
54693,1660.0,126.2,126.0
54721,1660.0,126.2,126.0
54746,1660.0,126.2,126.0
54776,1660.0,126.2,126.0
54809,1660.0,126.2,126.0
54834,1660.0,126.2,126.0
54859,1680.0,126.2,126.0
54891,1660.0,126.2,126.0
54914,1680.0,126.2,126.0
54938,1660.0,126.2,126.0
54963,1660.0,126.2,126.0
54985,1660.0,126.2,126.0
55007,1660.0,126.2,125.9
55030,1660.0,126.2,125.9
55054,1680.0,126.2,125.9
55078,1660.0,126.2,125.9
55106,1660.0,126.2,126.0
55128,1660.0,126.2,126.0
55148,1660.0,126.2,126.0
55179,1660.0,126.2,126.0
55207,1680.0,126.2,125.9
55233,1680.0,126.2,125.9
55260,1660.0,126.2,125.9
55292,1660.0,126.2,125.9
55328,1680.0,126.2,125.9
55353,1660.0,126.2,125.9
55383,1680.0,126.2,125.9
55417,1660.0,126.2,125.9
55439,1660.0,126.2,125.9
55463,1680.0,126.2,125.9
55489,1660.0,126.2,125.9
55513,1660.0,126.2,125.9
55535,1660.0,126.2,125.9
55557,1660.0,126.2,125.9
55577,1660.0,126.2,125.9
55598,1660.0,126.2,125.9
55621,1680.0,126.2,125.9
55650,1660.0,126.2,125.9
55671,1660.0,126.2,125.9
55701,1660.0,126.2,125.9
55727,1660.0,126.2,125.9
55753,1660.0,126.2,125.9
55778,1680.0,126.2,125.9
55807,1680.0,126.2,125.9
55836,1680.0,126.2,125.9
55859,1660.0,126.2,125.9
55881,1660.0,126.2,125.9
55907,1660.0,126.2,125.9
55938,1660.0,126.2,125.9
55959,1660.0,126.2,125.9
55986,1680.0,126.2,125.9
56012,1680.0,126.2,125.9
56040,1660.0,126.2,125.9
56069,1660.0,126.1,125.9
56098,1660.0,126.1,125.8
56123,1660.0,125.9,125.6
56143,1660.0,125.8,125.5
56168,1660.0,125.6,125.3
56196,1660.0,125.4,125.0
56233,1640.0,125.0,124.5
56268,1640.0,124.5,124.1
56293,1640.0,124.2,123.7
56327,1660.0,123.6,123.0
56357,1660.0,123.1,122.5
56383,1640.0,122.7,121.9
56406,1640.0,122.2,121.4
56435,1640.0,121.7,120.7
56471,1640.0,120.9,119.8
56498,1660.0,120.3,119.1
56525,1640.0,119.7,118.4
56553,1660.0,119.1,117.6
56581,1640.0,118.4,116.8
56606,1640.0,117.8,116.1
56632,1660.0,117.1,115.3
56656,1660.0,116.5,114.5
56686,1660.0,115.7,113.6
56713,1660.0,115.0,112.8
56748,1660.0,114.0,111.7
56780,1660.0,113.1,110.7
56809,1660.0,112.3,109.7
56843,1660.0,111.3,108.6
56873,1660.0,110.4,107.5
56896,1640.0,109.7,106.7
56916,1640.0,109.1,106.0
56939,1660.0,108.4,105.2
56971,1640.0,107.4,104.1
56991,1640.0,106.8,103.3
57012,1640.0,106.1,102.6
57035,1640.0,105.4,101.8
57058,1640.0,104.7,101.0
57083,1640.0,103.9,100.0
57112,1620.0,103.0,99.0
57137,1620.0,102.2,98.0
57164,1640.0,101.4,97.0
57193,1600.0,100.4,95.8
57219,1600.0,99.6,94.8
57260,1560.0,98.2,93.1
57291,1540.0,97.2,91.9
57322,1520.0,96.2,90.6
57359,1520.0,94.8,88.9
57400,1500.0,93.3,87.0
57427,1480.0,92.3,85.8
57452,1460.0,91.4,84.7
57484,1460.0,90.2,83.2
57511,1440.0,89.2,81.9
57534,1460.0,88.4,80.9
57562,1480.0,87.3,79.7
57588,1480.0,86.3,78.4
57611,1500.0,85.5,77.3
57635,1500.0,84.6,76.3
57659,1520.0,83.7,75.2
57682,1520.0,82.9,74.3
57705,1520.0,82.2,73.5
57727,1540.0,81.4,72.6
57762,1560.0,80.3,71.4
57792,1560.0,79.4,70.4
57818,1580.0,78.6,69.6
57843,1600.0,77.8,68.9
57872,1620.0,76.9,68.2
57901,1620.0,76.1,67.5
57925,1640.0,75.3,67.0
57949,1640.0,74.6,66.5
57983,1660.0,73.6,65.9
58019,1680.0,72.5,65.4
58046,1660.0,71.7,65.0
58075,1680.0,71.0,64.7
58101,1680.0,70.4,64.5
58124,1680.0,69.8,64.3
58151,1700.0,69.3,64.1
58175,1700.0,68.8,63.9
58202,1700.0,68.4,63.7
58228,1700.0,68.0,63.6
58260,1700.0,67.6,63.4
58292,1700.0,67.1,63.2
58326,1700.0,66.8,63.1
58350,1720.0,66.5,63.0
58386,1740.0,66.2,62.8
58417,1740.0,65.8,62.7
58440,1760.0,65.6,62.7
58461,1760.0,65.5,62.6
58485,1760.0,65.3,62.5
58513,1760.0,65.2,62.5
58549,1780.0,65.1,62.6
58575,1780.0,65.2,62.7
58603,1800.0,65.3,62.9
58632,1780.0,65.4,63.3
58653,1780.0,65.6,63.6
58673,1780.0,65.8,64.0
58694,1780.0,66.0,64.5
58716,1780.0,66.2,65.0
58738,1780.0,66.4,65.5
58764,1780.0,66.7,66.2
58802,1780.0,67.2,67.4
58833,1780.0,67.6,68.4
58863,1800.0,68.0,69.3
58891,1780.0,68.3,70.3
58912,1780.0,68.7,71.0
58939,1800.0,69.1,71.9
58958,1800.0,69.4,72.5
58978,1800.0,69.7,73.2
59000,1780.0,70.1,73.9
59019,1780.0,70.4,74.6
59059,1800.0,71.2,75.9
59084,1800.0,71.7,76.7
59110,1780.0,72.2,77.5
59132,1780.0,72.7,78.2
59157,1800.0,73.3,79.0
59183,1780.0,73.9,79.7
59205,1780.0,74.4,80.3
59229,1780.0,74.9,80.8
59258,1780.0,75.5,81.5
59281,1780.0,75.9,81.9
59317,1760.0,76.5,82.6
59352,1760.0,77.0,83.2
59376,1760.0,77.3,83.5
59407,1740.0,77.7,83.9
59431,1760.0,77.9,84.1
59460,1740.0,78.2,84.4
59481,1740.0,78.4,84.6
59506,1740.0,78.7,84.8
59526,1740.0,78.8,85.0
59557,1740.0,79.1,85.2
59583,1740.0,79.3,85.4
59612,1720.0,79.5,85.6
59636,1760.0,79.7,85.7
59657,1760.0,79.8,85.8
59681,1720.0,80.0,85.9
59704,1740.0,80.1,86.0
59737,1760.0,80.2,86.1
59770,1720.0,80.1,86.1
59802,1700.0,80.0,86.2
59865,1680.0,79.5,86.1
59892,1680.0,79.1,86.0
59926,1680.0,78.7,86.0
59953,1680.0,78.4,85.9
59981,1680.0,78.0,85.9
60004,1700.0,77.7,85.8
60025,1700.0,77.4,85.8
60048,1700.0,77.0,85.7
60089,1700.0,76.4,85.6
60116,1700.0,75.9,85.6
60142,1700.0,75.5,85.5
60169,1720.0,75.0,85.4
60195,1720.0,74.6,85.3
60221,1720.0,74.1,85.0
60249,1720.0,73.6,84.7
60277,1720.0,73.1,84.3
60308,1720.0,72.6,83.9
60336,1740.0,72.1,83.4
60390,1720.0,71.1,82.3
60420,1720.0,70.6,81.7
60456,1720.0,70.0,80.9
60497,1740.0,69.4,80.0
60530,1720.0,68.9,79.2
60558,1720.0,68.4,78.5
60598,1720.0,67.8,77.5
60630,1720.0,67.2,76.5
60652,1720.0,66.7,75.8
60675,1720.0,66.3,75.0
60699,1720.0,65.8,74.3
60726,1720.0,65.2,73.3
60757,1720.0,64.5,72.3
60786,1720.0,63.8,71.2
60815,1740.0,63.1,70.2
60844,1720.0,62.4,69.1
60878,1740.0,61.5,67.9
60918,1740.0,60.4,66.4
60941,1740.0,59.8,65.6
60970,1740.0,58.8,64.4
61003,1760.0,57.8,63.2
61025,1740.0,57.0,62.4
61046,1760.0,56.3,61.5
61068,1760.0,55.5,60.6
61104,1760.0,54.2,59.2
61139,1760.0,52.8,57.8
61169,1780.0,51.6,56.6
61194,1780.0,50.7,55.6
61218,1780.0,49.8,54.5
61242,1780.0,48.8,53.5
61265,1780.0,47.9,52.6
61288,1780.0,46.9,51.5
61311,1800.0,46.1,50.6
61334,1800.0,45.1,49.6
61361,1800.0,43.9,48.4
61385,1800.0,42.9,47.3
61411,1800.0,41.8,46.2
61452,1820.0,40.0,44.4
61486,1820.0,38.5,42.9
61523,1820.0,37.1,41.5
61549,1840.0,36.3,40.6
61580,1820.0,35.4,39.6
61620,1860.0,34.4,38.5
61700,1840.0,33.0,37.0
61768,1880.0,32.1,36.2
61828,1860.0,31.6,35.9
61867,1900.0,31.4,35.7
61904,1860.0,31.2,35.5
61935,1860.0,31.0,35.4
61968,1880.0,30.9,35.2
62003,1900.0,30.8,35.1
62037,1900.0,30.8,35.0
62064,1900.0,30.7,35.0
62091,1900.0,30.6,34.9
62129,1900.0,30.4,34.9
62156,1880.0,30.2,34.8
62188,1900.0,29.8,34.7
62227,1880.0,29.2,34.6
62252,1880.0,28.7,34.5
62276,1880.0,28.1,34.4
62297,1860.0,27.5,34.4
62317,1860.0,27.0,34.3
62338,1880.0,26.4,34.2
62360,1860.0,25.7,34.0
62382,1860.0,24.9,33.9
62406,1880.0,24.1,33.8
62429,1860.0,23.2,33.6
62454,1840.0,22.2,33.5
62484,1860.0,21.0,33.3
62516,1860.0,19.6,33.0
62551,1860.0,18.1,32.8
62578,1860.0,16.8,32.6
62604,1860.0,15.7,32.4
62675,1860.0,13.0,31.9
62711,1880.0,12.1,31.8
62745,1880.0,11.5,31.6
62771,1880.0,11.1,31.6
62796,1880.0,10.8,31.5
62821,1900.0,10.6,31.5
62846,1880.0,10.4,31.5
62873,1900.0,10.3,31.4
62905,1900.0,10.2,31.4
62937,1900.0,10.2,31.4
62974,1920.0,10.3,31.4
63014,1920.0,10.6,31.5
63055,1920.0,10.9,31.5
63085,1920.0,11.1,31.6
63110,1920.0,11.2,31.6
63150,1940.0,11.3,31.6
63175,1940.0,11.3,31.6
63201,1920.0,11.2,31.6
63226,1920.0,11.0,31.6
63263,1940.0,10.6,31.5
63291,1920.0,10.2,31.4
63322,1900.0,9.6,31.3
63345,1920.0,9.2,31.2
63372,1900.0,8.7,31.2
63397,1900.0,8.3,31.1
63424,1900.0,7.9,31.0
63447,1900.0,7.8,30.9
63475,1900.0,7.8,30.8
63495,1900.0,7.9,30.7
63526,1920.0,8.0,30.7
63553,1920.0,8.2,30.7
63589,1900.0,8.3,30.7
63620,1900.0,8.5,30.8
63661,1880.0,9.0,30.8
63683,1880.0,9.3,30.9
63708,1900.0,9.7,30.9
63736,1880.0,10.3,31.0
63779,1860.0,11.3,31.1
63811,1860.0,12.1,31.2
63846,1860.0,13.1,31.3
63876,1860.0,13.9,31.3
63902,1860.0,14.5,31.4
63930,1880.0,15.0,31.5
63959,1900.0,15.5,31.5
63987,1880.0,15.8,31.5
64010,1880.0,16.0,31.6
64042,1880.0,16.3,31.6
64070,1880.0,16.5,31.6
64097,1900.0,16.6,31.6
64127,1880.0,16.7,31.6
64167,1900.0,16.8,31.6
64191,1900.0,16.8,31.6
64216,1880.0,16.8,31.6
64239,1880.0,16.8,31.6
64265,1900.0,16.8,31.6
64298,1900.0,16.8,31.6
64321,1900.0,16.8,31.6
64346,1900.0,16.8,31.6
64370,1900.0,16.7,31.6
64402,1880.0,16.7,31.6
64426,1880.0,16.7,31.6
64452,1900.0,16.7,31.6
64482,1880.0,16.7,31.6
64512,1920.0,16.7,31.6
64536,1920.0,16.7,31.6
64569,1900.0,16.7,31.6
64600,1900.0,16.7,31.6
64626,1920.0,16.7,31.6
64665,1920.0,16.7,31.6
64699,1920.0,16.7,31.6
64730,1900.0,16.7,31.6
64757,1900.0,16.8,31.6
64782,1900.0,16.9,31.6
64812,1900.0,17.2,31.6
64834,1900.0,17.4,31.6
64863,1880.0,17.8,31.6
64892,1880.0,18.3,31.6
64917,1880.0,18.8,31.6
64946,1860.0,19.4,31.7
64970,1860.0,20.0,31.7
64998,1860.0,20.8,31.8
65027,1860.0,21.7,31.9
65053,1860.0,22.6,32.0
65088,1860.0,23.8,32.2
65125,1860.0,25.1,32.4
65154,1880.0,26.2,32.6
65188,1860.0,27.4,32.9
65220,1860.0,28.3,33.0
65244,1880.0,29.0,33.1
65265,1880.0,29.5,33.2
65293,1880.0,30.0,33.3
65330,1900.0,30.4,33.3
65352,1900.0,30.6,33.3
65382,1900.0,30.8,33.4
65409,1900.0,30.8,33.3
65430,1900.0,30.7,33.3
65452,1920.0,30.6,33.3
65476,1920.0,30.5,33.3
65504,1920.0,30.4,33.3
65535,1940.0,30.3,33.3
65556,1940.0,30.2,33.3
65579,1940.0,30.1,33.3
65616,1920.0,30.0,33.2
65656,1940.0,30.0,33.2
65680,1940.0,29.9,33.2
65710,1960.0,29.9,33.2
65745,1940.0,29.9,33.2
65767,1940.0,29.9,33.2
65788,1940.0,30.0,33.2
65809,1940.0,30.0,33.2
65840,1940.0,30.0,33.2
65866,1960.0,30.0,33.2
65891,1960.0,30.0,33.2
65919,1960.0,30.0,33.2
65943,1960.0,30.0,33.2
65964,1960.0,30.0,33.2
65988,1960.0,30.0,33.2
66012,1940.0,30.0,33.2
66038,1960.0,30.0,33.2
66060,1960.0,30.0,33.2
66084,1940.0,30.0,33.2
66110,1980.0,30.0,33.2
66145,1960.0,30.0,33.2
66191,1960.0,30.0,33.2
66221,1960.0,30.0,33.2
66255,1960.0,30.0,33.2
66279,1940.0,30.0,33.2
66303,1960.0,30.0,33.2
66324,1960.0,30.0,33.2
66357,1960.0,30.0,33.2
66380,1960.0,30.0,33.2
66415,1940.0,30.0,33.2
66459,1960.0,30.0,33.2
66484,1960.0,30.0,33.2
66513,1940.0,30.0,33.2
66541,1940.0,30.0,33.2
66567,1980.0,30.0,33.2
66593,1960.0,30.0,33.2
66619,1940.0,30.0,33.2
66657,1960.0,30.0,33.2
66700,1960.0,30.0,33.2
66774,1960.0,29.6,33.2
66840,1960.0,28.7,33.1
66903,1920.0,27.7,32.9
66965,1940.0,27.0,32.8
67002,1920.0,26.7,32.8
67057,1940.0,26.4,32.7
67102,1920.0,26.3,32.7
67161,1940.0,26.2,32.7
67205,1940.0,26.2,32.7
67290,1960.0,26.1,32.7
67353,1960.0,25.6,32.6
67406,1960.0,24.9,32.5
67459,1940.0,23.7,32.3
67505,1920.0,22.4,32.2
67572,1920.0,20.2,31.8
67625,1920.0,18.4,31.5
67695,1940.0,16.5,31.2
67753,1940.0,15.4,31.1
67837,1940.0,14.0,30.8
67919,1940.0,12.9,30.7
67993,1960.0,12.3,30.6
68046,1960.0,12.1,30.4
68111,1980.0,11.9,30.3
68178,1920.0,11.8,30.2
68234,1880.0,11.7,30.1
68296,1880.0,11.5,30.0
68371,1860.0,10.8,29.4
68430,1860.0,10.1,28.6
68485,1860.0,9.9,27.9
68527,1880.0,10.2,27.5
68571,1880.0,10.4,27.3
68619,1880.0,10.5,27.2
68682,1900.0,10.4,27.2
68753,1880.0,10.2,26.9
68814,1880.0,10.2,26.5
68916,1860.0,10.0,25.6
68998,1860.0,9.7,24.8
69043,1860.0,9.7,24.5
69099,1880.0,9.6,24.4
69166,1880.0,9.5,24.4
69222,1880.0,9.3,24.2
69277,1880.0,9.2,24.0
69323,1860.0,9.1,23.8
69383,1860.0,8.9,23.5
69450,1840.0,8.6,23.2
69528,1840.0,8.1,22.8
69581,1840.0,7.8,22.6
69629,1820.0,7.5,22.5
69686,1820.0,7.4,22.5
69742,1820.0,7.2,22.6
69800,1800.0,7.0,22.7
69842,1780.0,7.0,22.6
69902,1780.0,7.1,22.6
69965,1780.0,7.0,22.6
70043,1780.0,7.2,22.6
70092,1780.0,7.4,22.6
70143,1800.0,7.6,22.6
70200,1820.0,7.9,22.6
70252,1800.0,8.5,22.6
70319,1820.0,9.7,22.6
70372,1820.0,11.0,22.6
70441,1820.0,13.1,22.6
70505,1820.0,15.2,22.6
70584,1860.0,17.4,22.5
70622,1840.0,18.1,22.5
70684,1860.0,18.9,22.5
70732,1900.0,19.0,22.4
70797,1880.0,18.6,22.4
70858,1880.0,17.6,22.3
70916,1880.0,16.5,22.3
70998,1920.0,15.1,22.3
71047,1940.0,14.6,22.2
71129,1940.0,14.1,22.3
71192,1940.0,13.7,22.2
71251,1960.0,12.9,22.2
71309,1960.0,11.6,22.2
71377,1940.0,10.0,22.1
71447,1960.0,8.4,22.0
71527,1980.0,7.5,21.9
71594,1980.0,7.5,21.9
71657,1940.0,7.6,21.9
71710,1880.0,7.7,21.9
71762,1900.0,7.9,21.9
71828,1880.0,7.9,21.9
71866,1880.0,7.9,21.9
71938,1920.0,8.0,21.9
72010,1900.0,8.6,21.9
72068,1900.0,9.6,21.9
72139,1900.0,11.1,22.0
72229,1920.0,12.9,22.0
72288,1920.0,13.8,22.0
72345,1920.0,14.2,22.0
72407,1920.0,14.5,22.0
72461,1920.0,14.6,22.0
72525,1920.0,14.7,22.0
72586,1920.0,14.4,22.0
72652,1900.0,13.6,22.0
72745,1900.0,11.9,21.9
72817,1900.0,10.6,21.9
72860,1900.0,10.1,21.9
72912,1900.0,9.7,21.9
72966,1900.0,9.4,21.9
73038,1920.0,9.1,21.8
73109,1900.0,9.1,21.8
73169,1900.0,9.1,21.8
73262,1920.0,8.8,21.8
73335,1920.0,8.2,21.8
73387,1920.0,8.0,21.8
73438,1920.0,7.8,21.8
73496,1900.0,7.9,21.8
73550,1920.0,7.9,21.8
73617,1900.0,8.0,21.8
73675,1900.0,8.0,21.8
73748,1920.0,8.0,21.8
73817,1900.0,8.0,21.8
73891,1920.0,8.0,21.8
73968,1900.0,7.8,21.8
74053,1900.0,7.2,21.9
74123,1880.0,7.0,21.9
74208,1860.0,7.2,21.9
74300,1860.0,7.5,21.9
74368,1840.0,7.7,21.9
74430,1860.0,7.7,21.9
74499,1860.0,7.8,21.9
74564,1860.0,8.2,21.9
74625,1860.0,9.0,21.9
74672,1840.0,9.9,21.9
74736,1840.0,11.6,21.9
74814,1860.0,14.2,21.9
74884,1840.0,17.0,21.9
74914,1840.0,18.3,21.9
74944,1820.0,19.7,21.9
74973,1840.0,21.0,22.0
75005,1840.0,22.5,22.0
75044,1840.0,24.4,22.0
75081,1860.0,26.1,22.1
75115,1880.0,27.5,22.1
75141,1900.0,28.4,22.1
75167,1900.0,29.2,22.2
75200,1900.0,29.9,22.2
75231,1920.0,30.5,22.2
75260,1920.0,31.0,22.2
75312,1900.0,31.7,22.2
75338,1920.0,32.0,22.1
75364,1920.0,32.3,22.1
75395,1900.0,32.6,22.1
75418,1920.0,32.8,22.1
75450,1920.0,33.0,22.0
75484,1920.0,33.2,22.0
75512,1940.0,33.4,22.0
75540,1940.0,33.5,21.9
75575,1960.0,33.7,21.9
75611,1940.0,33.8,21.9
75650,1960.0,33.8,21.8
75681,1960.0,33.8,21.8
75715,1960.0,33.8,21.8
75747,1960.0,33.7,21.9
75775,1980.0,33.6,22.1
75814,1980.0,33.4,22.3
75849,1980.0,33.2,22.5
75882,2000.0,33.0,22.8
75920,2000.0,32.6,23.3
75955,1980.0,32.2,23.8
75990,1980.0,31.7,24.4
76015,1980.0,31.3,24.9
76039,1980.0,30.9,25.5
76072,1980.0,30.2,26.3
76115,1980.0,29.2,27.5
76155,1980.0,28.3,28.7
76190,1980.0,27.4,29.8
76222,2000.0,26.5,30.8
76255,2000.0,25.5,31.9
76290,2000.0,24.4,33.0
76344,2000.0,22.7,34.5
76385,2000.0,21.3,35.6
76416,1980.0,20.5,36.2
76450,1960.0,19.6,36.8
76480,1960.0,18.9,37.3
76512,1960.0,18.3,37.7
76542,1940.0,17.8,38.2
76571,1940.0,17.3,38.5
76600,1940.0,16.8,38.8
76646,1920.0,16.2,39.2
76686,1960.0,15.8,39.6
76717,1940.0,15.4,39.8
76744,1960.0,15.1,40.0
76774,1940.0,14.9,40.2
76807,1960.0,14.7,40.3
76851,1980.0,14.5,40.5
76885,1940.0,14.4,40.5
76927,1920.0,14.4,40.5
76966,1920.0,14.4,40.4
77000,1920.0,14.4,40.4
77033,1900.0,14.4,40.4
77060,1900.0,14.3,40.4
77099,1920.0,14.3,40.3
77134,1900.0,14.3,40.3
77170,1900.0,14.3,40.3
77214,1940.0,14.2,40.3
77241,1940.0,14.2,40.3
77268,1940.0,14.2,40.3
77299,1940.0,14.2,40.3
77332,1960.0,14.2,40.2
77369,1920.0,14.2,40.2
77398,1920.0,14.2,40.2
77429,1900.0,14.2,40.2
77460,1900.0,14.1,40.0
77502,1900.0,13.9,39.6
77536,1900.0,13.7,39.1
77572,1920.0,13.4,38.6
77603,1900.0,13.1,37.9
77626,1900.0,12.9,37.6
77648,1920.0,12.7,37.2
77681,1920.0,12.6,36.8
77716,1940.0,12.4,36.5
77742,1940.0,12.3,36.3
77768,1940.0,12.3,36.1
77795,1980.0,12.2,36.0
77828,1940.0,12.1,35.9
77864,1920.0,12.1,35.8
77910,1940.0,11.9,35.4
77945,1920.0,11.7,35.0
77974,1920.0,11.5,34.7
78019,1920.0,11.2,34.0
78058,1920.0,10.8,33.4
78102,1920.0,10.3,32.5
78136,1920.0,9.9,31.9
78160,1920.0,9.8,31.5
78193,1940.0,10.0,31.1
78228,1920.0,10.2,30.8
78252,1940.0,10.3,30.7
78275,1960.0,10.4,30.6
78295,1960.0,10.4,30.6
78332,1960.0,10.4,30.5
78366,1940.0,10.3,30.4
78398,1960.0,10.2,30.3
78442,1940.0,10.1,30.0
78473,1940.0,10.1,29.7
78503,1940.0,10.1,29.4
78542,1920.0,10.1,28.9
78571,1920.0,10.1,28.5
78602,1920.0,10.1,28.0
78628,1920.0,10.1,27.6
78656,1920.0,10.1,27.2
78684,1920.0,10.1,26.8
78716,1920.0,10.1,26.4
78749,1920.0,10.0,26.1
78775,1900.0,10.0,25.9
78799,1920.0,10.0,25.7
78828,1920.0,10.0,25.5
78854,1940.0,9.9,25.3
78875,1920.0,9.9,25.2
78895,1940.0,9.9,25.0
78918,1960.0,9.8,24.9
78954,1960.0,9.8,24.8
78980,1960.0,9.7,24.7
79008,1960.0,9.6,24.5
79032,1980.0,9.5,24.2
79068,1960.0,9.3,23.8
79100,1920.0,9.0,23.4
79129,1900.0,8.7,22.9
79156,1900.0,8.3,22.4
79186,1900.0,8.0,21.7
79223,1900.0,7.6,20.9
79264,1920.0,7.2,20.0
79289,1920.0,7.1,19.6
79311,1920.0,7.1,19.2
79336,1920.0,7.1,18.9
79367,1920.0,7.1,18.6
79393,1940.0,7.0,18.4
79418,1940.0,7.0,18.2
79443,1940.0,7.0,18.1
79481,1940.0,7.0,18.0
79506,1940.0,7.0,17.9
79533,1960.0,7.0,17.9
79555,1960.0,7.0,17.8
79605,1960.0,7.0,17.8
79640,1960.0,7.0,17.9
79668,1960.0,7.0,17.9
79695,1940.0,7.0,17.9
79726,1940.0,7.0,17.8
79754,1920.0,7.0,17.6
79806,1940.0,7.4,17.2
79835,1940.0,7.7,16.9
79870,1920.0,7.9,16.5
79893,1920.0,8.0,16.2
79917,1920.0,8.1,16.0
79940,1920.0,8.2,15.8
79963,1920.0,8.2,15.7
80033,1920.0,8.2,15.4
80074,1920.0,8.3,15.3
80144,1920.0,8.3,15.2
80198,1920.0,8.3,15.3
80265,1900.0,8.3,15.3
80342,1900.0,8.3,15.2
80409,1880.0,8.0,15.0
80462,1880.0,8.0,14.8
80527,1860.0,7.8,14.3
80580,1880.0,7.7,13.8
80605,1880.0,7.6,13.7
80634,1880.0,7.6,13.5
80670,1880.0,7.6,13.3
80696,1880.0,7.5,13.3
80725,1900.0,7.6,13.2
80750,1900.0,7.6,13.2
80820,1880.0,7.6,13.2
80900,1880.0,7.5,13.2
80963,1880.0,7.4,13.3
81006,1880.0,7.3,13.4
81053,1880.0,7.1,13.6
81135,1840.0,6.7,14.1
81181,1840.0,6.5,14.3
81216,1860.0,6.4,14.5
81240,1860.0,6.4,14.6
81264,1860.0,6.4,14.6
81339,1880.0,6.5,14.7
81408,1860.0,6.5,14.6
81466,1880.0,6.5,14.3
81526,1860.0,6.5,13.9
81572,1900.0,6.5,13.7
81645,1900.0,6.5,13.6
81706,1880.0,6.5,13.6
81771,1880.0,6.5,13.5
81842,1880.0,6.4,12.9
81898,1880.0,6.3,12.2
81976,1860.0,6.2,11.0
82040,1860.0,6.4,10.6
82100,1880.0,6.6,10.8
82186,1860.0,6.6,10.9
82233,1860.0,6.6,11.0
82267,1880.0,6.6,11.1
82321,1880.0,6.9,11.5
82390,1880.0,7.3,12.2
82442,1880.0,7.9,12.9
82505,1860.0,8.8,13.8
82562,1860.0,9.7,14.6
82611,1860.0,10.4,15.3
82705,1880.0,11.0,16.1
82773,1900.0,11.0,16.4
82829,1920.0,11.0,16.5
82854,1920.0,11.0,16.5
82879,1900.0,11.0,16.5
82918,1900.0,11.0,16.5
82943,1920.0,11.0,16.5
82967,1900.0,11.0,16.4
83006,1920.0,11.0,16.4
83030,1920.0,11.0,16.4
83058,1900.0,11.0,16.4
83090,1920.0,11.0,16.4
83120,1920.0,11.0,16.4
83171,1920.0,11.0,16.4
83204,1920.0,11.0,16.4
83235,1940.0,10.8,16.4
83266,1920.0,10.6,16.4
83310,1900.0,10.1,16.5
83342,1920.0,9.7,16.5
83367,1900.0,9.3,16.5
83393,1900.0,8.8,16.5
83434,1900.0,8.3,16.5
83459,1900.0,7.9,16.6
83484,1940.0,7.6,16.6
83526,1920.0,7.5,16.8
83555,1920.0,7.7,17.0
83578,1920.0,7.9,17.1
83602,1920.0,8.0,17.2
83627,1920.0,8.1,17.3
83662,1940.0,8.1,17.4
83699,1960.0,8.1,17.4
83726,1960.0,8.1,17.4
83754,1960.0,8.1,17.4
83777,1960.0,8.1,17.3
83800,1980.0,8.1,17.3
83831,1980.0,8.1,17.3
83854,1920.0,8.1,17.3
83874,1920.0,8.1,17.3
83896,1900.0,8.1,17.3
83922,1880.0,8.1,17.3
83950,1880.0,8.1,17.3
83969,1880.0,8.1,17.3
83997,1880.0,8.1,17.3
84041,1880.0,8.0,17.2
84072,1880.0,8.0,17.1
84099,1880.0,7.9,17.0
84126,1880.0,7.8,16.9
84159,1860.0,7.8,16.7
84207,1860.0,7.6,16.4
84236,1860.0,7.5,16.2
84263,1860.0,7.5,15.9
84296,1860.0,7.5,15.4
84328,1840.0,7.5,14.9
84368,1840.0,7.6,14.0
84400,1820.0,7.7,13.1
84434,1840.0,7.9,12.2
84473,1840.0,8.1,11.3
84503,1860.0,8.4,11.2
84539,1860.0,8.8,11.0
84561,1860.0,9.0,11.0
84581,1840.0,9.1,11.1
84601,1840.0,9.2,11.2
84622,1840.0,9.3,11.4
84645,1840.0,9.4,11.5
84670,1860.0,9.4,11.8
84705,1840.0,9.4,12.2
84734,1860.0,9.4,12.5
84758,1860.0,9.4,12.8
84784,1840.0,9.4,13.1
84808,1840.0,9.4,13.3
84841,1860.0,9.4,13.6
84885,1860.0,9.4,14.0
84920,1860.0,9.4,14.2
84948,1880.0,9.3,14.4
84983,1900.0,9.3,14.6
85014,1900.0,9.2,14.8
85048,1900.0,9.2,14.9
85071,1900.0,9.1,14.9
85094,1900.0,9.1,15.0
85116,1900.0,9.1,15.0
85140,1900.0,9.0,15.0
85165,1920.0,9.0,14.9
85193,1900.0,9.0,15.0
85226,1900.0,9.0,15.0
85249,1920.0,9.0,15.0
85274,1920.0,9.0,15.0
85304,1900.0,9.0,15.0
85332,1900.0,9.0,14.9
85362,1920.0,9.0,14.8
85400,1900.0,9.0,14.5
85433,1900.0,9.1,14.1
85464,1900.0,9.3,13.7
85501,1900.0,9.5,13.2
85536,1920.0,9.9,12.6
85572,1920.0,10.5,12.1
85598,1900.0,10.9,11.9
85623,1900.0,11.4,11.8
85647,1900.0,11.8,11.8
85671,1900.0,12.3,11.7
85695,1900.0,12.9,11.5
85720,1920.0,13.4,11.4
85752,1920.0,14.2,11.2
85776,1900.0,14.7,11.1
85806,1920.0,15.5,10.9
85833,1900.0,16.2,10.8
85861,1920.0,17.0,10.6
85886,1940.0,17.7,10.5
85919,1940.0,18.7,10.4
85945,1940.0,19.6,10.3
85968,1920.0,20.5,10.3
85993,1920.0,21.4,10.3
86028,1940.0,22.9,10.3
86068,1940.0,24.5,10.3
86107,1940.0,26.3,10.4
86138,1940.0,27.7,10.4
86216,1940.0,31.3,10.4
86265,1960.0,33.7,10.5
86330,1960.0,36.7,10.5
86395,1960.0,39.9,10.4
86450,1980.0,42.7,10.2
86508,1980.0,45.8,10.0
86562,1980.0,48.7,9.9
86613,2000.0,51.4,9.7
86698,1980.0,56.2,9.5
86759,2000.0,59.7,9.3
86812,2020.0,62.7,9.1
86869,2020.0,66.1,8.9
86918,2020.0,69.0,8.7
86985,2020.0,72.9,8.5
87035,2040.0,75.9,8.3
87085,2020.0,79.0,8.3
87132,2040.0,81.9,8.2
87192,2020.0,85.7,8.3
87241,2040.0,88.9,8.3
87298,2020.0,92.5,8.4
87344,2020.0,95.5,8.4
87407,2020.0,99.7,8.5
87461,1960.0,103.3,8.5
87525,1920.0,107.8,8.6
87579,1920.0,111.6,8.7
87660,1920.0,117.0,8.8
87750,1920.0,122.8,9.5
87825,1920.0,126.2,10.4
87878,1900.0,127.7,11.0
87947,1880.0,128.7,11.7
87996,1880.0,128.7,12.0
88062,1880.0,128.2,12.3
88124,1880.0,127.2,12.6
88186,1860.0,125.9,13.0
88265,1860.0,123.9,13.5
88325,1860.0,122.1,13.9
88389,1880.0,120.2,14.5
88462,1900.0,118.0,15.4
88520,1900.0,116.3,16.1
88596,1900.0,114.5,17.2
88672,1900.0,112.8,18.5
88738,1900.0,111.6,19.7
88771,1900.0,111.1,20.4
88795,1900.0,110.8,20.9
88819,1900.0,110.5,21.4
88842,1900.0,110.3,22.0
88865,1900.0,110.1,22.5
88893,1900.0,109.9,23.2
88921,1900.0,109.7,23.8
88951,1900.0,109.6,24.5
88983,1900.0,109.5,25.3
89006,1900.0,109.5,25.9
89029,1900.0,109.5,26.4
89052,1900.0,109.5,26.9
89076,1900.0,109.6,27.5
89113,1920.0,109.8,28.4
89140,1920.0,110.0,29.0
89178,1900.0,110.4,29.8
89208,1900.0,110.6,30.3
89248,1920.0,111.1,31.2
89287,1880.0,111.7,31.9
89314,1920.0,112.1,32.3
89339,1880.0,112.5,32.8
89368,1900.0,113.1,33.2
89392,1900.0,113.5,33.5
89420,1900.0,114.0,33.9
89455,1900.0,114.8,34.2
89485,1880.0,115.4,34.5
89510,1880.0,116.0,34.6
89535,1900.0,116.5,34.8
89564,1880.0,117.2,34.9
89591,1880.0,117.8,35.0
89629,1880.0,118.7,34.9
89660,1880.0,119.4,34.8
89692,1880.0,120.2,34.6
89732,1860.0,121.2,34.3
89772,1860.0,122.3,34.1
89815,1880.0,123.4,34.0
89843,1860.0,124.2,34.2
89872,1860.0,125.0,34.4
89900,1860.0,125.9,34.7
89937,1840.0,126.9,35.2
89992,1860.0,128.3,36.0
90018,1840.0,128.8,36.3
90042,1840.0,129.2,36.5
90070,1840.0,129.6,36.7
90100,1860.0,130.0,36.9
90143,1860.0,130.4,37.0
90173,1860.0,130.4,37.0
90202,1860.0,130.4,37.1
90238,1860.0,130.4,37.1
90281,1860.0,130.2,37.0
90326,1840.0,129.7,36.9
90356,1840.0,129.3,36.8
90380,1840.0,128.9,36.6
90405,1820.0,128.3,36.4
90429,1820.0,127.8,36.3
90456,1840.0,127.1,36.1
90497,1820.0,125.8,35.7
90522,1820.0,124.9,35.4
90549,1800.0,124.0,35.2
90572,1800.0,123.0,34.9
90597,1820.0,122.1,34.6
90620,1820.0,121.1,34.3
90657,1800.0,119.4,33.8
90686,1780.0,118.1,33.5
90716,1800.0,116.6,33.0
90746,1800.0,115.2,32.6
90777,1800.0,113.6,32.2
90814,1820.0,111.8,31.6
90857,1800.0,109.7,31.1
90885,1820.0,108.4,30.7
90914,1820.0,107.0,30.4
90943,1820.0,105.7,30.1
90973,1860.0,104.4,29.8
91020,1860.0,102.3,29.4
91048,1860.0,101.1,29.3
91075,1860.0,99.9,29.2
91099,1860.0,98.8,29.2
91126,1880.0,97.5,29.3
91164,1880.0,95.6,29.5
91190,1880.0,94.3,29.7
91215,1880.0,93.0,30.0
91239,1880.0,91.8,30.2
91267,1880.0,90.4,30.5
91296,1880.0,88.8,31.0
91330,1880.0,87.0,31.5
91370,1900.0,84.7,32.3
91398,1920.0,83.2,32.8
91424,1920.0,81.9,33.2
91450,1900.0,80.5,33.6
91476,1900.0,79.3,34.0
91505,1920.0,78.0,34.5
91549,1920.0,76.1,35.2
91574,1940.0,75.0,35.6
91594,1940.0,74.3,36.0
91615,1940.0,73.6,36.3
91636,1940.0,72.9,36.6
91671,1940.0,71.9,37.0
91698,1940.0,71.3,37.3
91719,1940.0,70.8,37.6
91743,1940.0,70.3,37.8
91770,1940.0,69.7,38.1
91801,1940.0,69.2,38.3
91837,1940.0,68.6,38.6
91876,1940.0,68.1,38.9
91907,1960.0,67.7,39.2
91934,1960.0,67.6,39.5
91961,1960.0,67.5,39.9
91996,1960.0,67.6,40.5
92025,1960.0,67.7,41.1
92072,1960.0,68.0,42.0
92096,1960.0,68.2,42.4
92120,1960.0,68.3,42.7
92143,1980.0,68.4,43.0
92168,1960.0,68.5,43.2
92216,1940.0,68.7,43.6
92236,1920.0,68.7,43.7
92258,1940.0,68.8,43.8
92280,1920.0,68.8,43.8
92299,1920.0,68.8,43.9
92332,1940.0,68.9,43.9
92361,1920.0,68.9,44.0
92389,1920.0,68.9,44.0
92410,1940.0,68.9,44.0
92432,1920.0,68.9,44.0
92451,1920.0,68.9,44.0
92471,1920.0,68.9,44.0
92490,1920.0,68.9,44.0
92512,1920.0,68.9,43.9
92532,1920.0,68.9,43.9
92561,1920.0,68.9,43.9
92584,1920.0,68.9,43.9
92602,1920.0,68.9,43.9
92623,1920.0,68.9,43.9
92647,1920.0,68.9,43.9
92676,1900.0,68.9,43.9
92712,1920.0,68.9,43.9
92742,1900.0,68.9,43.9
92768,1900.0,68.9,43.9
92789,1900.0,68.9,43.9
92818,1880.0,68.9,43.9
92876,1760.0,68.9,43.9
92913,1780.0,68.9,43.8
92935,1800.0,68.9,43.8
92959,1800.0,68.9,43.8
92983,1800.0,68.9,43.8
93006,1800.0,68.9,43.7
93034,1820.0,68.9,43.7
93081,1840.0,68.9,43.7
93106,1840.0,68.9,43.7
93132,1840.0,68.9,43.7
93152,1840.0,68.9,43.7
93173,1860.0,68.9,43.7
93193,1860.0,68.9,43.7
93216,1860.0,68.9,43.7
93244,1860.0,68.9,43.7
93267,1860.0,68.9,43.7
93291,1880.0,68.9,43.7
93310,1880.0,68.9,43.7
93329,1880.0,68.9,43.7
93348,1880.0,68.9,43.7
93379,1880.0,68.9,43.7
93418,1880.0,68.9,43.7
93446,1900.0,68.9,43.7
93470,1880.0,68.9,43.7
93497,1880.0,68.9,43.7
93524,1880.0,68.9,43.7
93551,1880.0,68.9,43.7
93581,1880.0,68.9,43.7
93603,1860.0,68.9,43.7
93628,1880.0,68.9,43.7
93652,1900.0,68.9,43.7
93675,1880.0,68.9,43.7
93695,1880.0,68.9,43.7
93720,1900.0,68.9,43.7
93750,1900.0,68.9,43.7
93774,1900.0,68.9,43.7
93804,1880.0,68.9,43.7
93830,1900.0,68.9,43.7
93851,1900.0,68.9,43.7
93885,1900.0,68.9,43.7
93917,1880.0,68.9,43.7
93948,1880.0,68.9,43.7
93968,1880.0,68.9,43.7
94003,1900.0,68.9,43.7
94025,1900.0,68.9,43.7
94049,1900.0,68.9,43.7
94073,1880.0,68.9,43.7
94117,1900.0,68.9,43.7
94137,1900.0,68.9,43.7
94161,1880.0,68.9,43.7
94189,1840.0,68.9,43.7
94212,1800.0,68.9,43.7
94235,1780.0,68.9,43.7
94261,1780.0,68.9,43.7
94288,1780.0,68.9,43.7
94315,1760.0,68.9,43.7
94339,1780.0,68.9,43.7
94366,1800.0,68.9,43.7
94401,1800.0,68.9,43.7
94429,1800.0,68.9,43.7
94463,1820.0,68.9,43.7
94487,1840.0,68.9,43.7
94508,1840.0,68.9,43.7
94533,1840.0,68.9,43.7
94557,1840.0,68.9,43.7
94580,1840.0,68.9,43.7
94610,1840.0,68.9,43.7
94631,1840.0,68.9,43.7
94656,1860.0,68.9,43.7
94682,1880.0,68.9,43.7
94706,1880.0,68.9,43.7
94737,1860.0,68.9,43.7
94766,1860.0,68.9,43.7
94794,1860.0,68.9,43.7
94821,1880.0,68.9,43.7
94842,1880.0,68.9,43.7
94864,1880.0,68.9,43.7
94887,1900.0,68.9,43.7
94923,1880.0,68.9,43.7
94952,1880.0,68.9,43.7
94984,1880.0,68.9,43.7
95009,1880.0,68.9,43.7
95034,1880.0,68.9,43.7
95059,1880.0,68.9,43.7
95084,1900.0,68.9,43.7
95115,1900.0,68.9,43.7
95139,1900.0,68.9,43.7
95165,1880.0,68.9,43.7
95188,1880.0,68.9,43.7
95213,1900.0,68.9,43.7
95238,1900.0,68.9,43.7
95266,1900.0,68.9,43.7
95293,1900.0,68.9,43.7
95320,1880.0,68.9,43.7
95342,1880.0,68.9,43.7
95369,1900.0,68.9,43.7
95390,1900.0,68.9,43.7
95416,1880.0,68.9,43.7
95454,1880.0,68.9,43.7
95501,1900.0,68.9,43.7
95532,1900.0,68.9,43.7
95569,1880.0,68.9,43.7
95592,1880.0,68.9,43.7
95625,1880.0,68.9,43.7
95651,1860.0,68.9,43.7
95678,1860.0,68.8,43.7
95706,1860.0,68.8,43.7
95732,1860.0,68.8,43.7
95754,1860.0,68.8,43.7
95780,1860.0,68.7,43.7
95801,1860.0,68.7,43.7
95828,1860.0,68.7,43.7
95853,1880.0,68.7,43.7
95878,1880.0,68.7,43.7
95904,1860.0,68.7,43.7
95933,1880.0,68.8,43.9
95969,1880.0,68.9,44.1
96015,1860.0,69.2,44.8
96034,1860.0,69.4,45.1
96054,1860.0,69.6,45.5
96075,1860.0,69.8,45.9
96095,1860.0,70.1,46.4
96123,1860.0,70.4,47.2
96148,1840.0,70.8,47.9
96169,1840.0,71.1,48.5
96190,1840.0,71.4,49.2
96217,1840.0,71.9,50.2
96243,1820.0,72.3,51.1
96267,1840.0,72.8,52.1
96293,1840.0,73.3,53.1
96316,1840.0,73.7,54.1
96342,1820.0,74.2,55.2
96363,1820.0,74.7,56.1
96386,1840.0,75.2,57.2
96409,1840.0,75.7,58.3
96432,1840.0,76.2,59.4
96452,1820.0,76.7,60.4
96484,1860.0,77.4,62.0
96520,1840.0,78.3,63.8
96547,1820.0,78.9,65.0
96628,1840.0,81.2,69.6
96688,1820.0,82.8,72.9
96748,1820.0,84.3,76.3
96816,1820.0,86.0,79.8
96864,1820.0,87.2,82.3
96915,1780.0,88.3,84.6
96964,1740.0,89.5,86.5
97024,1740.0,91.2,89.0
97087,1720.0,93.2,91.2
97134,1700.0,94.6,92.8
97170,1640.0,95.6,93.7
97195,1600.0,96.2,94.2
97226,1560.0,96.8,94.8
97250,1520.0,97.3,95.1
97276,1500.0,97.7,95.5
97301,1460.0,98.1,95.8
97335,1440.0,98.6,96.1
97358,1440.0,98.9,96.4
97381,1440.0,99.1,96.5
97406,1440.0,99.4,96.8
97431,1440.0,99.6,96.9
97456,1440.0,99.8,97.1
97481,1440.0,100.0,97.3
97506,1440.0,100.2,97.4
97538,1440.0,100.5,97.6
97575,1440.0,100.7,97.8
97604,1460.0,100.8,97.9
97628,1460.0,100.9,98.0
97653,1440.0,101.1,98.1
97689,1460.0,101.2,98.2
97716,1460.0,101.3,98.3
97749,1480.0,101.4,98.4
97779,1480.0,101.5,98.5
97805,1480.0,101.6,98.7
97842,1500.0,101.6,99.0
97875,1500.0,101.5,99.4
97905,1500.0,101.4,99.8
97938,1520.0,101.3,100.3
97971,1500.0,101.1,100.9
98006,1520.0,101.0,101.6
98050,1520.0,100.7,102.5
98102,1520.0,100.5,103.7
98136,1520.0,100.5,104.6
98169,1520.0,100.6,105.3
98214,1520.0,100.9,106.4
98249,1520.0,101.4,107.1
98286,1520.0,102.0,107.8
98322,1540.0,102.8,108.3
98354,1520.0,103.5,108.7
98386,1540.0,104.3,109.0
98415,1540.0,105.0,109.2
98438,1540.0,105.4,109.4
98465,1540.0,105.9,109.6
98492,1560.0,106.3,109.7
98515,1560.0,106.5,109.9
98556,1580.0,106.8,110.1
98607,1600.0,107.1,110.4
98640,1580.0,107.1,110.4
98667,1600.0,107.1,110.4
98696,1580.0,107.0,110.3
98726,1580.0,106.7,110.1
98750,1600.0,106.5,109.8
98774,1580.0,106.2,109.5
98801,1560.0,105.8,109.1
98827,1580.0,105.4,108.7
98854,1580.0,105.0,108.2
98878,1580.0,104.5,107.7
98902,1560.0,104.0,107.2
98923,1560.0,103.6,106.7
98946,1580.0,103.0,106.1
98966,1580.0,102.5,105.5
98989,1580.0,101.9,104.9
99013,1580.0,101.3,104.2
99038,1580.0,100.6,103.5
99073,1580.0,99.6,102.4
99118,1580.0,98.2,100.9
99147,1600.0,97.3,99.9
99179,1600.0,96.3,98.9
99206,1580.0,95.4,97.9
99246,1580.0,94.2,96.6
99272,1580.0,93.3,95.7
99296,1560.0,92.5,94.9
99321,1540.0,91.5,94.0
99349,1480.0,90.6,93.1
99378,1480.0,89.3,92.0
99403,1480.0,88.3,91.1
99431,1460.0,87.1,90.2
99455,1460.0,86.1,89.3
99481,1460.0,84.9,88.4
99507,1460.0,83.8,87.5
99530,1460.0,82.7,86.6
99558,1480.0,81.4,85.6
99596,1500.0,79.6,84.2
99633,1500.0,77.8,82.8
99658,1520.0,76.7,81.9
99686,1540.0,75.3,80.9
99710,1520.0,74.2,80.0
99743,1540.0,72.7,78.9
99765,1560.0,71.7,78.0
99787,1580.0,70.6,77.2
99809,1580.0,69.6,76.5
99841,1580.0,68.0,75.3
99868,1580.0,66.6,74.3
99900,1620.0,65.1,73.2
99926,1620.0,63.8,72.3
99958,1620.0,62.3,71.2
99986,1640.0,61.0,70.2
100013,1640.0,59.7,69.2
100039,1640.0,58.5,68.2
100066,1660.0,57.3,67.3
100103,1660.0,55.5,65.9
100143,1680.0,53.8,64.4
100166,1680.0,52.8,63.5
100189,1700.0,51.9,62.6
100218,1700.0,50.9,61.6
100252,1720.0,49.9,60.2
100278,1720.0,49.2,59.3
100304,1700.0,48.6,58.4
100331,1720.0,48.0,57.4
100367,1720.0,47.3,56.1
100396,1740.0,46.9,55.2
100427,1760.0,46.6,54.0
100450,1740.0,46.3,53.3
100483,1760.0,46.0,52.1
100506,1740.0,45.9,51.3
100532,1740.0,45.7,50.4
100555,1760.0,45.6,49.6
100575,1780.0,45.5,48.8
100597,1760.0,45.5,48.1
100633,1780.0,45.4,46.9
100669,1760.0,45.3,45.6
100695,1780.0,45.3,44.8
100719,1780.0,45.2,43.9
100751,1780.0,45.1,43.0
100790,1800.0,45.0,41.7
100818,1800.0,45.0,40.8
100849,1800.0,44.8,39.9
100876,1800.0,44.7,38.9
100901,1820.0,44.5,38.2
100927,1820.0,44.3,37.4
100948,1800.0,44.1,36.7
100969,1800.0,43.8,36.1
100994,1820.0,43.5,35.4
101023,1840.0,43.0,34.6
101048,1840.0,42.6,33.9
101074,1840.0,42.2,33.2
101100,1840.0,41.7,32.5
101139,1840.0,41.0,31.3
101177,1840.0,40.4,30.2
101203,1840.0,40.0,29.5
101229,1840.0,39.7,28.7
101255,1840.0,39.3,27.8
101297,1840.0,38.9,26.5
101322,1840.0,38.6,25.6
101345,1860.0,38.5,24.9
101370,1860.0,38.3,24.0
101399,1860.0,38.1,23.0
101423,1860.0,38.0,22.2
101449,1840.0,37.8,21.3
101471,1840.0,37.7,20.4
101498,1860.0,37.6,19.6
101525,1860.0,37.6,18.5
101558,1840.0,37.5,17.3
101585,1860.0,37.4,16.3
101618,1860.0,37.2,15.1
101655,1860.0,37.0,13.8
101698,1880.0,36.5,12.5
101729,1860.0,36.0,11.7
101751,1880.0,35.6,11.3
101772,1860.0,35.1,11.1
101806,1860.0,34.4,10.9
101833,1860.0,33.7,10.9
101866,1860.0,32.9,10.8
101903,1880.0,32.0,10.8
101928,1860.0,31.4,10.8
101953,1880.0,31.0,10.8
101975,1880.0,30.6,10.9
101996,1900.0,30.3,10.9
102016,1880.0,30.1,10.9
102037,1880.0,29.9,10.9
102060,1920.0,29.7,10.9
102084,1900.0,29.6,10.9
102112,1900.0,29.5,10.9
102143,1920.0,29.3,10.9
102181,1920.0,29.0,10.9
102219,1920.0,28.5,10.9
102244,1920.0,28.1,11.0
102269,1900.0,27.6,11.0
102292,1900.0,27.1,11.0
102334,1920.0,26.0,11.1
102363,1900.0,25.2,11.1
102392,1900.0,24.4,11.2
102419,1900.0,23.8,11.2
102442,1920.0,23.4,11.2
102469,1920.0,22.9,11.2
102492,1920.0,22.6,11.3
102515,1920.0,22.4,11.3
102539,1920.0,22.1,11.3
102567,1940.0,21.9,11.3
102606,1940.0,21.7,11.3
102642,1940.0,21.5,11.3
102672,1940.0,21.3,11.3
102707,1940.0,21.0,11.3
102750,1920.0,20.3,11.3
102781,1920.0,19.7,11.4
102812,1920.0,19.0,11.4
102855,1920.0,18.0,11.4
102877,1920.0,17.6,11.5
102904,1920.0,17.2,11.5
102928,1920.0,16.8,11.5
102952,1940.0,16.5,11.5
102979,1920.0,16.3,11.5
103002,1920.0,16.1,11.5
103025,1920.0,15.9,11.5
103051,1940.0,15.8,11.5
103080,1940.0,15.7,11.5
103116,1920.0,15.5,11.6
103151,1940.0,15.2,11.6
103186,1920.0,14.7,11.6
103221,1920.0,14.1,11.6
103260,1900.0,13.3,11.7
103295,1920.0,12.4,11.7
103328,1900.0,11.5,11.7
103362,1920.0,10.7,11.8
103386,1900.0,10.2,11.8
103409,1900.0,9.8,11.8
103433,1900.0,9.4,11.8
103455,1900.0,9.2,11.8
103478,1900.0,8.9,11.8
103502,1920.0,8.7,11.8
103525,1920.0,8.5,11.8
103550,1900.0,8.4,11.8
103577,1920.0,8.2,11.8
103607,1920.0,8.1,11.8
103651,1900.0,7.9,11.9
103681,1900.0,7.7,11.9
103709,1920.0,7.4,11.9
103750,1900.0,6.8,11.9
103795,1880.0,6.1,11.9
103816,1880.0,5.9,12.0
103838,1900.0,5.9,12.0
103871,1900.0,6.1,12.0
103894,1900.0,6.3,12.0
103915,1900.0,6.4,12.0
103938,1900.0,6.5,12.0
103960,1920.0,6.6,11.9
103986,1880.0,6.7,11.9
104015,1900.0,6.7,11.9
104042,1900.0,6.7,11.9
104069,1900.0,6.5,11.9
104096,1900.0,6.3,12.0
104125,1900.0,6.0,12.0
104158,1880.0,5.8,12.0
104188,1900.0,5.8,12.1
104211,1880.0,5.8,12.1
104234,1860.0,5.9,12.1
104262,1860.0,6.0,12.1
104294,1860.0,6.0,12.1
104315,1860.0,6.0,12.1
104335,1860.0,6.0,12.1
104359,1860.0,6.0,12.1
104396,1840.0,5.9,12.2
104428,1840.0,5.9,12.2
104455,1840.0,6.0,12.2
104478,1820.0,6.0,12.2
104504,1820.0,5.9,12.2
104524,1820.0,5.9,12.2
104544,1820.0,5.9,12.2
104566,1820.0,5.9,12.2
104589,1820.0,5.9,12.2
104612,1820.0,5.9,12.1
104635,1800.0,6.0,12.1
104661,1800.0,6.0,12.1
104688,1800.0,6.0,12.1
104715,1820.0,6.1,12.0
104740,1820.0,6.1,12.0
104773,1800.0,6.2,11.9
104813,1800.0,6.2,11.9
104838,1820.0,6.3,11.8
104861,1820.0,6.3,11.8
104885,1820.0,6.3,11.8
104922,1800.0,6.3,11.8
104958,1800.0,6.3,11.8
104986,1820.0,6.3,11.8
105018,1820.0,6.3,11.8
105046,1800.0,6.3,11.8
105074,1800.0,6.3,11.8
105107,1800.0,6.3,11.8
105139,1800.0,6.3,11.8
105169,1800.0,6.3,11.8
105198,1820.0,6.3,11.8
105224,1820.0,6.2,11.8
105249,1800.0,6.1,11.8
105286,1800.0,6.0,11.9
105329,1800.0,5.9,11.9
105357,1800.0,6.0,12.0
105385,1800.0,6.0,12.0
105413,1800.0,6.0,12.0
105449,1800.0,6.0,12.0
105472,1780.0,6.0,12.1
105494,1800.0,6.0,12.1
105518,1780.0,6.0,12.1
105540,1780.0,6.0,12.0
105563,1780.0,6.0,12.0
105586,1780.0,6.0,12.1
105609,1780.0,6.0,12.1
105632,1780.0,6.0,12.1
105656,1760.0,6.0,12.1
105681,1780.0,6.0,12.1
105707,1780.0,6.0,12.1
105728,1760.0,6.0,12.1
105750,1760.0,6.0,12.1
105773,1760.0,6.0,12.1
105807,1760.0,6.0,12.1
105843,1760.0,6.0,12.1
105865,1760.0,6.0,12.1
105886,1760.0,6.0,12.1
105913,1740.0,6.0,12.1
105936,1740.0,6.0,12.1
105984,1740.0,6.0,12.1
106010,1760.0,6.0,12.1
106035,1760.0,6.1,12.1
106058,1760.0,6.2,12.1
106082,1780.0,6.3,12.1
106107,1800.0,6.4,12.0
106130,1780.0,6.5,12.1
106153,1800.0,6.5,12.0
106178,1820.0,6.5,12.1
106200,1820.0,6.6,12.1
106221,1820.0,6.5,12.0
106249,1840.0,6.5,12.1
106272,1820.0,6.5,12.1
106295,1840.0,6.5,12.1
106324,1840.0,6.5,12.1
106360,1860.0,6.4,12.1
106384,1860.0,6.4,12.1
106406,1860.0,6.4,12.1
106434,1880.0,6.5,12.1
106459,1880.0,6.5,12.1
106497,1880.0,6.5,12.1
106525,1880.0,6.5,12.1
106553,1900.0,6.5,12.1
106576,1900.0,6.4,12.1
106599,1900.0,6.4,12.1
106622,1900.0,6.4,12.1
106643,1900.0,6.4,12.1
106667,1900.0,6.4,12.1
106691,1900.0,6.4,12.1
106712,1900.0,6.4,12.1
106736,1920.0,6.4,12.1
106758,1920.0,6.4,12.1
106786,1900.0,6.4,12.1
106809,1900.0,6.4,12.1
106842,1920.0,6.4,12.1
106876,1900.0,6.4,12.1
106899,1920.0,6.4,12.1
106919,1920.0,6.4,12.1
106943,1920.0,6.4,12.1
106966,1900.0,6.4,12.1
107001,1920.0,6.4,12.1
107021,1920.0,6.4,12.1
107046,1920.0,6.4,12.1
107074,1920.0,6.4,12.1
107101,1900.0,6.4,12.1
107127,1920.0,6.4,12.1
107155,1920.0,6.4,12.1
107183,1920.0,6.4,12.1
107211,1920.0,6.4,12.1
107235,1920.0,6.4,12.1
107261,1900.0,6.4,12.1
107287,1920.0,6.4,12.1
107316,1920.0,6.4,12.1
107350,1920.0,6.4,12.1
107386,1920.0,6.4,12.1
107410,1920.0,6.4,12.1
107434,1920.0,6.4,12.1
107460,1920.0,6.4,12.1
107483,1920.0,6.4,12.1
107521,1920.0,6.4,12.1
107546,1920.0,6.4,12.1
107579,1900.0,6.4,12.1
107605,1920.0,6.4,12.1
107638,1920.0,6.4,12.1
107674,1920.0,6.4,12.1
107712,1920.0,6.4,12.1
107747,1920.0,6.3,12.1
107770,1920.0,6.3,12.1
107794,1920.0,6.3,12.1
107819,1920.0,6.3,12.1
107864,1920.0,6.3,12.1
107899,1920.0,6.3,12.1
107926,1900.0,6.3,12.1
107958,1920.0,6.3,12.1
107984,1900.0,6.3,12.1
108010,1920.0,6.3,12.1
108049,1900.0,6.3,12.1
108074,1920.0,6.3,12.1
108101,1920.0,6.3,12.1
108124,1900.0,6.3,12.1
108151,1920.0,6.3,12.1
108178,1920.0,6.3,12.1
108206,1900.0,6.3,12.1
108231,1920.0,6.3,12.1
108257,1900.0,6.3,12.1
108282,1920.0,6.3,12.1
108302,1920.0,6.3,12.1
108324,1900.0,6.3,12.1
108348,1920.0,6.3,12.1
108382,1920.0,6.3,12.1
108413,1920.0,6.3,12.1
108435,1920.0,6.3,12.1
108460,1920.0,6.3,12.1
108482,1920.0,6.3,12.1
108503,1920.0,6.3,12.1
108523,1920.0,6.3,12.1
108555,1920.0,6.3,12.1
108578,1920.0,6.3,12.1
108603,1940.0,6.3,12.1
108627,1920.0,6.3,12.1
108651,1900.0,6.3,12.1
108674,1920.0,6.3,12.1
108702,1920.0,6.3,12.1
108726,1920.0,6.3,12.1
108757,1900.0,6.3,12.1
108783,1920.0,6.3,12.1
108809,1900.0,6.3,12.1
108835,1920.0,6.3,12.1
108869,1940.0,6.3,12.1
108914,1920.0,6.3,12.1
108955,1920.0,6.2,12.0
108994,1900.0,6.1,12.0
109027,1920.0,6.1,12.0
109067,1900.0,6.1,12.0
109093,1900.0,6.1,12.0
109117,1860.0,6.1,12.0
109141,1900.0,6.2,12.0
109162,1920.0,6.2,12.0
109186,1880.0,6.2,12.0
109212,1900.0,6.2,12.0
109235,1900.0,6.2,11.9
109256,1900.0,6.2,11.9
109277,1900.0,6.2,11.9
109299,1900.0,6.1,11.9
109323,1900.0,6.2,11.9
109350,1880.0,6.2,11.9
109376,1900.0,6.2,11.9
109398,1900.0,6.2,11.9
109430,1900.0,6.2,11.9
109469,1880.0,6.2,11.9
109495,1900.0,6.2,11.9
109520,1920.0,6.2,11.9
109546,1900.0,6.2,11.9
109585,1920.0,6.2,11.9
109613,1900.0,6.2,11.9
109647,1920.0,6.2,11.9
109678,1920.0,6.2,11.9
109700,1920.0,6.2,12.0
109726,1900.0,6.3,12.0
109747,1900.0,6.3,12.0
109770,1920.0,6.4,12.0
109791,1920.0,6.5,12.0
109812,1920.0,6.5,12.0
109835,1920.0,6.5,12.0
109860,1940.0,6.5,12.0
109882,1940.0,6.5,12.0
109902,1940.0,6.4,12.0
109922,1940.0,6.4,12.0
109950,1940.0,6.4,12.0
109984,1940.0,6.4,12.0
110006,1960.0,6.4,12.0
110027,1960.0,6.4,12.0
110048,1960.0,6.4,12.0
110070,1960.0,6.4,12.0
110105,1960.0,6.4,12.0
110129,1960.0,6.4,12.0
110157,1980.0,6.4,12.0
110186,1980.0,6.4,12.0
110215,1960.0,6.4,12.0
110239,1960.0,6.4,12.0
110266,1980.0,6.4,12.0
110292,1960.0,6.4,12.0
110319,1960.0,6.4,12.0
110345,1980.0,6.4,12.0
110371,1960.0,6.4,12.0
110396,1940.0,6.4,12.0
110423,1960.0,6.4,12.0
110464,1960.0,6.4,12.0
110506,1940.0,6.4,12.0
110535,1960.0,6.4,12.0
110559,1940.0,6.4,12.0
110581,1940.0,6.4,12.0
110613,1940.0,6.4,12.0
110635,1940.0,6.4,12.0
110660,1940.0,6.4,12.0
110683,1940.0,6.4,12.0
110710,1940.0,6.4,12.0
110732,1940.0,6.4,12.0
110754,1940.0,6.4,12.0
110776,1940.0,6.4,12.0
110798,1940.0,6.4,12.0
110821,1940.0,6.4,12.0
110843,1940.0,6.4,12.0
110865,1940.0,6.4,12.0
110887,1940.0,6.4,12.0
110909,1940.0,6.4,12.0
110932,1940.0,6.4,12.0
110957,1920.0,6.4,12.0
111001,1920.0,6.4,12.0
111035,1940.0,6.4,12.0
111056,1940.0,6.4,12.0
111082,1920.0,6.4,12.0
111107,1920.0,6.4,12.0
111142,1920.0,6.4,12.0
111167,1940.0,6.4,12.0
111188,1940.0,6.4,12.0
111212,1920.0,6.4,12.0
111242,1920.0,6.4,12.0
111269,1960.0,6.4,12.0
111295,1920.0,6.4,12.0
111319,1920.0,6.4,12.0
111344,1940.0,6.4,12.0
111365,1940.0,6.4,12.0
111388,1920.0,6.4,12.0
111410,1920.0,6.4,12.0
111431,1920.0,6.4,12.0
111455,1940.0,6.4,12.0
111478,1920.0,6.4,12.0
111514,1920.0,6.4,12.0
111547,1920.0,6.4,12.0
111573,1940.0,6.4,12.0
111602,1920.0,6.4,12.0
111629,1940.0,6.4,12.0
111673,1920.0,6.4,12.0
111696,1920.0,6.4,12.0
111719,1920.0,6.4,12.0
111745,1940.0,6.4,12.0
111773,1920.0,6.4,12.0
111794,1920.0,6.4,12.0
111814,1920.0,6.4,12.0
111836,1920.0,6.4,12.0
111860,1920.0,6.4,12.0
111885,1940.0,6.4,12.0
111909,1920.0,6.4,12.0
111932,1920.0,6.4,12.0
111953,1920.0,6.4,12.0
111975,1920.0,6.4,12.0
111998,1920.0,6.4,12.0
112033,1920.0,6.4,12.0
112066,1920.0,6.4,12.0
112090,1940.0,6.4,12.0
112114,1920.0,6.4,12.0
112136,1920.0,6.4,12.0
112172,1920.0,6.4,12.0
112195,1920.0,6.4,12.0
112222,1920.0,6.4,12.0
112246,1920.0,6.4,12.0
112274,1920.0,6.4,12.0
112303,1920.0,6.4,12.0
112329,1900.0,6.4,12.0
112355,1920.0,6.4,12.0
112381,1940.0,6.4,12.0
112404,1920.0,6.4,12.0
112425,1920.0,6.4,12.0
112447,1920.0,6.4,12.0
112469,1920.0,6.4,12.0
112492,1920.0,6.4,12.0
112514,1920.0,6.4,12.0
112542,1920.0,6.4,12.0
112577,1920.0,6.4,12.0
112601,1920.0,6.4,12.0
112625,1920.0,6.4,12.0
112649,1920.0,6.4,12.0
112689,1920.0,6.4,12.0
112712,1920.0,6.4,12.0
112740,1920.0,6.4,12.0
112769,1940.0,6.4,12.0
112794,1920.0,6.4,12.0
112818,1920.0,6.4,12.0
112850,1920.0,6.4,12.0
112874,1920.0,6.4,12.0
112902,1940.0,6.4,12.0
112926,1920.0,6.4,12.0
112947,1920.0,6.4,12.0
112968,1920.0,6.4,12.0
112992,1940.0,6.4,12.0
113016,1920.0,6.4,12.0
113038,1920.0,6.4,12.0
113069,1920.0,6.4,12.0
113107,1920.0,6.4,12.0
113130,1920.0,6.4,12.0
113153,1920.0,6.4,12.0
113191,1920.0,6.4,12.0
113215,1920.0,6.4,12.0
113242,1920.0,6.4,12.0
113274,1940.0,6.4,12.0
113303,1920.0,6.4,12.0
113328,1920.0,6.4,12.0
113353,1920.0,6.4,12.0
113377,1920.0,6.4,12.0
113401,1920.0,6.4,12.0
113427,1920.0,6.4,12.0
113450,1920.0,6.4,12.0
113474,1920.0,6.4,12.0
113500,1920.0,6.4,12.0
113527,1920.0,6.4,12.0
113551,1920.0,6.4,12.0
113583,1920.0,6.4,12.0
113624,1920.0,6.4,12.0
113649,1960.0,6.4,12.0
113676,1920.0,6.4,12.0
113722,1920.0,6.4,12.0
113750,1920.0,6.4,12.0
113779,1940.0,6.4,12.0
113805,1920.0,6.4,12.0
113829,1920.0,6.4,12.0
113852,1920.0,6.4,12.0
113885,1920.0,6.4,12.0
113912,1920.0,6.4,12.0
113941,1920.0,6.4,12.0
113973,1940.0,6.4,12.0
114005,1920.0,6.4,12.0
114035,1920.0,6.4,12.0
114066,1940.0,6.4,12.0
114107,1920.0,6.4,12.0
114150,1920.0,6.4,12.0
114179,1920.0,6.4,12.0
114207,1920.0,6.4,12.0
114259,1920.0,6.4,12.0
114285,1920.0,6.4,12.0
114317,1900.0,6.4,12.0
114341,1920.0,6.4,12.0
114364,1940.0,6.4,12.0
114386,1920.0,6.4,12.0
114411,1920.0,6.4,12.0
114431,1920.0,6.4,12.0
114454,1940.0,6.4,12.0
114477,1920.0,6.4,12.0
114501,1920.0,6.4,12.0
114529,1920.0,6.4,12.0
114554,1920.0,6.4,12.0
114578,1920.0,6.4,12.0
114611,1920.0,6.4,12.0
114651,1920.0,6.4,12.0
114678,1920.0,6.4,12.0
114699,1920.0,6.4,12.0
114721,1920.0,6.4,12.0
114758,1920.0,6.4,12.0
114784,1920.0,6.4,12.0
114808,1940.0,6.4,12.0
114834,1920.0,6.4,12.0
114861,1900.0,6.4,12.0
114885,1920.0,6.4,12.0
114906,1920.0,6.4,12.0
114934,1920.0,6.4,12.0
114955,1920.0,6.4,12.0
114975,1920.0,6.4,12.0
114996,1920.0,6.4,12.0
115020,1920.0,6.4,12.0
115042,1920.0,6.4,12.0
115062,1920.0,6.4,12.0
115085,1900.0,6.4,12.0
115118,1920.0,6.4,12.0
115151,1920.0,6.4,12.0
115173,1920.0,6.4,12.0
115199,1920.0,6.4,12.0
115221,1920.0,6.4,12.0
115244,1900.0,6.4,12.0
115287,1920.0,6.4,12.0
115308,1920.0,6.4,12.0
115331,1920.0,6.4,12.0
115355,1920.0,6.4,12.0
115381,1940.0,6.4,12.0
115407,1920.0,6.4,12.0
115433,1900.0,6.4,12.0
115464,1920.0,6.4,12.0
115487,1920.0,6.4,12.0
115510,1920.0,6.4,12.0
115536,1920.0,6.4,12.0
115558,1920.0,6.4,12.0
115580,1920.0,6.4,12.0
115602,1920.0,6.4,12.0
115633,1920.0,6.4,12.0
115666,1920.0,6.4,12.0
115689,1920.0,6.4,12.0
115720,1920.0,6.4,12.0
115741,1920.0,6.4,12.0
115764,1920.0,6.4,12.0
115803,1920.0,6.4,12.0
115824,1920.0,6.4,12.0
115845,1920.0,6.4,12.0
115865,1920.0,6.4,12.0
115886,1920.0,6.4,12.0
115906,1920.0,6.4,12.0
115927,1920.0,6.4,12.0
115950,1940.0,6.4,12.0
115978,1920.0,6.4,12.0
116003,1900.0,6.4,12.0
116027,1920.0,6.4,12.0
116053,1940.0,6.4,12.0
116078,1920.0,6.4,12.0
116100,1920.0,6.4,12.0
116124,1920.0,6.4,12.0
116158,1920.0,6.4,12.0
116195,1920.0,6.4,12.0
116217,1920.0,6.4,12.0
116242,1920.0,6.4,12.0
116263,1920.0,6.4,12.0
116285,1920.0,6.4,12.0
116326,1900.0,6.4,12.0
116350,1920.0,6.4,12.0
116372,1940.0,6.4,12.0
116394,1920.0,6.4,12.0
116415,1920.0,6.4,12.0
116438,1920.0,6.4,12.0
116461,1940.0,6.4,12.0
116485,1920.0,6.4,12.0
116513,1900.0,6.4,12.0
116540,1920.0,6.4,12.0
116564,1940.0,6.4,12.0
116587,1920.0,6.4,12.0
116611,1900.0,6.4,12.0
116637,1920.0,6.4,12.0
116670,1920.0,6.4,12.0
116703,1920.0,6.4,12.0
116725,1920.0,6.4,12.0
116750,1940.0,6.4,12.0
116781,1920.0,6.4,12.0
116807,1920.0,6.4,12.0
116849,1920.0,6.4,12.0
116872,1920.0,6.4,12.0
116895,1920.0,6.4,12.0
116922,1900.0,6.4,12.0
116948,1920.0,6.4,12.0
116973,1940.0,6.4,12.0
117000,1920.0,6.4,12.0
117026,1900.0,6.4,12.0
117055,1920.0,6.4,12.0
117077,1920.0,6.4,12.0
117099,1920.0,6.4,12.0
117121,1920.0,6.4,12.0
117148,1900.0,6.4,12.0
117183,1920.0,6.4,12.0
117218,1920.0,6.4,12.0
117243,1900.0,6.4,12.0
117268,1920.0,6.4,12.0
117300,1920.0,6.4,12.0
117327,1920.0,6.4,12.0
117366,1920.0,6.4,12.0
117392,1940.0,6.4,12.0
117419,1920.0,6.4,12.0
117444,1920.0,6.4,12.0
117467,1920.0,6.4,12.0
117491,1920.0,6.4,12.0
117513,1920.0,6.4,12.0
117536,1920.0,6.4,12.0
117573,1920.0,6.4,12.0
117596,1920.0,6.4,12.0
117620,1920.0,6.4,12.0
117644,1920.0,6.4,12.0
117670,1920.0,6.4,12.0
117704,1920.0,6.4,12.0
117742,1920.0,6.4,12.0
117763,1920.0,6.4,12.0
117786,1900.0,6.4,12.0
117817,1920.0,6.4,12.0
117845,1920.0,6.4,12.0
117883,1920.0,6.4,12.0
117904,1920.0,6.4,12.0
117926,1920.0,6.4,12.0
117950,1900.0,6.4,12.0
117974,1920.0,6.4,12.0
117997,1940.0,6.4,12.0
118023,1920.0,6.4,12.0
118046,1920.0,6.4,12.0
118071,1920.0,6.4,12.0
118098,1900.0,6.4,12.0
118126,1920.0,6.4,12.0
118152,1940.0,6.4,12.0
118177,1920.0,6.4,12.0
118211,1920.0,6.4,12.0
118250,1920.0,6.4,12.0
118278,1920.0,6.4,12.0
118312,1900.0,6.4,12.0
118345,1940.0,6.4,12.0
118371,1920.0,6.4,12.0
118410,1920.0,6.4,12.0
118432,1920.0,6.4,12.0
118456,1900.0,6.4,12.0
118482,1920.0,6.4,12.0
118506,1940.0,6.4,12.0
118530,1920.0,6.4,12.0
118553,1900.0,6.4,12.0
118579,1920.0,6.4,12.0
118608,1920.0,6.4,12.0
118629,1920.0,6.4,12.0
118653,1920.0,6.4,12.0
118675,1920.0,6.4,12.0
118700,1920.0,6.4,12.0
118728,1920.0,6.4,12.0
118763,1940.0,6.4,12.0
118786,1920.0,6.4,12.0
118813,1900.0,6.4,12.0
118838,1920.0,6.4,12.0
118863,1920.0,6.4,12.0
118885,1920.0,6.4,12.0
118922,1920.0,6.4,12.0
118943,1920.0,6.4,12.0
118964,1920.0,6.4,12.0
118986,1920.0,6.4,12.0
119007,1920.0,6.4,12.0
119031,1900.0,6.4,12.0
119058,1920.0,6.4,12.0
119084,1920.0,6.4,12.0
119106,1920.0,6.4,12.0
119132,1920.0,6.4,12.0
119153,1920.0,6.4,12.0
119175,1920.0,6.4,12.0
119197,1920.0,6.4,12.0
119220,1920.0,6.4,12.0
119252,1920.0,6.4,12.0
119286,1920.0,6.4,12.0
119310,1960.0,6.4,12.0
119337,1920.0,6.4,12.0
119360,1920.0,6.4,12.0
119387,1920.0,6.4,12.0
119411,1900.0,6.4,12.0
119457,1940.0,6.4,12.0
119481,1920.0,6.4,12.0
119505,1900.0,6.4,12.0
119529,1920.0,6.4,12.0
119549,1920.0,6.4,12.0
119572,1900.0,6.4,12.0
119597,1920.0,6.4,12.0
119620,1940.0,6.4,12.0
119648,1920.0,6.4,12.0
119669,1920.0,6.4,12.0
119691,1920.0,6.4,12.0
119713,1920.0,6.4,12.0
119738,1920.0,6.4,12.0
119769,1920.0,6.4,12.0
119804,1920.0,6.4,12.0
119829,1920.0,6.4,12.0
119854,1920.0,6.4,12.0
119878,1920.0,6.4,12.0
119907,1920.0,6.4,12.0
119932,1920.0,6.4,12.0
119978,1920.0,6.4,12.0
120005,1920.0,6.4,12.0
120032,1920.0,6.4,12.0
120059,1920.0,6.4,12.0
120089,1920.0,6.4,12.0
120115,1920.0,6.4,12.0
120139,1920.0,6.4,12.0
120166,1920.0,6.4,12.0
120187,1920.0,6.4,12.0
120208,1920.0,6.4,12.0
120230,1920.0,6.4,12.0
120256,1920.0,6.4,12.0
120289,1920.0,6.4,12.0
120327,1920.0,6.4,12.0
120353,1920.0,6.4,12.0
120377,1920.0,6.4,12.0
120401,1940.0,6.4,12.0
120426,1940.0,6.4,12.0
120449,1920.0,6.4,12.0
120488,1920.0,6.4,12.0
120512,1920.0,6.4,12.0
120535,1920.0,6.4,12.0
120559,1920.0,6.4,12.0
120584,1920.0,6.4,12.0
120609,1920.0,6.4,12.0
120630,1920.0,6.4,12.0
120651,1920.0,6.4,12.0
120678,1920.0,6.4,12.0
120698,1920.0,6.4,12.0
120719,1920.0,6.4,12.0
120740,1920.0,6.4,12.0
120762,1920.0,6.4,12.0
120783,1920.0,6.4,12.0
120815,1920.0,6.4,12.0
120851,1920.0,6.4,12.0
120874,1920.0,6.4,12.0
120896,1920.0,6.4,12.0
120917,1920.0,6.4,12.0
120949,1940.0,6.4,12.0
120974,1920.0,6.4,12.0
121019,1920.0,6.4,12.0
121044,1920.0,6.4,12.0
121069,1940.0,6.4,12.0
121098,1920.0,6.4,12.0
121122,1920.0,6.4,12.0
121146,1920.0,6.4,12.0
121170,1920.0,6.4,12.0
121194,1920.0,6.4,12.0
121219,1920.0,6.4,12.0
121245,1940.0,6.4,12.0
121271,1920.0,6.4,12.0
121299,1920.0,6.4,12.0
121339,1940.0,6.4,12.0
121381,1920.0,6.4,12.0
121403,1920.0,6.4,12.0
121425,1920.0,6.4,12.0
121449,1920.0,6.4,12.0
121471,1920.0,6.4,12.0
121493,1920.0,6.4,12.0
121530,1920.0,6.4,12.0
121552,1920.0,6.4,12.0
121578,1940.0,6.4,12.0
121606,1920.0,6.4,12.0
121628,1920.0,6.4,12.0
121650,1920.0,6.4,12.0
121671,1920.0,6.4,12.0
121691,1920.0,6.4,12.0
121718,1940.0,6.4,12.0
121741,1920.0,6.4,12.0
121763,1940.0,6.4,12.0
121786,1920.0,6.4,12.0
121807,1920.0,6.4,12.0
121830,1920.0,6.4,12.0
121862,1920.0,6.4,12.0
121897,1940.0,6.4,12.0
121919,1940.0,6.4,12.0
121941,1940.0,6.4,12.0
121965,1920.0,6.4,12.0
121993,1900.0,6.4,12.0
122017,1920.0,6.4,12.0
122057,1920.0,6.4,12.0
122083,1920.0,6.4,12.0
122110,1920.0,6.4,12.0
122137,1940.0,6.4,12.0
122164,1920.0,6.4,12.0
122188,1920.0,6.4,12.0
122211,1920.0,6.4,12.0
122235,1920.0,6.4,12.0
122265,1920.0,6.4,12.0
122288,1920.0,6.4,12.0
122312,1920.0,6.4,12.0
122336,1920.0,6.4,12.0
122372,1920.0,6.4,12.0
122410,1940.0,6.4,12.0
122436,1920.0,6.4,12.0
122461,1920.0,6.4,12.0
122485,1920.0,6.4,12.0
122506,1920.0,6.4,12.0
122538,1940.0,6.4,12.0
122578,1940.0,6.4,12.0
122604,1920.0,6.4,12.0
122629,1920.0,6.4,12.0
122654,1920.0,6.4,12.0
122680,1920.0,6.4,12.0
122704,1920.0,6.4,12.0
122725,1920.0,6.4,12.0
122749,1920.0,6.4,12.0
122772,1940.0,6.4,12.0
122799,1920.0,6.4,12.0
122820,1920.0,6.4,12.0
122845,1920.0,6.4,12.0
122881,1920.0,6.4,12.0
122917,1920.0,6.4,12.0
122941,1920.0,6.4,12.0
122964,1920.0,6.4,12.0
122989,1940.0,6.4,12.0
123012,1920.0,6.4,12.0
123036,1920.0,6.4,12.0
123066,1920.0,6.4,12.0
123107,1920.0,6.4,12.0
123133,1920.0,6.4,12.0
123155,1920.0,6.4,12.0
123180,1940.0,6.4,12.0
123204,1920.0,6.4,12.0
123225,1920.0,6.4,12.0
123249,1920.0,6.4,12.0
123272,1920.0,6.4,12.0
123298,1940.0,6.4,12.0
123328,1920.0,6.4,12.0
123352,1920.0,6.4,12.0
123390,1920.0,6.4,12.0
123427,1940.0,6.4,12.0
123450,1920.0,6.4,12.0
123474,1940.0,6.4,12.0
123498,1920.0,6.4,12.0
123519,1920.0,6.4,12.0
123541,1920.0,6.4,12.0
123564,1940.0,6.4,12.0
123592,1920.0,6.4,12.0
123632,1920.0,6.4,12.0
123653,1920.0,6.4,12.0
123674,1920.0,6.4,12.0
123698,1940.0,6.4,12.0
123721,1920.0,6.4,12.0
123745,1900.0,6.4,12.0
123771,1920.0,6.4,12.0
123795,1920.0,6.4,12.0
123818,1920.0,6.4,12.0
123850,1920.0,6.4,12.0
123875,1920.0,6.4,12.0
123910,1920.0,6.4,12.0
123945,1920.0,6.4,12.0
123968,1920.0,6.4,12.0
123989,1920.0,6.4,12.0
124010,1920.0,6.4,12.0
124033,1920.0,6.4,12.0
124059,1940.0,6.4,12.0
124085,1920.0,6.4,12.0
124114,1920.0,6.4,12.0
124157,1940.0,6.4,12.0
124181,1920.0,6.4,12.0
124204,1920.0,6.4,12.0
124227,1920.0,6.4,12.0
124255,1920.0,6.4,12.0
124281,1920.0,6.4,12.0
124305,1920.0,6.4,12.0
124327,1920.0,6.4,12.0
124350,1920.0,6.4,12.0
124379,1920.0,6.4,12.0
124402,1920.0,6.4,12.0
124432,1920.0,6.4,12.0
124464,1920.0,6.4,12.0
124485,1920.0,6.4,12.0
124506,1920.0,6.4,12.0
124530,1940.0,6.4,12.0
124552,1920.0,6.4,12.0
124573,1920.0,6.4,12.0
124594,1920.0,6.4,12.0
124617,1920.0,6.4,12.0
124660,1920.0,6.4,12.0
124685,1940.0,6.4,12.0
124708,1920.0,6.4,12.0
124728,1920.0,6.4,12.0
124748,1920.0,6.4,12.0
124769,1920.0,6.4,12.0
124790,1920.0,6.4,12.0
124811,1920.0,6.4,12.0
124834,1920.0,6.4,12.0
124857,1920.0,6.4,12.0
124882,1920.0,6.4,12.0
124916,1920.0,6.4,12.0
124950,1920.0,6.4,12.0
124988,1920.0,6.4,12.0
125016,1920.0,6.4,12.0
125045,1920.0,6.4,12.0
125069,1920.0,6.4,12.0
125094,1940.0,6.4,12.0
125117,1920.0,6.4,12.0
125139,1920.0,6.4,12.0
125189,1920.0,6.4,12.0
125212,1920.0,6.4,12.0
125234,1920.0,6.4,12.0
125258,1940.0,6.4,12.0
125282,1920.0,6.4,12.0
125303,1920.0,6.4,12.0
125324,1920.0,6.4,12.0
125344,1920.0,6.4,12.0
125365,1920.0,6.4,12.0
125389,1920.0,6.4,12.0
125412,1940.0,6.4,12.0
125439,1920.0,6.4,12.0
125470,1920.0,6.4,12.0
125503,1920.0,6.4,12.0
125524,1920.0,6.4,12.0
125548,1940.0,6.4,12.0
125575,1920.0,6.4,12.0
125599,1920.0,6.4,12.0
125622,1920.0,6.4,12.0
125648,1920.0,6.4,12.0
125686,1920.0,6.4,12.0
125718,1920.0,6.4,12.0
125742,1920.0,6.4,12.0
125765,1920.0,6.4,12.0
125792,1940.0,6.4,12.0
125818,1920.0,6.4,12.0
125842,1920.0,6.4,12.0
125873,1940.0,6.4,12.0
125908,1920.0,6.4,12.0
125932,1920.0,6.4,12.0
125954,1920.0,6.4,12.0
125991,1920.0,6.4,12.0
126027,1940.0,6.4,12.0
126049,1940.0,6.4,12.0
126074,1920.0,6.4,12.0
126098,1920.0,6.4,12.0
126124,1920.0,6.4,12.0
126152,1940.0,6.4,12.0
126176,1920.0,6.4,12.0
126210,1920.0,6.4,12.0
126242,1940.0,6.4,12.0
126265,1920.0,6.4,12.0
126286,1920.0,6.4,12.0
126307,1920.0,6.4,12.0
126329,1920.0,6.4,12.0
126350,1920.0,6.4,12.0
126375,1940.0,6.4,12.0
126402,1920.0,6.4,12.0
126428,1920.0,6.4,12.0
126452,1920.0,6.4,12.0
126477,1920.0,6.4,12.0
126515,1920.0,6.4,12.0
126547,1920.0,6.4,12.0
126570,1940.0,6.4,12.0
126592,1920.0,6.4,12.0
126612,1920.0,6.4,12.0
126632,1920.0,6.4,12.0
126656,1940.0,6.4,12.0
126684,1920.0,6.4,12.0
126716,1920.0,6.4,12.0
126742,1920.0,6.4,12.0
126766,1920.0,6.4,12.0
126790,1940.0,6.4,12.0
126812,1920.0,6.4,12.0
126833,1920.0,6.4,12.0
126856,1940.0,6.4,12.0
126882,1920.0,6.4,12.0
126907,1920.0,6.4,12.0
126930,1920.0,6.4,12.0
126954,1920.0,6.4,12.0
126980,1920.0,6.4,12.0
127001,1920.0,6.4,12.0
127039,1920.0,6.4,12.0
127075,1940.0,6.4,12.0
127101,1920.0,6.4,12.0
127125,1920.0,6.4,12.0
127152,1940.0,6.4,12.0
127183,1920.0,6.4,12.0
127205,1920.0,6.4,12.0
127245,1940.0,6.4,12.0
127268,1920.0,6.4,12.0
127296,1920.0,6.4,12.0
127318,1920.0,6.4,12.0
127341,1920.0,6.4,12.0
127365,1940.0,6.4,12.0
127392,1920.0,6.4,12.0
127426,1920.0,6.4,12.0
127452,1940.0,6.4,12.0
127478,1920.0,6.4,12.0
127503,1940.0,6.4,12.0
127529,1920.0,6.4,12.0
127568,1920.0,6.4,12.0
127602,1920.0,6.4,12.0
127627,1900.0,6.4,12.0
127654,1920.0,6.4,12.0
127683,1940.0,6.4,12.0
127711,1920.0,6.4,12.0
127755,1940.0,6.4,12.0
127782,1920.0,6.4,12.0
127806,1920.0,6.4,12.0
127833,1920.0,6.4,12.0
127858,1920.0,6.4,12.0
127882,1920.0,6.4,12.0
127906,1920.0,6.4,12.0
127933,1940.0,6.4,12.0
127960,1920.0,6.4,12.0
127983,1920.0,6.4,12.0
128007,1920.0,6.4,12.0
128030,1920.0,6.4,12.0
128053,1920.0,6.4,12.0
128094,1920.0,6.4,12.0
128128,1920.0,6.4,12.0
128151,1920.0,6.4,12.0
128177,1920.0,6.4,12.0
128203,1940.0,6.4,12.0
128230,1920.0,6.4,12.0
128267,1920.0,6.4,12.0
128288,1920.0,6.4,12.0
128308,1920.0,6.4,12.0
128332,1940.0,6.4,12.0
128355,1920.0,6.4,12.0
128376,1920.0,6.4,12.0
128399,1920.0,6.4,12.0
128422,1920.0,6.4,12.0
128450,1940.0,6.4,12.0
128478,1920.0,6.4,12.0
128502,1920.0,6.4,12.0
128527,1920.0,6.4,12.0
128550,1920.0,6.4,12.0
128573,1920.0,6.4,12.0
128606,1920.0,6.4,12.0
128638,1920.0,6.4,12.0
128662,1920.0,6.4,12.0
128692,1920.0,6.4,12.0
128714,1920.0,6.4,12.0
128738,1940.0,6.4,12.0
128777,1920.0,6.4,12.0
128801,1920.0,6.4,12.0
128826,1940.0,6.4,12.0
128858,1920.0,6.4,12.0
128881,1920.0,6.4,12.0
128904,1920.0,6.4,12.0
128928,1920.0,6.4,12.0
128952,1920.0,6.4,12.0
128975,1920.0,6.4,12.0
129000,1920.0,6.4,12.0
129023,1920.0,6.4,12.0
129046,1920.0,6.4,12.0
129069,1920.0,6.4,12.0
129093,1920.0,6.4,12.0
129132,1920.0,6.4,12.0
129171,1900.0,6.4,12.0
129201,1920.0,6.4,12.0
129228,1900.0,6.4,12.0
129256,1920.0,6.4,12.0
129299,1900.0,6.4,12.0
129324,1920.0,6.4,12.0
129350,1940.0,6.4,12.0
129381,1920.0,6.4,12.0
129406,1900.0,6.4,12.0
129434,1920.0,6.4,12.0
129462,1900.0,6.4,12.0
129488,1920.0,6.4,12.0
129511,1940.0,6.4,12.0
129535,1920.0,6.4,12.0
129559,1900.0,6.4,12.0
129584,1920.0,6.4,12.0
129608,1920.0,6.4,12.0
129646,1940.0,6.4,12.0
129694,1900.0,6.4,12.0
129721,1920.0,6.4,12.0
129751,1940.0,6.4,12.0
129779,1900.0,6.4,12.0
129826,1920.0,6.4,12.0
129846,1920.0,6.4,12.0
129866,1920.0,6.4,12.0
129889,1920.0,6.4,12.0
129911,1900.0,6.4,12.0
129932,1920.0,6.4,12.0
129953,1920.0,6.4,12.0
129975,1920.0,6.4,12.0
129994,1920.0,6.4,12.0
130013,1920.0,6.4,12.0
130033,1920.0,6.4,12.0
130054,1920.0,6.4,12.0
130078,1940.0,6.4,12.0
130104,1920.0,6.4,12.0
130132,1900.0,6.4,12.0
130170,1900.0,6.4,12.0
130213,1940.0,6.4,12.0
130239,1920.0,6.4,12.0
130263,1920.0,6.4,12.0
130287,1920.0,6.4,12.0
130327,1920.0,6.4,12.0
130358,1900.0,6.4,12.0
130386,1920.0,6.4,12.0
130420,1920.0,6.4,12.0
130450,1920.0,6.4,12.0
130478,1920.0,6.4,12.0
130503,1920.0,6.4,12.0
130526,1920.0,6.4,12.0
130551,1920.0,6.4,12.0
130580,1940.0,6.4,12.0
130606,1920.0,6.4,12.0
130632,1900.0,6.4,12.0
130654,1900.0,6.4,12.0
130699,1940.0,6.4,12.0
130739,1920.0,6.4,12.0
130763,1900.0,6.4,12.0
130786,1920.0,6.4,12.0
130810,1940.0,6.4,12.0
130848,1900.0,6.4,12.0
130871,1920.0,6.4,12.0
130893,1900.0,6.4,12.0
130916,1920.0,6.4,12.0
130942,1940.0,6.4,12.0
130969,1920.0,6.4,12.0
130995,1920.0,6.4,12.0
131016,1920.0,6.4,12.0
131038,1920.0,6.4,12.0
131061,1920.0,6.4,12.0
131086,1900.0,6.4,12.0
131113,1920.0,6.4,12.0
131137,1920.0,6.4,12.0
131161,1920.0,6.4,12.0
131187,1920.0,6.4,12.0
131231,1920.0,6.4,12.0
131267,1920.0,6.4,12.0
131290,1920.0,6.4,12.0
131313,1920.0,6.4,12.0
131354,1900.0,6.4,12.0
131379,1920.0,6.4,12.0
131403,1920.0,6.4,12.0
131428,1920.0,6.4,12.0
131452,1920.0,6.4,12.0
131484,1920.0,6.4,12.0
131505,1920.0,6.4,12.0
131528,1900.0,6.4,12.0
131551,1920.0,6.4,12.0
131573,1920.0,6.4,12.0
131595,1920.0,6.4,12.0
131619,1900.0,6.4,12.0
131643,1920.0,6.4,12.0
131664,1920.0,6.4,12.0
131686,1900.0,6.4,12.0
131710,1920.0,6.4,12.0
131744,1920.0,6.4,12.0
131777,1900.0,6.4,12.0
131802,1920.0,6.4,12.0
131823,1920.0,6.4,12.0
131864,1900.0,6.4,12.0
131890,1920.0,6.4,12.0
131912,1920.0,6.4,12.0
131938,1900.0,6.4,12.0
131961,1900.0,6.4,12.0
131997,1920.0,6.4,12.0
132021,1920.0,6.4,12.0
132045,1920.0,6.4,12.0
132068,1920.0,6.4,12.0
132094,1920.0,6.4,12.0
132117,1920.0,6.4,12.0
132142,1920.0,6.4,12.0
132171,1920.0,6.4,12.0
132197,1920.0,6.4,12.0
132229,1920.0,6.4,12.0
132270,1920.0,6.4,12.0
132309,1920.0,6.4,12.0
132331,1920.0,6.4,12.0
132369,1920.0,6.4,12.0
132393,1920.0,6.4,12.0
132417,1920.0,6.4,12.0
132441,1920.0,6.4,12.0
132467,1900.0,6.4,12.0
132495,1920.0,6.4,12.0
132527,1920.0,6.4,12.0
132551,1920.0,6.4,12.0
132576,1920.0,6.4,12.0
132598,1920.0,6.4,12.0
132622,1940.0,6.4,12.0
132647,1920.0,6.4,12.0
132674,1900.0,6.4,12.0
132700,1920.0,6.4,12.0
132724,1920.0,6.4,12.0
132754,1920.0,6.4,12.0
132793,1920.0,6.4,12.0
132829,1920.0,6.4,12.0
132853,1920.0,6.4,12.0
132889,1920.0,6.4,12.0
132910,1920.0,6.4,12.0
132933,1920.0,6.4,12.0
132960,1940.0,6.4,12.0
132990,1920.0,6.4,12.0
133014,1920.0,6.4,12.0
133042,1920.0,6.4,12.0
133065,1920.0,6.4,12.0
133092,1940.0,6.4,12.0
133118,1920.0,6.4,12.0
133144,1900.0,6.4,12.0
133171,1920.0,6.4,12.0
133194,1920.0,6.4,12.0
133220,1940.0,6.4,12.0
133247,1920.0,6.4,12.0
133270,1900.0,6.4,12.0
133304,1920.0,6.4,12.0
133336,1920.0,6.4,12.0
133358,1920.0,6.4,12.0
133395,1920.0,6.4,12.0
133418,1920.0,6.4,12.0
133442,1940.0,6.4,12.0
133465,1920.0,6.4,12.0
133487,1920.0,6.4,12.0
133511,1920.0,6.4,12.0
133533,1920.0,6.4,12.0
133560,1940.0,6.4,12.0
133584,1920.0,6.4,12.0
133607,1920.0,6.4,12.0
133633,1940.0,6.4,12.0
133658,1920.0,6.4,12.0
133681,1920.0,6.4,12.0
133704,1920.0,6.4,12.0
133732,1920.0,6.4,12.0
133762,1940.0,6.4,12.0
133785,1940.0,6.4,12.0
133825,1960.0,6.4,12.0
133863,1920.0,6.4,12.0
133902,1920.0,6.4,12.0
133926,1920.0,6.4,12.0
133952,1920.0,6.4,12.0
133980,1920.0,6.4,12.0
134010,1920.0,6.4,12.0
134037,1940.0,6.4,12.0
134064,1920.0,6.4,12.0
134087,1920.0,6.4,12.0
134110,1920.0,6.4,12.0
134132,1920.0,6.4,12.0
134153,1920.0,6.4,12.0
134173,1920.0,6.4,12.0
134196,1920.0,6.4,12.0
134218,1920.0,6.4,12.0
134250,1920.0,6.4,12.0
134283,1920.0,6.4,12.0
134307,1920.0,6.4,12.0
134348,1920.0,6.4,12.0
134385,1920.0,6.4,12.0
134423,1920.0,6.4,12.0
134447,1920.0,6.4,12.0
134470,1920.0,6.4,12.0
134502,1920.0,6.4,12.0
134526,1920.0,6.4,12.0
134550,1920.0,6.4,12.0
134574,1920.0,6.4,12.0
134602,1920.0,6.4,12.0
134627,1900.0,6.4,12.0
134653,1920.0,6.4,12.0
134677,1920.0,6.4,12.0
134705,1900.0,6.4,12.0
134730,1920.0,6.4,12.0
134756,1920.0,6.4,12.0
134782,1920.0,6.4,12.0
134809,1900.0,6.4,12.0
134836,1920.0,6.4,12.0
134884,1900.0,6.4,12.0
134932,1900.0,6.4,12.0
134975,1920.0,6.4,12.0
135007,1920.0,6.4,12.0
135034,1900.0,6.4,12.0
135058,1920.0,6.4,12.0
135078,1920.0,6.4,12.0
135098,1920.0,6.4,12.0
135120,1920.0,6.4,12.0
135140,1920.0,6.4,12.0
135161,1920.0,6.4,12.0
135185,1900.0,6.4,12.0
135206,1900.0,6.4,12.0
135229,1920.0,6.4,12.0
135254,1900.0,6.4,12.0
135278,1920.0,6.4,12.0
135300,1920.0,6.4,12.0
135322,1920.0,6.4,12.0
135343,1920.0,6.4,12.0
135366,1900.0,6.4,12.0
135402,1920.0,6.4,12.0
135440,1920.0,6.4,12.0
135477,1900.0,6.4,12.0
135501,1900.0,6.4,12.0
135530,1920.0,6.4,12.0
135556,1900.0,6.4,12.0
135580,1900.0,6.4,12.0
135606,1920.0,6.4,12.0
135630,1920.0,6.4,12.0
135659,1900.0,6.4,12.0
135683,1920.0,6.4,12.0
135707,1920.0,6.4,12.0
135733,1900.0,6.4,12.0
135759,1920.0,6.4,12.0
135790,1920.0,6.4,12.0
135813,1900.0,6.4,12.0
135833,1900.0,6.4,12.0
135855,1920.0,6.4,12.0
135876,1920.0,6.4,12.0
135904,1920.0,6.4,12.0
135938,1900.0,6.4,12.0
135966,1920.0,6.4,12.0
136002,1900.0,6.4,12.0
136027,1900.0,6.4,12.0
136049,1920.0,6.4,12.0
136072,1900.0,6.4,12.0
136093,1900.0,6.4,12.0
136116,1920.0,6.4,12.0
136136,1920.0,6.4,12.0
136159,1900.0,6.4,12.0
136184,1900.0,6.4,12.0
136207,1920.0,6.4,12.0
136229,1900.0,6.4,12.0
136249,1900.0,6.4,12.0
136275,1920.0,6.4,12.0
136297,1920.0,6.4,12.0
136322,1900.0,6.4,12.0
136347,1920.0,6.4,12.0
136369,1920.0,6.4,12.0
136391,1920.0,6.4,12.0
136420,1920.0,6.4,12.0
136456,1920.0,6.4,12.0
136489,1920.0,6.4,12.0
136527,1920.0,6.4,12.0
136556,1940.0,6.4,12.0
136582,1920.0,6.4,12.0
136604,1920.0,6.4,12.0
136626,1920.0,6.4,12.0
136648,1920.0,6.4,12.0
136673,1900.0,6.4,12.0
136697,1920.0,6.4,12.0
136725,1920.0,6.4,12.0
136746,1920.0,6.4,12.0
136773,1940.0,6.4,12.0
136799,1920.0,6.4,12.0
136823,1900.0,6.4,12.0
136846,1920.0,6.4,12.0
136870,1940.0,6.4,12.0
136895,1920.0,6.4,12.0
136928,1900.0,6.4,12.0
136960,1920.0,6.4,12.0
136996,1920.0,6.4,12.0
137033,1920.0,6.4,12.0
137057,1920.0,6.4,12.0
137080,1920.0,6.4,12.0
137105,1940.0,6.4,12.0
137131,1920.0,6.4,12.0
137154,1920.0,6.4,12.0
137180,1940.0,6.4,12.0
137206,1920.0,6.4,12.0
137232,1900.0,6.4,12.0
137272,1920.0,6.4,12.0
137297,1920.0,6.4,12.0
137322,1940.0,6.4,12.0
137346,1920.0,6.4,12.0
137370,1920.0,6.4,12.0
137394,1920.0,6.4,12.0
137418,1920.0,6.4,12.0
137452,1920.0,6.4,12.0
137483,1920.0,6.4,12.0
137533,1920.0,6.4,12.0
137570,0.0,6.4,12.0
