Time,X,Y,Heading,ProjectedX,ProjectedY,TurretTarget,TurretActual,ShooterTarget,ShooterActual,ShooterPower
288,7.7501714511180495,135.50042099840059,8.14199447631836E-5,5.711445306307514,135.49982030972743,309.8220294275492,309.8188276883943,900.0,220.0,1.0
541,8.044556745394008,135.44627752829726,7.843971252441406E-4,8.161878849660457,134.98142190566276,308.9474848358598,308.74415312115013,900.0,580.0,1.0
816,12.699862502691314,134.9148968073327,0.11524343490600586,20.40538599397681,134.99893808140234,303.1487604472346,295.8241891502023,900.0,820.0,0.5075
1085,20.46498216043307,138.5980849378691,0.1273421049118042,27.709111312776532,147.12809212643987,295.92109253482045,288.9492417381973,900.0,860.0,0.46749999999999997
1345,25.175723578986222,146.3318832277313,0.051380038261413574,28.93119123037234,158.64279377393282,292.7628701920481,292.2603873986193,900.0,860.0,0.46749999999999997
1624,27.411116952971213,157.0968123308317,0.0029096603393554688,27.5427730928813,173.03831344086498,290.7993763434371,291.0136826984153,900.0,840.0,0.44749999999999995
1884,28.017059085875985,168.54349932332678,6.27536648908724,25.615889379092494,184.9775292432084,289.7800761650406,290.4168440994936,900.0,860.0,0.44749999999999995
2133,23.346067413570374,175.87458092396653,6.25240666071047,9.882871441626678,183.6950074932495,295.9405658933218,298.4792245308639,900.0,860.0,0.44749999999999995
2407,14.5101760503814,178.3522430179626,6.2065210978137415,3.7355380665598474,180.22116140953315,298.79054239769266,303.910096431007,900.0,880.0,0.4275
2663,12.06374641478531,180.2786086675689,6.2192458550082605,8.005090178496006,185.6568420065752,296.2696290905916,299.862284599305,900.0,860.0,0.44749999999999995
2924,12.907260684516487,186.31737896776576,6.2095763126956385,13.356092494935925,197.2854470766765,292.5420640822693,298.33539473949696,900.0000000000001,840.0,0.44749999999999995
3194,13.064845528189592,186.53918168676182,6.220322434102194,11.041761894405548,186.68876999200936,295.0061445546867,298.52205551194584,900.0,820.0,0.4875
3457,13.051506703294168,186.53731699064963,6.21971840063204,11.007383424190934,186.6492898747084,295.02515694949926,298.7224125088291,900.0,800.0,0.5075
3711,7.749707680048905,135.49939253198818,6.283080641423361,5.707182819025907,135.49126920512543,309.8268729242843,309.8607752428784,900.0,800.0,0.5075
3970,7.729285533033957,135.49398106852854,6.281882826481954,5.683413734709533,135.48141849215796,309.8404688966469,309.96771139607716,900.0,800.0,0.5075
4245,7.2130020021453625,135.37142055241142,6.263607207928793,5.45912868457221,135.36654525508396,309.9764514618094,311.2693909331767,900.0,840.0,0.46749999999999997
4493,8.193433866726131,134.18173482098916,6.18770414987673,9.088242834076189,131.14196454642243,309.9373718088983,318.54634817407526,900.0,840.0,0.44749999999999995
4758,10.953935037447712,130.8343169445128,5.859914843236105,12.191812703720652,125.4721764657244,310.72496648429274,337.9295938688498,900.0,860.0,0.46749999999999997
5035,12.737188864880661,124.1771788109006,5.80728000799288,14.561623481443105,114.79394623873043,314.3318132094,342.6240236619778,900.0,860.0,0.44749999999999995
5305,16.677167997585506,117.2271103746309,5.406018320714132,21.269984537946254,108.52353364674806,314.00487014478966,10.787738393837571,900.0,880.0,0.44749999999999995
5559,20.840336356576035,108.40338759534941,5.324956719075338,26.25035073069428,95.57637916505838,319.13809384544476,14.307011469772931,900.0,860.0,0.44749999999999995
5813,26.798979992002955,97.33330193467027,5.287226263676779,35.784901386946736,81.72974642064462,324.60734280540885,24.244466752409835,900.0,860.0,0.44749999999999995
6075,32.53280279204601,84.67220756951279,5.191264931355612,36.23131438694686,68.48635573931476,340.75660845439677,43.56446314533099,900.0,860.0,0.44749999999999995
6340,31.111916369340552,75.13358529158465,5.0599475542651575,25.903533556230958,65.1904352128692,348.72456134375926,62.171828363921975,900.0,840.0,0.44749999999999995
6628,28.74905563714936,65.47978438730316,4.709069554005758,25.458384394643907,53.78988249840357,2.7187571352644744,95.65160036677264,900.0,840.0,0.44749999999999995
6907,24.450472133366144,56.16982767901083,4.945257012044088,17.859339517539507,47.91507351503162,8.49332371265716,78.79459785939495,900.0,860.0,0.44749999999999995
7172,22.013400821235237,47.089531365342026,5.160469595585958,22.071650575260175,33.518151570476746,24.24119128633816,87.6163327183761,900.0,860.0,0.44749999999999995
7443,26.422955370324804,34.67380313422736,5.2255359331714075,33.34535866952302,18.823107734468664,43.88360336032051,102.16264259233296,900.0,880.0,0.44749999999999995
7712,33.79845806932825,21.748654823603594,5.364843432103292,44.817317654049305,4.630656891775558,62.113926918935256,113.92268673192683,900.0,860.0,0.44749999999999995
7984,42.34990157480315,10.567577692467397,5.132849041615621,51.72218582409517,2.1554579792257673,69.36366362446195,143.11036111437153,900.0,840.0,0.42750000000000016
8242,47.98836775652067,12.143879086952511,4.872714344655172,54.42367979091535,20.369037779067554,63.74343708530132,146.91767503361166,900.0,860.0,0.46750000000000014
8523,55.46157476470226,16.069271057609498,4.808536831532614,66.55419107308705,21.610739192463242,81.00148701280622,167.30224907357476,900.0,840.0,0.46749999999999997
8792,62.07457054318406,15.577861155111961,4.338606540356771,69.81243242660712,14.058856056136428,87.01427039494038,207.00868583382618,900.0,840.0,0.46749999999999997
9040,63.6679870124877,13.53857085460753,3.806901995335714,65.86944339160884,11.281756655516169,82.19381334645469,237.86547391827656,900.0,820.0,0.46750000000000014
9312,63.763903520238685,12.598481666384721,3.5178538004504603,65.60639695843301,13.739339293370618,81.39697929027862,238.9789629663302,900.0,840.0,0.46750000000000014
9609,63.752797044168304,12.613414854515257,3.5191238562213343,65.65013982136703,13.376895521231926,81.52656947745612,239.97390056930936,900.0,860.0,0.44749999999999995
9868,63.756776344119096,12.618016520823081,3.5193737188922327,65.65466749831484,13.417139863275253,81.52463742084103,240.01396907598848,900.0,880.0,0.40750000000000014
10141,63.75669944943406,12.616980845533957,3.51957875887026,65.65059464292813,13.358973614790255,81.53067704437741,239.84122944471056,899.9999999999999,880.0,0.4274999999999998
10403,63.76656119279036,12.615829828217272,3.5219104925738733,65.6493960294129,13.354545937442742,81.52996817148419,239.82041860296556,900.0,880.0,0.4275
10678,63.62582469549705,14.119269904189222,4.216186110173361,62.08982405501161,17.701375613977966,75.49231847910434,179.13026459165138,900.0,860.0,0.44749999999999995
10951,60.35768043337845,14.109543928011197,5.280609075223104,54.11953554960284,16.019937356155054,65.90415799709592,103.78915634210534,900.0000000000001,860.0,0.46749999999999997
11205,56.543242687315455,12.120051346425935,0.26933109760284424,49.90133661369765,7.1967072344897804,65.63846364030857,29.344594871685786,900.0000000000001,860.0,0.44749999999999995
11498,55.74260561484991,12.827918585829849,1.169796109199524,54.839335550664686,17.036174885082772,66.23008082728226,353.59715674619366,900.0,860.0,0.46750000000000014
11760,55.59252641332431,20.77555979330709,1.2743932008743286,54.19711383991336,31.883073977974078,53.56560805358564,339.5665756063684,900.0,860.0,0.46749999999999997
12037,55.63737043245571,31.31811427319144,1.1524934768676758,55.49861783574274,44.06947827349961,35.866980362836145,335.45748897517626,900.0,860.0,0.46749999999999997
12303,58.83222925381398,41.86531607560285,0.6713588237762451,65.1537064751837,53.92729414440219,16.843615274761135,342.93352954447886,900.0,860.0,0.46749999999999997
12558,67.27891816867619,50.64030204232284,0.6354777812957764,80.03362199974825,62.09707597396878,217.19649290936528,180.72074579034313,900.0000000000001,840.0,0.46749999999999997
12824,77.65891728438731,58.98044856514518,0.14771020412445068,90.52006880975031,68.29239229157459,213.57356679503567,217.47619151572712,900.0,860.0,0.44749999999999995
13097,88.81560077817421,61.27601443313239,5.687776390706198,101.15773858562576,60.11157815560135,188.02644636484075,234.3841907771315,900.0,880.0,0.44749999999999995
13365,95.73987104761319,56.02250707431103,5.0571728388415735,101.5959763606037,47.77529339332957,164.46941538474402,245.0280914410376,900.0000000000001,880.0,0.44749999999999995
13633,96.84963436577264,47.09554837444636,4.713998619710104,95.44464899427352,35.413334525089766,138.71374355948558,230.43202923000877,900.0,860.0,0.4474999999999998
13906,93.79488727239173,38.646646334430365,5.162773195897238,88.79019254444248,29.95083225881513,122.80411734386573,177.65962793126246,900.0,860.0,0.44749999999999995
14177,92.72632028174213,31.300601508673722,5.895534698163168,92.20164925683257,22.71716678182043,121.25645439354506,131.38423021255065,899.9999999999999,880.0,0.4275
14445,95.41758619894195,28.1004249392532,6.09826380411257,96.22766919515524,27.517094224126694,130.38461640668302,140.74963688902787,900.0,880.0,0.44749999999999995
14715,99.5411117433563,27.374772199495574,5.440983597432272,104.83645511162882,25.023332547722163,136.66937183175173,197.1629640701591,900.0,860.0,0.44749999999999995
14978,104.50668214812993,19.94572316567729,5.125099245701925,109.3933805405672,8.742262182252723,128.35332542092132,195.5412432339816,900.0000000000001,840.0,0.46749999999999997
15262,110.52142285925197,8.49371181698296,4.969560686741964,118.84234531807681,-2.2138992990286113,128.8222120349838,208.2553019631149,900.0,840.0,0.44749999999999995
15541,117.79832254244587,9.634637907734067,4.419269029294149,126.72171505857929,17.235880316840966,144.68676129402573,256.9443085810034,900.0,840.0,0.4475000000000001
15819,123.17548136072834,15.590282049704726,4.628235761319296,128.14396961401079,28.191506767889127,153.6504701421978,240.73784141503288,900.0,840.0,0.44749999999999995
16072,121.66481799028051,21.226251557117372,5.466636959706442,116.30369304964782,28.661041777815278,148.32206139434544,176.38048759576782,900.0,840.0,0.46749999999999997
16344,119.53749769315945,22.689281073142226,6.178699914609091,117.04767556685921,24.12376323544606,144.71635006198676,149.56981234755108,900.0,860.0,0.4275
16640,119.50115534264273,22.65224667046014,6.178472463284628,117.4642189780496,22.86441744864548,143.91439749154654,150.00034796563796,900.0,880.0,0.4275
16896,119.49535940575788,22.653248704324557,6.178563658391134,117.45708597255897,22.84835722759368,143.89690155481182,149.95342097163044,900.0,880.0,0.4275
17159,119.49486920214076,22.652720053364913,6.178446475659506,117.45824723393206,22.85077641780213,143.89958894612596,149.95340364015755,900.0,880.0,0.4075
17418,119.49451356422244,22.6522658941314,6.178342167531149,117.46833354259745,22.867402642209978,143.91932246065727,149.91813022011291,900.0,900.0,0.4275
17698,119.4940810316191,22.651655542568896,6.178206030522482,117.46453811592332,22.86159079975526,143.9122625413057,149.93923961995873,900.0,880.0,0.4075
17982,119.48436346579724,22.65290027528297,6.178259913121359,117.46323790636994,22.86290667511258,143.91256555522068,149.93688645911686,900.0,900.0,0.4274999999999998
18244,114.97814268577756,22.567554383765994,0.10239052772521973,103.60138245391121,21.411849693520235,132.416310785358,120.06948213651827,900.0,860.0,0.4474999999999998
18496,105.96013587290848,19.977235568789986,0.3592313528060913,88.98537627377598,14.092401496602529,112.06297865333711,90.9622214797559,900.0,860.0,0.4674999999999998
18787,92.36534779466044,15.805346871924213,0.2798435688018799,73.04426932297646,10.711187268287807,91.32089187071774,78.25493776200011,900.0,860.0,0.46749999999999997
19065,83.28083669106792,17.75730523537463,6.031657997761862,71.8712320742666,22.919554899059616,89.7769733328659,108.47640401373108,900.0000000000001,860.0,0.4674999999999998
19333,75.85753913939469,23.827605960875985,5.97444731393923,63.18143655075734,33.83165266659995,68.30734871517699,86.50510537537438,900.0,860.0,0.44749999999999995
19611,66.62538062869095,30.718205970103348,5.93092650571932,52.25361100028444,39.107332184309286,40.546371597019125,61.38295543224849,899.9999999999999,860.0,0.4475000000000001
19878,63.84005809393455,34.11276990034449,5.0785351435290735,62.266515297580206,37.903952279245026,61.725123755057425,146.60757807959072,900.0000000000001,840.0,0.44749999999999995
20129,63.69142066775345,32.40290363942544,3.865572516118185,63.21808234326188,29.718116938003746,71.52328948423876,232.05820940712152,900.0,840.0,0.46749999999999997
20397,60.326653427965056,30.228917880321113,2.5349857807159424,55.62507546156745,27.876933894122654,59.78948654920946,298.1684805413568,900.0,780.0,1.0
20669,56.53894139087106,32.19996655081201,1.1781924962997437,52.70302580782888,35.124349107854364,47.25041291715404,3.1215415941511537,900.0,820.0,0.4875
20929,57.02458899790847,35.81514854130783,6.2760111175114375,57.40535304494984,40.25832751026836,47.1653395042342,60.04442247596842,900.0,840.0,0.48750000000000016
21177,57.760740265132874,36.359574926181104,6.012858990822927,55.604982002630905,36.897051138156954,49.3623089166713,64.27519588562663,900.0,860.0,0.44749999999999995
21424,58.981039693036415,36.64322500153789,5.565068844948904,60.86692307020625,38.15690085274561,58.03818715060936,112.52900588514075,900.0,840.0,0.46749999999999997
21697,61.776195135642226,34.949057271161415,4.352944080029623,65.8992096443286,32.35509626052882,75.53225108162825,209.91066213079097,899.9999999999999,840.0,0.46749999999999997
21970,60.90573768916093,31.271482452632874,2.961315870285034,59.34725602113842,27.192635277558708,66.2880028252228,278.31899466788474,900.0,860.0,0.46749999999999997
22219,57.51159187376968,31.607975997324065,1.737613320350647,54.5749813686863,33.8883987520219,51.760168677915466,328.7464355494823,900.0,840.0,0.46749999999999997
22477,55.84792730376476,37.62929360697589,1.4293419122695923,53.121928553146056,46.617435285097244,26.427773579700517,308.18963806873904,900.0,860.0,0.44749999999999995
22746,54.905318613127456,46.34755532572589,0.8842951059341431,54.56906898982442,57.630168877743074,354.6571465302831,315.2438834228858,900.0,860.0,0.44749999999999995
23014,60.708079901267226,53.97459495724656,0.5766130685806274,70.96748530290857,62.307062908500974,279.297288657784,247.04606501994454,900.0,840.0,0.44749999999999995
23287,71.81793933778297,61.34134607990896,0.4575449228286743,85.70434640910665,70.36098971991453,226.34030204715657,204.4382902872503,899.9999999999999,840.0,0.46749999999999997
23546,82.99247201033465,66.1086243156373,6.179680776094095,97.4326051186069,70.32989579690134,209.3989044284458,224.94336219099836,900.0,840.0,0.46749999999999997
23813,92.63896791953741,69.40979484498031,6.133533437048094,100.1721600850578,75.44219716812924,214.61036905625403,218.25380214675678,900.0,860.0,0.44749999999999995
24079,94.88435039370079,73.66008608359991,0.3413158655166626,93.63896848509653,80.7493341875955,228.83597737433846,204.27541650607589,900.0,840.0,0.46749999999999997
24363,93.06556040846456,82.10850993479332,0.3879638910293579,87.20961041972377,93.95637407573787,248.1633847655557,225.81211862020245,900.0,800.0,0.4875
24623,91.3782026636319,90.67876860851379,6.262670468782083,88.21987642689943,102.24775497788374,250.6733613203474,261.2753642749433,900.0,840.0,0.4674999999999998
24892,91.00226454847441,98.97286963275099,5.921897832547323,86.48031886140431,110.69372394117966,255.17100564353697,277.4278443730708,900.0,840.0,0.4674999999999998
25169,84.49638787217029,105.7636122816191,5.864938680325643,69.72472637521342,115.42030032633912,272.19285189655494,296.92039852694717,900.0,840.0,0.4674999999999998
25419,73.69511641855316,109.67395692359744,6.1355943272458475,55.589274340285016,112.07232236135955,286.3132069883187,287.27256882538313,900.0,860.0,0.46749999999999997
25668,62.45468500092274,108.62935223917323,0.13242210447788239,43.98836666773796,106.29691859262144,299.11454619165033,289.7006645018572,900.0,840.0,0.4875
25922,54.20103538693405,104.62515763410433,0.8745018243789673,45.037747379046,96.71146065986886,303.5155815416282,234.70734278665918,900.0,840.0,0.46749999999999997
26180,53.30930214228593,100.8967650406004,2.101123571395874,56.57017614614986,95.20834059226763,291.4813356202562,148.76262348885348,900.0,840.0,0.46749999999999997
26433,55.74387918307087,101.21757927842027,3.370418135319845,60.57138892744133,104.07824864126862,283.37152927686157,66.96569696926304,900.0,820.0,0.46749999999999997
26689,56.05879175381398,103.20343257874016,4.127108160649435,57.075000275352444,105.58018246910765,286.75324084599566,48.58928397874399,900.0,840.0,0.46749999999999997
26969,56.08432559516486,103.20160632997047,4.117701117192404,57.47222258774296,104.72595799396385,286.6020933208475,50.662720871642705,900.0000000000001,840.0,0.46749999999999997
27224,55.95168706938976,101.84437669168308,3.677281920109884,56.767907260896024,99.37488221779223,289.3499039039258,92.8798649936773,900.0,840.0,0.46749999999999997
27498,53.50806048535925,99.52920267901084,2.505225896835327,50.00151416122394,97.22018520853719,298.0880539924377,175.54587289440838,900.0,840.0,0.4875
27769,50.802261472687015,102.41309939406989,1.4187246561050415,49.40669638500399,108.31252049945319,293.3590783035894,224.50146393176578,900.0,840.0,0.46749999999999997
28042,51.04953075018455,108.26099786232776,0.29564154148101807,51.71732298328442,114.87985481410394,289.0075831587185,293.01306714129123,900.0,840.0,0.46749999999999997
28319,54.642612727608274,110.84409218134843,5.286304418240682,59.48374172068927,113.6873397769052,282.24156665109206,2.0001892316103067,900.0,860.0,0.46749999999999997
28567,55.8339324710876,107.95552411417324,4.5641107002841395,53.29110509427885,102.95279113768935,291.7253943308818,33.40872398931941,900.0000000000001,860.0,0.46749999999999997
28820,52.194718488558074,103.22070504736712,4.753809873257772,46.75137243243067,99.20344126915798,300.3025454758001,20.159033889008185,900.0,840.0,0.46749999999999997
29097,48.35603969303642,98.74825064591536,5.302928868924276,43.03286404274664,93.89716226485625,307.3929077741254,353.21798453396525,900.0,860.0,0.44749999999999995
29360,48.26233390748032,92.52899890809547,5.541617337857382,49.16909915847543,83.87934785490991,309.3146653498801,350.8340267412676,899.9999999999999,860.0,0.4674999999999998
29637,50.62147245632382,85.69956862081693,5.8828763405429285,53.61818478186934,78.36048486701874,309.4224932313956,325.79087139391845,900.0000000000001,840.0,0.4475000000000001
29908,60.292074849286415,81.25693013348918,5.988934461270468,74.84415815634685,76.53370510023962,262.1140413906621,278.31211045629357,900.0,840.0,0.46749999999999997
30182,74.37446654312255,77.39795114111713,6.013810102139608,92.58387106081031,71.67859792052192,217.29628383567473,232.48528552926888,900.0,840.0,0.46749999999999997
30450,89.92747870017224,73.22585699126478,5.931110326443807,109.83563237242072,68.30823871944895,198.0201279646179,221.29211974633873,900.0,840.0,0.46749999999999997
30722,101.62309301181102,69.68428003506398,4.933646146451132,112.56979511713867,66.42812568964992,194.41533206095872,288.86226217158764,900.0000000000001,840.0,0.44749999999999995
30988,105.9496781957431,64.95181586798721,3.6751461664782923,109.95645553417843,59.594870681040696,185.4103669978304,356.5378797207306,900.0,840.0,0.46750000000000014
31247,104.46231391486221,66.25213863342766,3.3556223551379603,101.535141024814,71.36129536227993,207.47904611501843,16.39176642471034,900.0,840.0,0.46749999999999997
31521,102.1917099840059,71.61058320773869,3.363272730504171,104.89035686865236,78.91983808154711,214.87093839093384,21.482786178528727,900.0000000000001,840.0,0.4875
31762,106.12778550996555,72.10454024667816,3.415518824254171,114.69158824213648,69.28065775583305,197.28006706202234,0.6326385820922269,900.0,840.0,0.4875
32023,110.35261980191929,66.8492691160187,3.4220877329455774,117.61721480369536,58.142784212920375,182.68938630904947,346.6933482230801,900.0000000000001,840.0,0.46750000000000014
32294,111.88603438730316,58.767969326710144,3.4316816965686243,113.28651275000172,48.00908533972604,169.04596851227683,332.34010303013724,900.0,840.0,0.4875
32553,106.99789693036418,51.89851054995079,3.484582010899679,99.59084904617002,43.45278678324874,155.5458606117055,314.9156387979381,900.0,840.0,0.46749999999999997
32834,97.6932555671752,45.021016278604826,3.5149698893176478,84.42011254235412,36.84257151788188,122.95608186693634,281.20750143667294,900.0,840.0,0.46749999999999997
33106,84.6952375276821,38.73110793706939,3.4772844950305384,68.01586270266708,30.851719030213975,80.99768656885048,243.8567539063743,900.0,860.0,0.46750000000000014
33372,69.85456331508367,33.42567263625738,3.391428057347433,49.99533273034008,27.532790586760044,52.296588621211086,218.3286868172059,900.0,860.0,0.44749999999999995
33650,53.18181075449065,28.855348121462846,3.400329653416769,32.24386503753263,22.794137880177885,39.86993832317981,204.94005252370806,900.0,860.0,0.4475000000000001
33904,38.552642581969735,24.66110349640133,3.300519053136007,23.446652943341725,19.779679612681026,36.72257734195702,209.08725768336345,900.0,880.0,0.4275
34206,33.0418936661848,23.105387049397144,3.137791633605957,31.20029605570114,21.54188709854419,40.18335670870277,223.2317820504751,900.0,880.0,0.4275
34472,30.520166111743357,22.095512330062746,2.632802963256836,30.89288352385261,20.84175964701094,40.53982639802509,250.78850795734243,900.0,880.0,0.4275
34737,30.876642662709152,22.307640736497294,2.801778793334961,34.09843402251376,21.77546171864621,42.081556867691454,237.29177611237242,900.0,860.0,0.44749999999999995
34987,32.4756508173905,23.812270277128444,3.5912333170520228,35.6406930462769,27.778357088008534,37.81817076862246,176.6080568177131,900.0,860.0,0.4475000000000001
35251,31.066978634811765,23.08946504367618,3.6595774332629603,27.24110928837881,20.77427873601943,38.20312048775704,188.9047929524448,900.0,860.0,0.44749999999999995
35533,22.769419752706693,18.281919224055734,3.6585379282580774,10.940699442723197,11.512212181803385,36.07706953901992,187.05147363933065,900.0,840.0,0.46749999999999997
35788,16.12955408772146,13.941685233529158,3.2557907740222376,13.004000577766377,11.106228618378491,37.2697914842627,213.26198339681451,900.0,860.0,0.44749999999999995
36056,15.515509177380661,13.775596318282481,3.254392687474386,19.305727519514075,14.036259367925554,38.53249994240537,212.2652331393884,900.0,860.0,0.44749999999999995
36319,18.618653064637673,14.055411271222933,3.2308579126941126,21.578339948090157,14.513768034097183,39.44706689529088,214.77452583282846,900.0,860.0,0.46749999999999997
36573,14.4103198915016,14.032262366587723,3.2419424692737024,12.331290610506189,15.199250431222815,34.3638533499048,207.51482230871085,900.0,840.0,0.46749999999999997
36846,16.730486051304133,14.867936982883245,3.2915030161487024,25.969873236079767,15.843633954712786,41.10122079976863,212.73809540060995,900.0,860.0,0.46750000000000014
37101,25.32224399836983,15.963919331708293,3.279614512120382,43.148814530449584,18.358561623156778,52.53077199746189,224.9691976325046,900.0,820.0,0.46749999999999997
37374,37.54659337321604,17.4222126157265,3.257761065159933,53.51117328415237,19.238957765059084,63.30006390241116,237.44874542319369,900.0,840.0,0.4674999999999998
37647,41.58747154896654,17.87121990534264,3.2261009852038782,47.21063348024847,17.967759378283354,56.903741918578284,232.20704786700335,900.0000000000001,860.0,0.44749999999999995
37908,48.494291530819396,18.569433257335753,3.2154064814196985,64.24546224642927,20.250045480003116,77.76153803133975,253.61277562912505,900.0,840.0,0.46749999999999997
38171,59.24739807609498,19.496258112389274,3.11698055267334,77.22418523596612,20.285941955686727,98.32209703212328,283.92687740800204,900.0,860.0,0.46749999999999997
38440,72.19551627091535,18.28603308970534,2.9450912475585938,94.03731441874329,14.655706048738033,118.05848530146916,309.7932085410346,900.0,840.0,0.46749999999999997
38700,87.39773968073327,15.119005338413508,2.9428138732910156,111.74887476040234,10.852466478853213,131.3613958416239,323.0352241725849,900.0,840.0,0.46749999999999997
38972,93.97878091166339,13.499462698388289,3.031768798828125,94.6186495972384,12.337896689566023,117.38589488118154,302.2248400713971,900.0,840.0,0.46749999999999997
39252,87.26746086060531,14.067379208061638,3.0846662521362305,75.8375486911097,15.316966058587967,95.3886509592625,278.25071530529215,900.0000000000001,840.0,0.4874999999999998
39505,76.1031936285064,14.784430556409943,2.8111572265625,60.36951180360482,16.022148219186864,73.77905619777833,282.32588470360105,900.0000000000001,840.0,0.46750000000000014
39761,63.69626983882875,19.01100579209215,2.7133941650390625,45.909924847667085,26.359989729050483,48.64474360240453,253.23157578054668,900.0,840.0,0.46750000000000014
40013,49.71055879367618,25.451100266824557,2.7269668579101562,29.865189224490127,34.61698792412101,26.90735624701285,230.37062314923,900.0,840.0,0.46750000000000014
40267,34.580779789000985,32.40784171998032,2.5788230895996094,13.621899302543962,41.396752987357694,14.04429978392342,230.90785603640865,900.0,840.0,0.44749999999999995
40531,20.305255078893946,40.95664197065699,2.168710708618164,3.0776470283872186,51.92842473687041,3.380808418442681,249.78101385473673,900.0,860.0,0.44749999999999995
40786,11.853456271914986,51.01180429533711,1.4003067016601562,3.7424275705780428,64.64373984550022,352.78281268189124,286.15342800954795,900.0000000000001,880.0,0.44749999999999995
41040,12.130182221179872,61.450719157541826,0.8380088210105896,16.616097930445395,74.0673875850563,341.9325904211442,298.29033433857785,899.9999999999999,860.0,0.4474999999999998
41303,20.255518635426917,71.24630905511812,0.8033637404441833,32.71727160583774,84.25430373299287,324.274230009207,278.03964288800637,900.0,860.0,0.44749999999999995
41566,31.209351547121063,82.56181371493602,0.8180026412010193,45.92807588643585,98.33797854469748,301.6249547761833,254.56933876361632,900.0,840.0,0.46750000000000014
41839,43.67201437161663,95.92694620447834,0.8369216322898865,59.06051501444852,113.19942490445672,282.7467377559904,234.37606202167353,900.0,860.0,0.44749999999999995
42108,55.436194712721466,108.23430579478347,0.8619899153709412,66.25154864900601,119.97797578237592,275.13426598497745,224.48176524122505,900.0,860.0,0.44749999999999995
42363,59.78292149821605,111.75128606360728,1.0504264831542969,62.83279497136008,111.80301678843962,279.3291062993774,212.88047058887855,900.0,880.0,0.44749999999999995
42613,62.93638214351625,110.9501587875246,2.001676559448242,69.80079551480499,107.30449323100585,272.45452270196273,136.52314740754196,900.0,860.0,0.44749999999999995
42862,67.15552622877706,112.16493140994095,3.259808603917257,74.62584822946816,116.43579314957981,267.51214556158294,56.78129122480493,900.0,880.0,0.44749999999999995
43129,67.79081089290108,116.41333392285927,4.672634069119589,66.22639299347873,124.33672509904096,274.829314821211,344.08029337062914,900.0,860.0,0.4275
43382,64.0630142332062,117.56444735789863,6.056220967565672,56.250895598626315,117.47005390438834,284.37050724952974,273.2473734605908,900.0,860.0,0.44749999999999995
43654,62.41432009719488,113.74083030880907,1.2765260934829712,62.35695680032203,105.66597105071202,280.9877231805041,185.5655701940383,900.0000000000001,840.0,0.44749999999999995
43909,65.86796317513533,111.77302803580217,2.687753438949585,73.76191298316375,110.66112882193052,268.15380253472307,88.59806459540846,899.9999999999999,860.0,0.44749999999999995
44196,68.35401640163633,115.06673497477856,4.179014746342794,70.22162712828587,123.22415452575335,271.5153704973022,5.645161810213153,900.0,860.0,0.44749999999999995
44440,67.49156561423474,117.03368179441436,4.839382831250326,67.25203779458646,119.57150830733165,274.2713169255354,356.6691545167161,900.0,880.0,0.44749999999999995
44719,67.51400925043062,117.01198788139764,4.83157462278475,67.26123038190009,119.03665728543831,274.2991138485686,357.4940912268641,900.0,880.0,0.4275
44970,67.22687007874016,117.27165162093996,4.956905070935385,65.10779463867833,120.3642330502365,276.1120162668979,343.7245472085126,900.0,880.0,0.4275
45221,64.76753294937254,117.79313215120571,5.780524853860037,60.33850758714207,118.53906580514047,280.5624862512309,298.8468748336549,900.0,860.0,0.44749999999999995
45479,64.54475943497786,117.80773252952757,5.827466611062185,62.728739656215296,118.72195077007251,278.40830366027694,304.4546827703329,900.0,860.0,0.44749999999999995
45741,65.78471987266241,117.91859544168308,5.445142392312185,68.14675076828215,119.10597594402768,273.49414067403256,333.0020243176289,900.0,860.0,0.44749999999999995
46016,65.94928411048228,117.91804756705216,5.386703614388601,64.65660976683434,119.50192952566239,276.5964085755802,327.94483870662754,900.0,880.0,0.4275
46285,66.25423881951279,117.86627822034941,5.298830632363455,64.9409805822914,119.67530211505475,276.32595736205616,332.1540745599875,900.0,880.0,0.4274999999999998
46568,66.25821811946359,117.87374661663387,5.297876004372732,65.1249485995356,119.57183130568148,276.1723318591028,332.64877263368004,900.0,880.0,0.44749999999999995
46790,65.13846810408465,117.99771046075296,5.6606327334987085,60.10828207657127,118.55318399135135,280.76381309559537,304.27035049067104,900.0000000000001,880.0,0.4275
47074,64.91307536448082,117.97689122477856,5.7089983264552515,63.20667201900915,119.08828391450916,277.9348408381974,310.81754680889196,900.0,860.0,0.44749999999999995
47314,64.87353707861713,117.99771046075296,5.708552006875173,62.91381850328836,118.79521541175158,278.23329597337744,311.42814485179247,900.0,780.0,0.5075
47590,64.90092119832677,117.9881466843012,5.707887295876638,63.198289071022906,119.09969471104854,277.9408909330851,310.87325227847765,900.0,860.0,0.44749999999999995
47865,64.89114115557334,117.99160694512796,5.7078081409083765,63.24951488668554,119.29908177596313,277.87070230176505,311.10785873337835,900.0,880.0,0.4275
48143,66.06224240280513,117.91607714074803,5.349541787301199,67.83821388294011,118.82665286333342,273.78987107091,337.4906577105674,900.0,860.0,0.44749999999999995
48411,67.50865545798474,114.02029442974901,4.93805426756014,68.59323493036914,106.32197428904561,273.8729775013047,352.30100825317226,900.0,840.0,0.46749999999999997
48664,69.22627126138042,104.50292392039862,4.745931331311361,71.55687222111396,91.1093077526341,270.7231131885494,7.090694123360777,900.0,860.0,0.44749999999999995
48927,68.7697859636442,93.33683524544783,4.28800076643099,64.84373056644225,79.01232353886901,287.2744152371904,45.488769833019546,899.9999999999999,860.0,0.46750000000000014
49181,63.44863050565945,82.15519462044784,4.255000654851095,55.35325694736811,66.6918220265711,327.28829526801024,83.37669759763571,900.0,840.0,0.46749999999999997
49448,55.896082600270674,70.14804149237204,4.341939632092611,46.45149870824841,57.62296534642195,356.3651768618389,102.6379865718211,899.9999999999999,860.0,0.46749999999999997
49706,49.02321642778051,61.202849140317426,4.682661716138021,39.69918813365737,48.97583282193328,12.268587294771494,101.15605450746844,900.0,860.0,0.44749999999999995
49965,44.732752522145674,49.31175412155512,4.726265613232748,40.58056157969683,32.685612873810456,36.576783736397445,125.43723404123627,900.0,860.0,0.44749999999999995
50225,43.994799035740655,35.89388869878814,4.822361652051107,45.120040112411225,19.742805431562974,53.447908655836024,131.15772195302148,900.0000000000001,860.0,0.44749999999999995
50520,47.38569605068898,22.502607210414617,5.038589183484213,52.3146772557635,7.687017783706565,67.83135970409339,138.23994641580336,900.0,860.0,0.44749999999999995
50770,52.40890863373524,17.028118944543554,4.9249789158450525,57.46811903216502,17.70747180470306,69.21842083318167,152.75764528161073,899.9999999999999,840.0,0.46749999999999997
51028,55.12048916553888,20.008289006751355,4.559202853833334,58.73237388860975,29.25889463321935,63.611645568814694,169.50070070367815,900.0,840.0,0.44749999999999995
51277,58.23195089505414,24.40094955324188,4.032484594975607,64.33563561232637,30.327201761220696,73.37751661997338,214.2460688096383,900.0,840.0,0.46750000000000014
51544,58.53949599378691,24.74252055010458,2.920663595199585,58.25209683145159,23.812728234856067,66.87158898194468,280.59474670738757,900.0,840.0,0.46750000000000014
51812,57.01926884688731,25.433794156772883,2.2057549953460693,58.13713051868761,24.24077819937934,66.41877753308843,300.6766749796,900.0,860.0,0.4275
52068,57.001808947465555,25.463374580923965,2.212369680404663,58.22171373596207,23.83157188904227,66.81372378032705,300.08143764686093,900.0,880.0,0.4075
52320,58.56447234867126,25.51582636795645,2.8019120693206787,64.26551651607878,25.355569910148773,75.83470873221309,257.5350961863868,900.0,860.0,0.44749999999999995
52585,60.14215424304872,26.710169033741387,3.4696946779834192,62.608996452025394,27.65168013068028,71.67141391062748,231.56504992273102,900.0,860.0,0.44749999999999995
52851,60.14445627768209,26.698702113834894,3.4640231768237513,62.077693804824975,27.34239412106327,70.90228440830835,232.42337093901403,900.0,880.0,0.4275
53102,60.144494725024614,26.698867917999507,3.4639859835254114,62.07832405236575,27.347282988131862,70.90038730265334,232.43770542550715,900.0,880.0,0.4275
53360,60.144537978284944,26.699204332246556,3.463922087346212,62.077919226622754,27.34362393677898,70.90192664595362,232.4302225500627,900.0,880.0,0.4275
53615,60.35943939929872,27.059847613957924,3.6045928637133997,63.39235666285288,29.540171094621012,71.97978207297325,217.68208807573833,900.0,860.0,0.4275
53886,60.2069091796875,29.437299112635337,4.40727681318392,60.11024379217587,33.003603541626426,62.65981879651169,162.98004235752683,900.0,880.0,0.4474999999999998
54161,60.167370893823815,29.563245397853102,4.427941981946127,60.732420921376786,31.527346724597272,65.27794310696935,171.6136392053745,900.0000000000001,880.0,0.4474999999999998
54420,59.74478173443652,28.28823299858514,4.418390933667318,58.53489904143407,24.581194209697482,66.80156589687292,173.9166334488266,900.0,880.0,0.4275
54685,57.26017989511565,20.70278377983514,4.111719671879904,54.13972419533779,10.194351822967842,68.69848006803585,201.36813087494664,900.0,860.0,0.44749999999999995
54948,54.70824714720719,14.642402468703864,3.5792108217822474,53.49622323896624,10.252296905889143,67.97792626011604,229.61488470575978,900.0,860.0,0.4275
55225,53.05887537678396,12.18562689353162,3.142355505620138,54.418879678263586,11.367502608270183,68.50009774212243,249.1730647357121,900.0,880.0,0.44749999999999995
55477,52.33422947680857,12.236765463521161,3.1560550371753138,53.057792431012174,12.173353108829856,66.62563491207013,245.67859571920164,900.0,880.0,0.44749999999999995
55755,51.93607840951034,12.262145515501969,3.167752806340353,51.80189378930549,12.286648053064807,65.20032194460534,243.8509491352728,900.0,860.0,0.44749999999999995
56006,46.38997235636073,12.266158456877461,3.297614638005392,37.87746092674068,11.900167453115694,52.26884899581359,218.80966499040818,900.0,860.0,0.44749999999999995
56270,36.251424954632135,10.614541121355192,3.346661154423849,22.151314141491603,7.556177536857872,44.18114549771196,212.1046150004074,900.0,860.0,0.44749999999999995
56547,31.24878169983391,9.158948162409265,3.309448782597677,34.695865571710485,9.031582871044757,51.54203765311729,222.81621894440195,900.0,860.0,0.44749999999999995
56794,28.30315537340059,8.812988761841781,3.300377432500021,21.780428715502765,8.084893628045315,43.65478896066888,214.72826150446207,900.0,840.0,0.4875
57068,19.560354638287404,8.333827341635397,3.087162733078003,9.303769787584722,6.607812352055074,38.231094786269225,227.09204960632172,900.0,820.0,0.46749999999999997
57322,19.70774372731607,7.688870167169046,3.008704900741577,26.09444592159118,7.157838933513039,46.77525484949879,233.88498711632735,899.9999999999999,820.0,0.4875
57586,17.70363875261442,7.97139685923659,3.0120227336883545,11.55184685729297,8.773842885428344,37.99934309142676,225.43972345914642,900.0,840.0,0.4674999999999998
57835,10.87022916538509,9.045913576141118,3.0862128734588623,8.465191266899321,10.256535798526075,35.752938114746556,214.63168163483732,900.0,820.0,0.46749999999999997
58098,13.967043658879797,9.234456940898745,3.1465850512133997,23.93193062080767,8.965560361937467,44.37730044549037,224.34403085875218,900.0000000000001,840.0,0.4674999999999998
58357,16.77679467388964,9.250864344319021,3.1315743923187256,19.082571785473455,9.11920118116212,41.53849082284952,222.48951290075752,900.0,820.0,0.4674999999999998
58609,11.882199264886811,9.479290218803825,3.12689471244812,7.606008599318894,9.838420536860486,35.63528541545865,216.65937623441744,900.0,820.0,0.46749999999999997
58882,11.188105785940577,9.514804749976932,3.1313531398773193,13.307863112642403,9.517570164847115,38.378178515017794,219.05070344000904,900.0,860.0,0.46749999999999997
59140,10.317088450033832,9.568136620709277,3.147803846989767,12.349319726137747,9.552880004103073,37.9061789858275,217.4638218065738,900.0,820.0,0.4875
59396,11.908946600485974,9.536498662993665,3.1484761873828333,19.96339591143999,9.68274998123548,41.67195320335996,221.50617495948705,900.0,800.0,0.5075
59659,20.032608152374507,9.304602315106731,3.126398801803589,36.78645487161904,8.415630692411007,53.49769383721316,235.1984508087267,900.0000000000001,800.0,0.5075
59913,32.3712158203125,9.044578131728287,3.123481512069702,55.061128203824296,8.437418454319658,70.39722221345073,251.59529387494766,900.0,840.0,0.4875
60189,48.79831869771162,8.65577577605961,3.1280410289764404,75.08784761760566,8.66784445765661,93.73256369251904,274.3502785422001,900.0,840.0,0.46749999999999997
60459,64.75856030081201,7.700497484582616,3.1541505495654505,87.30960671912906,5.37121243821615,106.82475809894426,284.39802038404144,899.9999999999999,840.0,0.44749999999999995
60727,71.93101297213336,4.895250816044845,2.4471919536590576,80.02869886630786,3.784771405577389,98.74143153813739,332.38345863623135,900.0,840.0,0.4875
60986,73.30843227116142,5.318089883158526,2.3074147701263428,73.49367663588322,5.006893051225919,91.67781310982822,319.3146516248763,900.0,840.0,0.46749999999999997
61240,69.04057059701034,10.112899419829603,2.3254830837249756,61.90254735438852,18.218537600395678,75.03687869617707,301.4238346744929,899.9999999999999,820.0,0.4875
61503,60.85507370355562,18.897391491987573,2.3557193279266357,48.73657148270527,31.216270325852598,46.812339999875384,270.80093706027066,900.0,820.0,0.46749999999999997
61784,52.92174331785187,28.217920017993357,2.9040420055389404,46.37523327655204,37.97373787972988,35.12524776205884,217.00190608292712,900.0,860.0,0.44749999999999995
62049,47.62189249354085,34.110636072834644,3.896416250859396,43.36969653068323,43.54428049636089,23.51162746996776,143.29842380665556,900.0,840.0,0.46749999999999997
62327,45.99225382166585,35.24392916461615,4.0801244417773646,47.04520259207997,36.875075841366105,37.46592983341347,163.15379041893584,900.0,860.0,0.44749999999999995
62601,46.03664127860482,35.24403729776698,4.077111784611837,47.248351015125955,36.88113993231177,37.68349293960705,164.0731578566303,900.0,880.0,0.44749999999999995
62848,46.019162155511815,34.42206435316191,3.8289924303637903,47.39026180615126,34.556188046334796,41.06741989570596,186.84082026155357,900.0,860.0,0.4275
63116,45.96720057209646,34.36852402574434,3.8249011675464075,47.57720903534075,35.54627895950851,39.94566874336235,180.60274949620262,900.0,880.0,0.4275
63371,45.967061200479826,34.3817138671875,3.825674597417013,47.54522791626681,35.673385921663275,39.73309234022573,180.5446477755395,900.0,880.0,0.4275
63638,45.96712848332923,34.38138466181718,3.825738493596212,47.54706439314006,35.66899679982912,39.74128877422297,180.53943401624616,900.0,880.0,0.4275
63903,45.967090035986715,34.38162495770793,3.825690809880392,47.5489491957248,35.661537795270235,39.75379222677057,180.53201636857543,900.0,880.0,0.44749999999999995
64162,45.967099647822344,34.38172828494095,3.8256707827197474,47.546861010622735,35.67041266534125,39.73909291110745,180.54640351666933,900.0,880.0,0.4275
64426,45.96710445374016,34.381721076064224,3.8256612459765833,47.547197200694,35.66912839106735,39.74125944439968,180.54522924713763,900.0,880.0,0.4275
64688,45.967133289247045,34.381528839351624,3.825695578251974,47.54756780114845,35.66724253889234,39.74429891962148,180.53904636912876,900.0,880.0,0.4275
64952,45.967248631274614,34.38112994817298,3.8257737795459192,47.54747074579006,35.667551251714045,39.74375945550565,180.5374689002307,900.0,860.0,0.4275
65203,45.967272660863685,34.38105545644685,3.8257842699633997,47.54803097350837,35.66516320923105,39.747712863352426,180.5332203262362,900.0,860.0,0.4275
65463,45.96720057209646,34.381336602639024,3.825724188481466,47.54632210174552,35.67237055253567,39.73575947576252,180.54548981601914,900.0,880.0,0.4275
65727,45.98815437376968,34.3886199710876,3.825226370488302,47.768333201627996,35.396013209899756,40.374240280751856,181.10981126404778,900.0,860.0,0.4275
65985,45.963134765625,34.37461792953371,3.8245635668383997,47.689812545657,35.572523900501835,40.0398183687866,181.27239869762226,900.0,860.0,0.4275
66241,45.96786859467274,34.387156569112946,3.827416006718771,48.490575884792214,36.20848540733947,40.09250029473551,180.20903315056125,900.0,880.0,0.44749999999999995
66507,45.96874327171506,34.394730695589324,3.8258214632617396,47.52020731462742,35.81197626183236,39.511759567541006,180.66666634015274,900.0,860.0,0.4275
66776,45.954085222379426,34.378753421813485,3.8256621996508997,47.51873080805143,35.78444028870874,39.54840188382633,180.6839911147657,900.0,860.0,0.44749999999999995
67025,45.95505121186024,34.378866360882135,3.8262067476855677,47.30655077428821,35.49635184555444,39.703779288009805,180.50224859670394,900.0,860.0,0.4275
67277,45.956733283095474,34.379546398252955,3.826331679021017,47.53507173477409,35.6717072614281,39.72372385853033,180.50101641286724,900.0,880.0,0.4275
67545,45.95761276605561,34.37956321896531,3.826016966496603,47.53626985474473,35.67031020883866,39.727038620736046,180.50349693091837,900.0,880.0,0.4275
67808,45.95236950971949,34.37095582015871,3.826754156743185,47.5427105597471,35.64576411240137,39.76844476722459,180.45263149604168,900.0,800.0,0.5075
68054,45.95411405788632,34.37090776098056,3.8261504809008997,47.540570016901604,35.63468677661647,39.78130734228269,180.49782396416987,900.0,800.0,1.0
68324,45.954455278051185,34.37720111035925,3.8259998003589075,47.29728656787965,35.47134440836286,39.72754276418588,180.50464605320306,900.0,860.0,0.46749999999999997
68601,45.95949668583908,34.3878486212783,3.82835823694338,47.79624909001502,35.7447455748509,39.92475881975614,180.16650626193902,900.0,860.0,0.44749999999999995
68864,45.945146215243604,34.33343842273622,3.8092532793628138,47.68158197963134,35.62444070102218,39.95847436752511,181.3913533764578,900.0,880.0,0.4275
69115,44.768820935346945,32.43671086829479,3.074232816696167,43.55526766066184,29.221174292944376,43.272105519217384,245.7484897975825,900.0,840.0,0.46749999999999997
69374,41.40280415692667,32.17453123077633,1.9218813180923462,36.525084486008566,32.15112490919384,33.911927548182,306.0944560727877,899.9999999999999,860.0,0.44749999999999995
69642,39.44701667845719,35.48632764440822,0.6233011484146118,37.03344505538286,39.75510309212561,24.918820165225988,9.361308404022736,900.0,840.0,0.44749999999999995
69912,39.814727062315455,36.733376810869835,0.2463919073343277,37.516070593097815,35.834780227105256,30.31787993258513,15.557612321810609,900.0,860.0,0.4475000000000001
70199,39.647524375615156,36.74148679718258,0.2510172128677368,37.8866885787664,36.24638779544439,30.073363165811312,15.82866794382386,900.0,860.0,0.44749999999999995
70471,39.99930314191683,36.78486981729823,0.2535473108291626,39.4335609625885,36.43558321903112,30.995509174953757,16.397629725487946,900.0,880.0,0.4275
70718,45.34490630382628,38.02663968304011,0.26699793338775635,54.66935788276005,40.17970031528769,42.39143315135171,26.87216645197151,900.0,840.0,0.4474999999999998
70985,54.80630709430365,39.948718453955465,0.5592876672744751,65.16822079044577,40.67852303906305,65.9681178505148,23.414384212794175,900.0,840.0,0.44749999999999995
71239,64.37078040415847,45.35218726931594,0.7735840082168579,77.41011998393545,55.94753455739036,179.44438307984575,134.65041357742524,900.0,840.0,0.46749999999999997
71493,74.36052938145916,54.57134096641241,0.855044960975647,87.98399984720295,66.63437073636693,213.63635850888807,160.88151675386916,900.0000000000001,840.0,0.46749999999999997
71752,83.37400421382874,64.82500211460383,1.095680832862854,94.31189248691517,80.0890410178933,227.19334739877394,163.50422274940956,900.0,840.0,0.46749999999999997
72016,90.84224670890748,78.53003314160925,1.0190778970718384,99.32060257073758,96.02422374707905,235.68248899261133,183.72639202304106,900.0000000000001,840.0,0.4475000000000001
72282,98.71828094242126,90.24146853469487,0.5111051797866821,111.41553153537664,101.85367153775834,229.31785048609316,203.3919895120398,900.0,860.0,0.46749999999999997
72545,110.57721956508367,97.3949234128937,0.5973564386367798,125.59657774468178,104.35922113693121,222.05936391539828,180.44174710932748,900.0,840.0,0.46749999999999997
72809,119.90833192359744,102.45710237758367,1.2688251733779907,130.86159794533532,110.02708136945122,222.54777677010938,138.8773978714254,900.0,860.0,0.46749999999999997
73064,124.34092604269193,112.16253806286909,1.465549111366272,128.65984726612396,125.62438799183292,230.86154115731583,145.0093698313184,900.0,860.0,0.44749999999999995
73317,125.78774760088582,118.18646768885336,1.5193907022476196,126.46679378241244,122.50980045310955,230.68496415621726,143.5492512758101,900.0,880.0,0.44749999999999995
73591,125.64177265317421,121.19613527312993,1.52718985080719,124.42754363495904,125.19549471011769,232.84978112119578,144.91226256330367,900.0000000000001,860.0,0.42750000000000016
73857,124.60313691867619,122.08407664862206,1.4137274026870728,124.47364634808368,118.51910843095473,229.99253323455451,148.08954754466566,900.0,860.0,0.44749999999999995
74115,124.02653251107284,116.69934370386319,1.4090553522109985,121.89443273707421,102.67312526108714,223.0894317655299,142.94155526409725,900.0,840.0,0.46749999999999997
74372,123.04331862081693,106.49172805425688,1.4009348154067993,121.39883083225796,88.80736081666737,213.58942228237632,133.24975470695517,899.9999999999999,840.0,0.44749999999999995
74626,124.0677288385827,98.6685973640502,2.023958921432495,128.39228546204748,88.42204059822905,209.8962113045717,74.89053668063553,900.0,840.0,0.46749999999999997
74895,127.44725024606299,96.64160540723425,3.21407658258547,133.9178704925948,97.0133992610594,213.5198491974831,11.008683615799328,900.0,820.0,0.4875
75152,125.30284971702757,94.7804656742126,3.8028245607959192,118.87163669655027,89.23523288501544,215.3392783831799,354.505356194122,900.0,820.0,0.4875
75418,117.48729315329726,88.48545344795768,3.8505569140063685,106.39600782239006,78.79836532702753,213.5372174055487,352.53812955385683,900.0,800.0,0.5075
75716,107.10835614542323,80.38803941621555,4.1433425585376185,96.4542920493916,73.10127463679508,214.96570470404595,330.36521231097004,900.0,840.0,0.4875
75963,100.22720457062007,71.42227292999507,4.353640262280599,92.01185061257252,56.391289777719805,181.12015609347077,290.8362846098563,900.0,820.0,0.4875
76240,94.37408687561516,57.2556671382874,4.3683592716800135,86.65268774208798,39.678364672875986,131.91579137066472,241.34664168290948,900.0,820.0,0.4875
76505,88.32677165354332,41.70582688699557,4.420511905347006,81.96301401133569,20.61300961219186,105.72427559116844,212.64479169571658,900.0,820.0,0.4875
76756,83.23586291215553,25.6043441652313,4.4325472752200525,75.85896010339476,3.8263118968651533,94.23010647840346,200.13154797614982,900.0,840.0,0.4674999999999998
77008,78.49217212106299,9.618312204916647,4.439647380505697,73.33927873565955,-8.337731360330537,91.19251855409334,197.19630341476685,900.0,860.0,0.44749999999999995
77275,77.29327344518947,8.906968484713337,4.56009549299349,77.92463629684804,18.06742012322665,98.87722463192053,196.99554128164,899.9999999999999,840.0,0.46749999999999997
77537,79.07482237327756,17.284184253121925,4.560242358838217,82.22889288752215,34.758713848869306,115.71347251145538,214.38102070643305,900.0,840.0,0.4875
77804,81.29305141178642,30.015222744678887,4.555686656628744,84.88273531250911,51.44804976677756,160.53978819989277,259.45049302569623,900.0,820.0,0.4875
78065,83.12902735912895,40.72612612266241,4.563454333935873,85.39646279230777,51.34687673379092,160.84585636330945,260.7443518583345,900.0,840.0,0.46749999999999997
78311,84.06436469611221,41.49884561854085,3.8220840136157435,85.83881661409858,41.26402352689649,133.20168101617415,293.4603148183834,900.0,820.0,0.46749999999999997
78579,81.89203217273622,39.975559504952024,2.6136929988861084,79.19094769582068,38.42720450332319,112.25482405315739,343.439580118339,900.0,840.0,0.46749999999999997
78838,78.86716827632874,43.0397430179626,2.0346009731292725,75.83280388756313,49.184374377144074,119.35145961758859,4.431039587552789,900.0,820.0,0.46749999999999997
79082,75.06279892808809,51.59360390009843,2.040940046310425,69.21233673179238,64.69202681989469,287.7818244091021,170.8682624562963,900.0,820.0,0.4875
79361,69.00529516024852,64.21224278727854,2.0268733501434326,61.254839958925515,81.31804732064629,292.9967143249806,176.3376554904048,900.0,820.0,0.5075
79619,63.775937538447344,76.25403697096456,2.3823249340057373,57.815387280967414,89.73119168923938,292.8076868532754,148.8302761623005,900.0,840.0,0.46750000000000014
79900,53.75873235266978,87.21315398929626,2.5250184535980225,40.93780337735321,100.493383375995,304.9200756224685,157.63199976319754,900.0,820.0,0.4875
80167,41.408537616879926,96.39823372908465,2.633430242538452,23.316196112932754,107.76169689951209,313.24486797373,162.0718828597976,900.0,840.0,0.46749999999999997
80415,29.86580195389395,103.75630536417323,2.874403715133667,18.359964586198483,112.49820360968846,313.5134660771433,144.73050075251808,900.0,860.0,0.44749999999999995
80672,23.833856056994343,106.68577179195374,2.9757726192474365,17.996729426601952,107.98714279423614,316.08973707879386,145.9668312816135,900.0,880.0,0.44749999999999995
80939,18.3370803472564,107.93019692728839,3.1902757326709192,15.395827638213802,108.64155557613924,317.07735101525384,134.7187079902793,900.0000000000001,860.0,0.4474999999999998
81223,18.92643365334338,107.61848509781004,3.157292906438009,22.533692684641913,107.35525780882823,313.92665591983405,133.54005480761032,900.0,840.0,0.44749999999999995
81486,24.8473159910187,107.50525767408956,3.1491504351245325,39.46182391958089,107.58257960003077,302.2436375066798,122.18311473349183,900.0,840.0,0.4674999999999998
81756,36.49909072034941,107.3875991941437,3.1441007296191614,57.9929124160748,107.0162352150056,285.3528840945356,105.27200839395903,900.0,820.0,0.4875
82025,51.51951587106299,107.26472148745079,3.216074530278341,75.06696665841572,107.74266108399942,266.60784966824826,78.93022183929884,899.9999999999999,840.0,0.46749999999999997
82277,60.49953670952264,107.64047697773131,3.3007198015796106,68.39521819951294,108.27774984420739,273.9445532835593,84.52618034902446,900.0,860.0,0.44749999999999995
82547,61.869833638348915,107.79103677103838,3.307471815739767,64.12132136801725,108.0627081238839,278.6053087824024,88.7261680575005,900.0,780.0,0.4875
82822,61.76775113804134,107.77570589320867,3.3058133761035364,63.78711181173046,108.15104510705302,278.94959228429184,89.64554840180176,900.0000000000001,820.0,0.5074999999999998
83071,61.77318182517225,107.7786759504183,3.305809561406271,63.81065581255849,108.1916729005279,278.91751455924737,89.71160574254156,899.9999999999999,840.0,0.46749999999999997
83327,62.33253298781988,108.70308463029036,3.6709066073047083,65.85245068606284,112.32583025500564,276.22875764918024,52.64132186748486,899.9999999999999,840.0,0.46749999999999997
83598,61.614884504183074,111.84183916707677,4.795366470013754,57.985902242392626,118.27807773790853,282.68172349093015,347.6076092599539,900.0000000000001,840.0,0.46749999999999997
83858,59.542563130536415,112.28416623093013,5.760886315499441,58.47799615914979,111.78523083493602,283.6253569062214,304.5060937615487,900.0000000000001,840.0,0.46749999999999997
84122,66.21033195435533,108.9760223148376,5.829047803078787,76.42491372883478,103.91115069149618,264.7233222662594,290.21520116992247,900.0,820.0,0.5075
84401,76.63273848886566,103.85679710568405,5.575837258492605,88.99582110747123,98.60034129973852,248.24999038800456,297.267821370826,900.0,820.0,0.4875
84663,84.8876664769931,97.1566267839567,4.951450053845541,93.52710814504533,86.74996862928897,235.00531614338604,320.90750602772914,900.0,840.0,0.4875
84943,88.42846487450788,85.0110824464813,4.847153369580404,91.20819694164574,68.45063574312033,212.95106027763367,295.0773578136336,900.0,820.0,0.4874999999999998
85206,90.67244402066929,69.73965862604577,4.8490511814700525,93.68604568289922,48.8288491850481,161.70196025625899,245.09896816288534,900.0,840.0,0.48750000000000016
85463,92.77332215797244,53.5882568359375,4.833975974713461,94.903639622805,30.973769865149194,132.46429380518063,216.06186883455084,900.0,840.0,0.44749999999999995
85738,94.44352277620573,35.9684356929749,4.614558879529135,96.06315313994517,13.530572360736848,119.53586580203326,220.11716770514943,900.0,860.0,0.44749999999999995
86007,92.80595433993602,18.60967681163878,4.46825093427767,89.7928925590078,-2.57422529488953,106.89702886051376,212.48485291522533,900.0,860.0,0.4674999999999998
86283,90.43953963152067,5.7477605624461745,3.8574052492724817,90.18557553644507,-0.6994707074040587,107.78292899257691,252.2931430119064,900.0,840.0,0.44749999999999995
86545,90.62609574926181,6.299931083138534,3.5478044191943567,93.17343527536748,8.275646271882856,113.92499501221756,273.8430331568634,900.0,860.0,0.44749999999999995
86831,89.27376814714567,5.727739709568774,3.254767958317892,86.20157608936115,5.31314768293967,105.65194971938622,285.69187219404364,899.9999999999999,860.0,0.46749999999999997
87110,80.69958784448819,5.349106075256829,3.2015205065356653,67.41384119983542,4.134908465309778,84.9467767975155,261.79259136063,900.0,820.0,0.4875
87361,72.67167219026821,5.200172484390379,3.2432075182544153,71.27005219517793,6.229905377143205,89.15973778153851,262.73409514872685,900.0,840.0,0.4875
87639,77.28201317974901,5.6984109953632505,3.255850378667013,89.16537394799175,6.494511111285794,109.12331260986073,282.46573975469494,900.0,800.0,0.4875
87896,80.73330616387796,5.965975063053643,3.262289587651388,84.5138046147978,6.404874601927625,104.16124138388359,277.19305381615453,900.0,860.0,0.44749999999999995
88165,80.31932920921506,5.768085389625369,3.1607795397387903,79.61856436718249,4.816726505572982,98.46624236019443,283.46419749990736,900.0,860.0,0.44749999999999995
88428,74.47859636441929,6.400762242595042,2.8984572887420654,64.43462509101246,8.82857160704475,80.88847027108619,275.40046048406003,900.0,840.0,0.44749999999999995
88691,63.31635242372048,9.18562220776175,2.8978402614593506,47.070846515296836,13.158006636311578,59.805476792320135,253.55089316555006,900.0,820.0,0.46749999999999997
88954,50.68710687592274,12.877770371324434,3.1085221767425537,37.29881554913508,18.68379273648819,47.07955286061336,220.87214114593917,900.0,840.0,0.44749999999999995
89215,43.73241034079725,15.116971233698328,3.5819736162768763,39.55806644669942,16.208641051442317,50.8096056698645,203.98623533987856,900.0,840.0,0.46749999999999997
89477,42.4761962890625,14.685982531449927,3.5890279451953333,43.81230261646833,15.435786216577617,55.20492009097164,209.84080222402758,900.0,860.0,0.4275
89745,42.52541369340551,14.714020255982406,3.5903402010547083,44.09340962335265,15.476863349926377,55.44643992832069,209.74953682240115,900.0,880.0,0.4275
90012,42.52180925504429,14.711619700033834,3.5904718081103724,44.35839310592319,15.59758104766265,55.62173540631047,209.90763215356634,900.0,860.0,0.4275
90271,42.52180925504429,14.711572842335139,3.590477530156271,44.35838398878526,15.598086720885805,55.62139240598883,209.90845715326384,900.0,880.0,0.4275
90540,42.52180925504429,14.71145389586922,3.5904956499682825,44.35836950106182,15.589009485047436,55.627376581336925,209.8855029329207,900.0,880.0,0.4275
90791,42.03039454662893,13.876820962260089,3.2509875933276575,42.16469871971472,11.512244141542533,56.152584859275805,242.98861789047078,900.0,860.0,0.44749999999999995
91062,39.34781532587968,12.794570322111838,2.2253987789154053,37.623156957946904,11.205911303193735,52.49587029831151,301.04172304808844,900.0000000000001,860.0,0.44749999999999995
91345,38.99544543168676,12.826779583307703,2.1147620677948,40.251553775077525,10.869432725805728,54.874384586415665,293.8619780780339,900.0,880.0,0.42750000000000016
91591,40.48409529558317,12.667026069220595,2.6717469692230225,45.77109206127397,11.991270253698358,59.20534127628606,249.4513705696274,900.0,840.0,0.46749999999999997
91873,42.85150002306841,15.115374467504306,3.879662100468771,46.511347653543076,20.99940953123252,53.93658523189514,173.32234231446785,900.0,840.0,0.46750000000000014
92144,40.73657899390994,13.237812913308932,4.03083569208254,35.93509741578892,8.367936625576009,52.86859690717501,183.95778895412414,900.0,840.0,0.46749999999999997
92400,36.857362281619096,10.600022443636197,4.123916212712423,35.23806577039439,13.601248856239366,49.07300175216765,170.04840511760113,900.0,840.0,0.46749999999999997
92648,37.744251161109744,12.27344663124385,4.135111395512716,42.736827932190536,19.733921537567486,51.099870106226234,174.56499460910666,900.0,860.0,0.44749999999999995
92903,42.153834545706204,18.94427081731361,4.10786205927004,51.67481736461496,32.41961814971569,49.24020422084909,175.2735021074251,900.0,840.0,0.46749999999999997
93178,46.585140678826285,24.106690414308563,3.453562323247091,51.634511953662916,27.34194919376553,54.60096785747813,230.97850662506897,900.0,840.0,0.46749999999999997
93453,46.21230238065945,25.73892668476255,2.9930102825164795,44.72640507892397,27.148442431240674,46.61045066818995,236.20991987880467,900.0,840.0,0.46750000000000014
93704,39.62555412232406,27.009471983421506,2.9934470653533936,28.51222510014142,29.353197765964023,31.497566578403955,219.74800166649334,900.0,820.0,0.46749999999999997
93972,29.87169160617618,28.423079843596213,3.00366473197937,21.41956745392023,29.744912397378226,27.432742034789918,215.00086833051097,900.0,860.0,0.46749999999999997
94234,27.42867297074926,28.747943067175196,3.0040290355682373,28.431709228325236,28.59872438075273,32.166896989310665,220.01426379221363,900.0,860.0,0.4275
94488,27.40890863373524,28.73992199034203,3.001572370529175,29.45206222044523,28.496436667945026,32.879174724816586,221.0178933790464,900.0,880.0,0.4275
94747,27.39835724117249,28.738533080093507,3.0017592906951904,29.41777422422641,28.455592843931196,32.89689802217672,220.91347403342277,900.0,880.0,0.4275
95002,27.39824189914493,28.738352858175443,3.0017974376678467,29.41174291628603,28.446554910891823,32.90176969103354,220.8843852293642,900.0,900.0,0.4275
95266,27.397739680733267,28.73606764425443,3.001873731613159,29.417744673939442,28.455742622583013,32.896737807217924,220.90773775617117,900.0,880.0,0.4275
95547,27.902077502153052,28.65528016578494,3.002746343612671,32.285666150846446,28.020954266727358,35.16498244048479,223.08000924954592,900.0,860.0,0.4275
95799,33.45237912155512,28.515716312438485,2.9938409328460693,46.746895082242034,28.076383792103634,47.874953313123086,236.5380364596969,900.0,840.0,0.44749999999999995
96077,43.741382989357774,28.657966673843504,2.9913299083709717,61.630734879659244,28.793225566730563,69.13675252558549,257.67384705563757,900.0,840.0,0.44749999999999995
96347,55.99954920490896,28.71358075479823,2.981613874435425,75.66370863265904,28.79932835722314,97.67110706839097,286.85983726479753,900.0,860.0,0.46749999999999997
96612,68.92576202632874,28.667619359774854,2.980656385421753,89.9945154243608,28.741880709721844,123.43089688588849,312.697132159428,900.0,860.0,0.44749999999999995
96863,79.48401263379675,31.046205055056596,2.9814555644989014,94.15507657968395,35.52280791055343,137.2538352120256,326.0171139171754,900.0,860.0,0.44749999999999995
97125,83.14748208353839,31.64974182609498,2.9775092601776123,87.14730066832908,31.02335691621885,121.23507849855268,310.705331181422,900.0,880.0,0.4275
97423,83.28933355376478,31.622038112850642,2.9784114360809326,85.2680558482987,31.23141582121213,118.17710087814054,307.32527808485895,900.0,860.0,0.4275
97681,83.28977569820374,31.622482660248522,2.9783132076263428,85.29984416468396,31.289269177577903,118.29008842532748,307.638114682847,900.0,880.0,0.4275
97948,83.21573572834646,31.10686534971703,2.9814212322235107,84.7537444215284,27.804057559307164,114.33845355424646,303.55617029096084,900.0,860.0,0.44749999999999995
98204,82.35798512856792,26.0641311285064,2.9657227993011475,82.71727517935254,15.912839404624753,104.96792747028579,295.4339235105191,899.9999999999999,840.0,0.46750000000000014
98483,80.77160932886319,17.37312977708231,2.955467939376831,80.05303090764383,3.928291263115476,98.79130059354793,289.4916281045156,900.0,840.0,0.46749999999999997
98740,79.04984121247539,8.580896572803889,2.9451091289520264,79.30724530025743,-1.7449732561973619,97.21206963569318,289.41290182588097,900.0,860.0,0.46749999999999997
99005,78.89114019438978,7.223969106599102,2.9372270107269287,81.24025976900293,7.234673802659271,100.7294420004011,292.32465567172926,900.0,880.0,0.44749999999999995
99275,75.46385757566438,8.086073867918,2.941969633102417,67.72274546619332,10.021900034322904,84.68518008354465,275.75610148481303,900.0,840.0,0.44749999999999995
99544,65.0080643300935,10.288486030158097,2.953702688217163,49.570380889108904,13.345660622973085,62.26253596795637,252.72038323646262,900.0,840.0,0.46749999999999997
99804,50.943286325049215,12.964073841966044,2.9649970531463623,30.633240550829147,17.04213028746019,43.28224714653747,233.3974322133102,900.0,840.0,0.46749999999999997
100073,36.943671759657974,15.676726093442422,2.9778058528900146,23.742488138168376,18.9052792431258,37.54886303469711,226.4558030494136,900.0,840.0,0.46749999999999997
100329,31.319008173905022,16.696705254982778,2.976203680038452,30.166343065666513,17.14459087906555,42.886162151882324,232.3348759732803,900.0,860.0,0.44749999999999995
100599,31.92666842242864,16.57843642347441,2.9755685329437256,39.3973472484762,15.41651683728735,51.22342163272134,240.8930988683168,900.0,860.0,0.4275
100866,40.129312830647144,14.88739974855438,2.964695692062378,57.878184843032166,11.576899477044353,72.36487748013478,262.66493298890225,900.0,840.0,0.46749999999999997
101130,52.68775279127707,12.415870005690206,2.958317518234253,74.65882505964186,8.118974252201784,93.17836049599102,283.5567830259827,900.0,820.0,0.46749999999999997
101398,68.02659402682086,9.484676451194943,2.963129758834839,92.30332998686217,5.166902801215359,111.7723420660532,302.2019340149227,900.0,840.0,0.46749999999999997
101655,83.69044506643702,6.8075195072204115,3.0802533626556396,108.25526568309861,3.1720714882469174,124.46140976316582,304.6687543193143,900.0,860.0,0.46749999999999997
101909,95.62642255167323,5.615601426973118,3.2082582155810755,107.14715230539767,5.52548975882243,124.85083310483562,300.0661520969472,900.0,880.0,0.44749999999999995
102170,98.04236704908958,5.6892473115695745,3.2169976870166224,101.14207676579625,5.945080464731517,120.20805191345609,295.94802046415,900.0,880.0,0.4275
102438,97.98684908649115,5.689329012172429,3.2160688082324427,100.00725535499284,5.813350115558362,119.1642200701893,294.8228320598074,900.0,860.0,0.4275
102710,98.26399675504429,5.992847953255722,3.346887175236837,101.64073605898106,7.48136168095559,121.421359869536,283.69621662957314,900.0,880.0,0.4475000000000001
102982,98.62760288508859,8.932770255982406,4.349384013806478,98.21779186663083,15.576227258089794,122.96637729302176,213.52998878937962,900.0,860.0,0.46749999999999997
103245,95.82999161847933,11.203410231222318,5.611868981515066,89.24972981995751,14.231775468032938,112.4399843571162,128.35013511665255,900.0,840.0,0.46749999999999997
103518,93.32892470472441,10.291117270161786,0.3043859601020813,90.55112534923022,9.575714667683329,111.78162930170723,90.3823139422999,900.0,840.0,0.46749999999999997
103786,93.3528197281004,10.329673947311761,0.298356831073761,91.65101293172981,9.783709027050012,113.03503564171396,96.02461384556409,900.0,880.0,0.4275
104053,94.03427965059055,10.764893058716781,0.14681798219680786,94.05972324082391,12.196496342226181,116.73011618998,114.89644771305058,900.0,860.0,0.44749999999999995
104319,98.50839689960631,10.694978969303643,5.936811570321218,104.89915535619278,8.290727528228429,124.58920312651824,146.28411102162264,900.0,840.0,0.46749999999999997
104612,108.63183209276575,7.035709891732284,5.94266522327532,122.27707021227077,2.0014837478252474,132.9560633265705,152.9283669035082,900.0,840.0,0.48750000000000016
104855,114.88693597748524,4.772985263133613,0.1591823697090149,116.74025809421329,-0.5554490187555077,128.34704904392734,110.4900694676096,900.0,820.0,0.4875
105123,111.60224494032973,4.749256043922244,0.12333471328020096,102.08588943842093,4.950648277561815,120.51293293486764,114.10214699085464,900.0,820.0,0.5075
105389,109.71141424704726,5.217207060085507,0.12299758940935135,109.64889478409162,6.23523456221587,127.10885985196109,119.2500690180562,900.0000000000001,820.0,0.46749999999999997
105649,111.68805940883367,7.074888935239296,0.11845523864030838,111.06797366617013,7.3739962012457045,128.7797145074739,122.41637904072832,900.0,840.0,0.46749999999999997
105910,111.63054218442421,8.094039676696298,0.11973173171281815,108.83703294334214,12.323547677350707,130.14452348215048,123.18937479335864,900.0,860.0,0.46749999999999997
106176,111.15158441498524,12.417577307993971,0.11381561309099197,109.30353117845226,16.249367892678528,133.18100099354314,127.06544018630939,900.0,860.0,0.46749999999999997
106442,111.20408426119587,12.60792889932948,0.10586673766374588,109.082045961643,12.49832793652808,130.44520482330816,124.63340027269783,899.9999999999999,860.0,0.44749999999999995
106702,114.32601808562993,12.545123963844121,6.210514676068918,119.60152902096334,11.657405375366238,137.02998346035633,142.05360341407186,899.9999999999999,860.0,0.44749999999999995
106960,116.10041100209153,12.330835297351747,6.203498494123117,114.79816947114362,12.444090125220658,134.49725348022525,139.03611271528354,900.0,880.0,0.4475000000000001
107204,120.09210060900591,11.991139809916339,6.2092105264412325,125.09859267217159,11.484080197613821,140.02476096687866,143.9022577004555,900.0,860.0,0.4674999999999998
107476,121.9575945035679,11.829874834676428,6.209291588758127,120.73414073120418,11.968833918465476,137.90227137174224,142.01812683988618,900.0,860.0,0.4274999999999998
107724,118.06307094303644,12.182754156157726,6.203094136212961,105.35057929749547,13.354627588833745,128.02698989177586,132.81134213708387,899.9999999999999,840.0,0.46749999999999997
107979,107.7561842550443,13.254144623523624,6.1896230096565645,87.31429839646385,15.398716657086272,110.66585070155354,116.05991542709681,900.0,860.0,0.4674999999999998
108242,93.32007220410925,14.942520021453618,6.184282910321848,69.02166309341013,17.408666651632842,85.58687078990158,91.1320481333517,900.0,840.0,0.46749999999999997
108493,77.47037151667077,16.67944960706816,6.185487877820627,50.658305992348005,19.423820835686193,59.73703043037345,65.02565313719172,900.0,820.0,0.46749999999999997
108753,60.24796613558071,18.908965343565452,6.170908104871408,32.482127102511384,21.88031887803614,40.80728418760533,48.85565389931061,900.0,840.0,0.46749999999999997
109012,46.79819662739912,22.29196142962598,5.696947697793142,30.637593598673252,29.55493915928239,32.59282103298106,78.96561127680994,900.0,860.0,0.44749999999999995
109277,42.22573107621801,23.69564987543061,4.603264991437094,38.90791649807948,24.843242375961708,43.27463836851913,161.58839184065997,900.0000000000001,840.0,0.44749999999999995
109529,40.17689141701526,21.553344726562504,3.455012861882345,38.56527904136356,19.018200617578565,47.88371234452948,229.0700255623213,900.0,860.0,0.46749999999999997
109801,39.724580058901324,21.496091827632874,3.3476787249194544,43.45084805654322,22.089521993706146,49.906052813053094,218.2203837365233,900.0000000000001,860.0,0.46749999999999997
110069,45.7074935792938,22.554448645884598,3.2913909594165247,59.01251785404229,24.466076348133928,67.61532041636785,242.10750277508743,900.0,820.0,0.4875
110320,50.93464047890009,22.887332946296755,2.92305064201355,55.13523728651695,23.684751649446856,62.440731798306196,260.21251963807174,900.0,820.0,0.46749999999999997
110587,46.41524187223179,24.537072369432828,2.87262225151062,37.02694371320771,27.51981027724338,39.15753193484595,235.03213002702904,900.0,840.0,0.46749999999999997
110857,37.29594313253568,27.601546640471213,3.1162002086639404,26.218661988143513,31.752952535971538,27.90691694595814,202.0279989223838,900.0,840.0,0.46749999999999997
111137,25.171931709830215,28.153097798505172,3.3557010332690638,9.692736099964424,27.115189664129712,24.871805350997807,191.81058639326932,900.0,840.0,0.46749999999999997
111407,17.971639558086245,29.070963221272148,4.178474966679708,12.045063661199695,33.63799088730189,20.454523649944534,122.58894753408532,899.9999999999999,820.0,0.4875
111690,12.631867175965796,30.89550348717397,5.457216862832205,3.9221154170719164,33.93248498769148,17.96015418437771,51.84610637922562,900.0,820.0,0.4874999999999998
111950,13.86313010388472,30.341378760150103,6.059535626565115,19.939893046456568,29.376716381224764,27.084979909081696,37.13469422329983,900.0,820.0,0.4875
112205,22.88207527220719,28.4424789308563,6.110742215310232,37.6547360088465,25.025687307028377,42.04575409179909,51.43800012699028,900.0,820.0,0.4875
112473,36.8130973755844,25.86517574280266,6.1295257846461695,56.382454523326714,22.183047562706214,65.21128265295683,73.7301595791143,900.0,860.0,0.46750000000000014
112740,51.84177669014518,22.92058989757628,6.214975487683908,70.80671803885564,19.470538854409597,88.12902477481121,88.3391855857489,900.0,840.0,0.46749999999999997
112998,66.43057755597934,21.57249630905512,0.11014062911272049,86.03120754722434,21.551209096285607,112.1613743985294,104.59369284802915,900.0,860.0,0.4474999999999998
113248,82.07574318713091,22.665727269931104,0.13291960954666138,104.03543961790967,24.991875460216434,135.93357045886438,128.08357573179836,900.0,840.0,0.4674999999999998
113506,97.91435662217027,24.574299008827513,6.026077870522634,116.81468429215299,27.325713334647936,147.38720731276757,173.5815010650065,900.0,880.0,0.4275
113762,109.53337421567421,23.082643043337843,5.710989598427908,118.51736978288854,21.686776515133918,143.58590993066224,179.26775747269397,900.0,880.0,0.44749999999999995
114030,113.97204301488681,21.517824187992126,5.229242030774252,119.31420144746642,21.184531103397628,143.65304582972297,219.7544194290426,900.0,860.0,0.44749999999999995
114290,117.10405004306102,18.35873821588952,4.11217171350588,120.790607927774,14.004321141129555,139.2803405290311,285.1905520213782,900.0000000000001,840.0,0.4674999999999998
114541,117.11699718565454,15.750197763518088,3.3680148760425013,119.20071786256628,15.294401330454551,139.22572498404293,308.65692172699227,900.0,840.0,0.44749999999999995
114797,117.13347187192423,15.71068350724348,3.3746591250049036,119.38266238145408,16.129744800620813,139.920985361244,306.2595235422017,900.0,860.0,0.44749999999999995
115046,117.1174970011073,15.712942288616512,3.373366896306173,119.10067107133412,16.177332072540736,139.78615391273982,306.4955202529068,899.9999999999999,860.0,0.44749999999999995
115312,117.11938092089076,15.712875005767103,3.3734708468066614,119.10236090274714,16.1768714844728,139.78684065780826,306.48718022056795,900.0,860.0,0.4275
115575,117.11935208538387,15.712450883519931,3.373558584843771,119.10284852859316,16.179168651215708,139.7887626543836,306.49159073417115,899.9999999999999,880.0,0.4275
115844,117.11937130905513,15.712239423136074,3.373608175908224,119.10389829901199,16.183873722066917,139.79273010723188,306.50866083864054,900.0,880.0,0.4275
116100,117.11934247354823,15.71189099409449,3.3736711184131067,119.10340006710886,16.181669116154534,139.79086727417013,306.49695859650944,900.0,880.0,0.4275
116364,117.11930402620573,15.711548572450171,3.373742643986837,119.10236176241514,16.17694316762241,139.78689202251084,306.47588047515154,900.0,880.0,0.4274999999999998
116633,117.11926557886319,15.711204949326405,3.3738113085376185,119.1023516619964,16.177022418977014,139.78694218274526,306.4720132065705,900.0,880.0,0.4275
116900,117.11925596702756,15.71100189929872,3.373855177556173,119.10351063135417,16.182372009152637,139.79143223545,306.49109845260944,900.0,880.0,0.4275
117156,115.55707315760334,15.35891194981853,3.3758578936206263,111.73877618793642,14.691992567092692,133.8907752970259,300.44034739244375,899.9999999999999,880.0,0.4275
117421,107.69793653112697,13.477952611727979,3.38519531885256,95.1809863655254,10.790334479030747,117.14621219069147,282.9804838663338,900.0,840.0,0.46749999999999997
117669,96.7739699956939,10.688773327925075,3.09907603263855,82.32481061623737,6.678289613187184,101.82333792461746,293.4070891920174,900.0,860.0,0.44749999999999995
117922,83.96642970287894,11.028822050319883,3.0004794597625732,64.60938087602923,12.860906315789165,80.27842646466137,268.4778797001519,900.0,860.0,0.46749999999999997
118170,69.10751703217274,13.088549516332431,3.0105578899383545,47.884590179522235,15.72956650686816,59.08528143132378,246.11766468806343,900.0,840.0,0.46749999999999997
118445,51.17707980899361,15.458502581739051,3.025163412094116,27.0062014147872,19.508264387317826,39.04340821343622,225.812859993109,900.0,840.0,0.46749999999999997
118705,35.385588398129926,17.47607373815822,3.040663480758667,17.86860930305093,18.824496393701697,34.47988752213946,219.73648228023822,900.0,860.0,0.44749999999999995
118961,28.980662428487943,18.159660279281496,3.032444715499878,26.643594057845075,18.161779426630716,39.83628424730263,226.06856425319705,900.0000000000001,880.0,0.44749999999999995
119208,29.26164521945743,18.09810608390748,3.030198812484741,34.967343222403656,17.303911700459093,46.25833699914702,232.80870270743605,900.0,880.0,0.4275
119485,34.73228394515871,17.343825693205584,3.02390456199646,45.839505394404554,15.849591015415534,56.91324889894539,243.7646892427736,900.0,860.0,0.44749999999999995
119759,42.26646603561762,16.224865049827756,3.0226829051971436,54.62623510381814,14.032841438897531,67.51118951774795,254.31727180099978,900.0,880.0,0.4075
120025,49.89274152620572,15.221479521023008,3.024841070175171,62.424789133896454,13.881104648133645,77.19219665943665,263.65326406839563,900.0,880.0,0.4275
120274,56.74148679718258,14.299633596825789,3.0262715816497803,68.64941328435422,12.829560706809525,85.56200034868905,271.9413934603618,899.9999999999999,860.0,0.44749999999999995
120563,65.82718976839321,13.696679543322466,3.2367473284350794,81.35813038608003,14.22929501134974,102.62778623256625,270.91423539517484,899.9999999999999,840.0,0.44749999999999995
120815,73.78409798689715,16.523304135780634,3.9040561358081263,85.21117259829826,24.540068406948674,112.77931144088728,234.5389861522018,900.0,860.0,0.44749999999999995
121086,75.9431229238435,20.89419387456939,5.092112723981039,74.24846248262489,27.72404288430166,94.54650931888263,142.9895834191554,900.0,840.0,0.46749999999999997
121346,74.54048216812255,21.49567851870079,6.245441086833374,73.14881092487144,20.224981137029264,91.83925567616059,78.39369691842519,900.0,840.0,0.46749999999999997
121610,81.35855607160434,22.547333484559548,0.15790539979934692,92.77858828778632,23.867235099055026,122.88864823780598,112.39801094980203,900.0000000000001,840.0,0.4875
121861,93.06645430917816,24.32473971149114,0.18578273057937622,109.57086804947869,27.389208235402606,142.71017215225302,131.4111159600177,900.0,820.0,0.46749999999999997
122130,108.21085291584647,27.23518912247786,0.11138565093278885,128.0237787861249,31.29321952955293,156.2022689689628,153.53544285580438,900.0,840.0,0.46749999999999997
122389,120.73102815883367,28.73662032480315,6.027253750954763,133.44807630781912,29.58513108978653,156.738436548747,174.529373742133,900.0,840.0,0.46749999999999997
122636,121.98157603346458,29.13038358913632,5.973471287881033,115.13542590553512,31.302984901530085,150.20687819592737,168.5673319846073,900.0,820.0,0.4875
122890,114.61358498400591,31.56684214674582,5.979355458413259,98.79860014637177,36.29667187892303,143.67529029067882,159.8848723128494,900.0,820.0,0.4875
123160,103.18071019931102,33.79435381551427,0.033102814108133316,84.04626339151253,35.48517361249461,120.42136723253027,112.38938241687595,900.0,840.0,0.4674999999999998
123405,94.2660017839567,34.26089789923721,6.248412736003296,84.60651167725136,35.88617270436649,122.07777759868124,133.12743434007956,900.0,840.0,0.4674999999999998
123661,93.39114211675688,34.980821984959405,5.3057600299464625,92.82988064630231,35.95387696452421,136.0984562408304,211.84810761087522,900.0,820.0,0.4875
123941,92.78287632258859,30.651014433132385,4.495437328015463,89.38111042959311,22.412534604932528,117.36102268804625,223.93734450338684,899.9999999999999,820.0,0.4875
124202,90.1682936300443,21.327146995724657,4.151543203984396,86.87964408662967,8.672846232374305,107.45313328432022,238.97434642948252,900.0,820.0,0.4875
124476,84.68923974224903,12.009064681886688,3.4755664507495325,76.52799478285786,1.4900889525988088,94.74850770099096,267.6465305124176,900.0,860.0,0.46749999999999997
124739,74.42102627491388,8.00899115134412,3.1921573320971888,59.953275364207734,5.359008795160051,76.61891040227717,254.23976195233973,900.0,820.0,0.46749999999999997
125011,59.99707319605069,7.5314631424550935,3.0995442867279053,40.20924616256191,7.698808196476321,56.64799016810477,239.29586598987294,899.9999999999999,840.0,0.4674999999999998
125277,43.93398495171014,8.356656652735914,3.113055944442749,22.27368949699085,8.977774936411196,43.39902115735849,224.94773514357274,900.0,840.0,0.46750000000000014
125536,28.272109144315948,8.696903619240588,3.1300675868988037,9.718432053881244,9.435102189111138,36.78367684008698,217.54448573840045,900.0,840.0,0.44749999999999995
125784,22.34965407003568,8.41670599509412,3.0996310710906982,26.046163870872924,8.01956083363081,46.23594704286507,229.39403248737275,899.9999999999999,840.0,0.46749999999999997
126044,28.12795083353839,8.025137232983207,3.0906283855438232,41.98013118939879,7.157427304603275,58.42407427856164,241.49765025430142,899.9999999999999,800.0,0.4875
126306,37.257579893577756,7.466728030227301,3.207052771245138,50.219812071978765,6.844380759636319,66.10251778419719,241.09605817476734,899.9999999999999,840.0,0.4875
126560,40.8351195327879,5.436352707269624,3.054783582687378,44.969841291379346,0.6835160986262467,63.95775432817196,254.0690971774215,900.0000000000001,820.0,0.5075
126815,41.43939160925196,4.64232437253937,2.9549014568328857,44.05936641385352,6.003845366197124,60.80111147294868,253.04872836419548,900.0,820.0,0.4875
127078,41.745302695927656,5.531540517731915,2.872980833053589,44.23656464543714,6.055258946167605,60.931059007492365,257.4995025501107,900.0,820.0,0.4875
127343,41.484687384657974,8.938945259634904,2.8833587169647217,41.3092713527732,14.172527642050145,53.730800399782574,247.56279588699414,900.0,840.0,0.46749999999999997
127593,37.70170196773499,12.76411161648007,3.0097720623016357,31.567775546630088,18.39422654912511,42.92571618457598,227.9622591105627,900.0,840.0,0.46749999999999997
127859,32.873049758550685,15.36696306363804,3.1629090944873255,31.465883650666516,16.270908815932927,44.425353169706355,222.22732368092954,900.0,860.0,0.44749999999999995
128143,32.160421056071606,15.365572951910066,3.1611343065844935,34.17981643217261,15.409484028332033,47.02347841513952,225.912234132537,900.0,860.0,0.4275
128394,32.201648622047244,15.365800031526822,3.1612678209887903,34.23935356399189,15.400605529560304,47.0747460398012,225.93007901530078,900.0,880.0,0.4275
128664,32.20555583323081,15.363651786263535,3.1613240877734583,34.24764973615975,15.412555678385768,47.07261284550422,225.97149387007417,900.0,880.0,0.4275
128927,32.20528910479208,15.363112321988805,3.1614366213427942,34.242271595229006,15.401022123735558,47.076660951978035,225.93229205418334,900.0,880.0,0.4275
129190,32.205065629613685,15.3626449464813,3.161527220402853,34.23916864316241,15.394459087554914,47.07893146969626,225.90745638665896,900.0,880.0,0.4275
129441,32.2048157218873,15.36208866149422,3.1616483370410364,34.23953242748509,15.39550417477321,47.078471340036764,225.90502836960954,900.0,880.0,0.4275
129710,32.204676350270674,15.361817127137673,3.1616979281054896,34.244219843005226,15.405886285371258,47.07471180205342,225.93461285743325,900.0,880.0,0.4275
129962,32.20462348517471,15.361688568836122,3.161722723637716,34.24315418809046,15.403632321510324,47.07549179034796,225.9257842076288,900.0,880.0,0.42750000000000016
130231,32.20469797690084,15.359771007627954,3.161701742802755,34.241773196811785,15.398503453820776,47.07805632439819,225.91823538754699,900.0,880.0,0.42750000000000016
130502,32.204621082215795,15.359582375353716,3.1617398897754114,34.2373094696966,15.388810914647562,47.0814988314059,225.88642165693798,900.0,880.0,0.4275
130746,32.204700379859744,15.3597541869156,3.161701742802755,34.24327804502148,15.401845661025183,47.0768429864281,225.92660373840081,900.0,880.0,0.4275
131007,32.204832542599654,15.360028124231054,3.1616416613208216,34.24358748966704,15.402368694412017,47.07670905268889,225.9315295436345,900.0,880.0,0.4275
131263,32.204952690545035,15.360324889656127,3.1615729967700403,34.24701081062395,15.40974915470969,47.07410495658903,225.95735652239404,900.0,880.0,0.4275
131530,32.20500315268209,15.360442634642594,3.1615386644946497,34.24470247708104,15.404501865726063,47.07605147824378,225.94610899527873,900.0,860.0,0.4275
131786,32.203234574926185,15.36091361458846,3.1614261309253138,34.243231924110106,15.401121901235463,47.077317455421,225.94001991816666,900.0,860.0,0.4275
132050,32.20333309624139,15.361122672013412,3.161372725163595,34.240762909950305,15.399926843684465,47.07629012051451,225.93780747733473,900.0,880.0,0.4275
132324,32.20326581339198,15.360960472287157,3.161398474370138,34.24272038691598,15.404236856360896,47.07473801971496,225.95008919616987,900.0,880.0,0.4275
132579,32.20338836429626,15.361262043630045,3.161335531865255,34.241350785865194,15.401153659131719,47.07587157770979,225.94348657736387,900.0,880.0,0.4275
132838,32.20348688561147,15.361463892178273,3.1612916628467005,34.24583681685626,15.410919993570996,47.07239224070048,225.97406332577984,900.0,880.0,0.4275
133113,32.20352773591289,15.359492264394687,3.1612840334521692,34.24196157033619,15.400351457572361,47.0768983416736,225.94995555364605,900.0,880.0,0.44749999999999995
133367,32.203676719365156,15.359864723025346,3.161203924809591,34.242551941714204,15.401460888057748,47.07656430698842,225.9588211075312,900.0,880.0,0.4275
133620,32.20390500046137,15.360396978423351,3.161095205937521,34.24594449823174,15.40874372715103,47.07400568928083,225.984423549714,900.0,900.0,0.4275
133877,32.20400592473548,15.360633669875739,3.1610475222217005,34.24379688034922,15.403893782113387,47.07579413282693,225.97375422213594,900.0,880.0,0.4275
134149,32.204159714105565,15.360997718150221,3.1609750429736536,34.24127915742436,15.398263445441668,47.077851376330294,225.96019230974906,900.0,880.0,0.4275
134402,32.20432311531127,15.361389400452142,3.1608882586108606,34.2417160312477,15.39908742822215,47.07760210145503,225.96670123956628,900.0,880.0,0.4275
134653,32.20439039816068,15.361532376507135,3.160860602055685,34.242514365955174,15.400792217640305,47.077006468234686,225.97266789602128,900.0,860.0,0.4275
134914,32.20456100824311,15.361985334261195,3.160767141972677,34.24170299644246,15.398954882452346,47.077685515638706,225.97004905638155,900.0,880.0,0.4275
135173,32.20461387333908,15.362106683686024,3.160736624394552,34.24307852964327,15.40189114057912,47.07665999409266,225.9807516980224,900.0,880.0,0.4275
135428,32.204760453832435,15.362463523083786,3.160666052495138,34.24306255356598,15.401675922364804,47.07679937274939,225.98497491440577,900.0,880.0,0.4275
135696,32.204971914216294,15.362903264563855,3.1605668703662317,34.24409140928154,15.403731483476845,47.07613125413135,225.99513695724255,900.0,880.0,0.4275
135968,32.20521221010704,15.363435519961861,3.1604486147509974,34.24079921356081,15.396277007184313,47.078886074368725,225.9792358757129,900.0000000000001,880.0,0.4275
136236,32.20545971487451,15.36402064045583,3.160325590764181,34.244104088599364,15.403313794977091,47.07643482774547,226.00555912563857,900.0,880.0,0.4075
136505,32.18309057040478,15.360339307409573,3.1606088320361536,34.277270443626065,15.828623693414666,46.8005333837367,226.22529777199884,900.0,820.0,0.46749999999999997
136753,32.203136053610976,15.367333119309794,3.160452429448263,34.313033265224426,15.578577556844028,47.005019106442006,226.46151678098926,900.0,800.0,0.5275
137011,32.20028374138779,15.36359892116757,3.1599565188037317,34.22702409902205,15.375663513942088,47.08296614477472,225.95518509195384,900.0,860.0,0.46750000000000014
137277,32.2014395646223,15.363892082154281,3.160339895878927,34.22648062642553,15.365079133152939,47.089998304255296,225.884051536883,900.0,860.0,0.44749999999999995
137526,32.201295387087846,15.363582100455217,3.1604066530810755,34.23680378351758,15.39575889618743,47.076227460127534,225.9862467765647,900.0,880.0,0.44749999999999995
137795,32.201353058101624,15.363704651359498,3.1603780428515833,34.238982100223055,15.400789583454307,47.07433542848164,225.99490570707204,900.0,880.0,0.4275
138053,32.20125213382751,15.363488385057826,3.160433355961935,34.23814079529952,15.399094667277021,47.074891660159295,225.98649609168106,900.0,880.0,0.4275
138313,32.2011199710876,15.363240880290354,3.160482947026388,34.23295041407632,15.38792155651228,47.07882653738034,225.9499974330529,900.0,880.0,0.4275
138572,31.96965255136565,15.232772226408711,3.075787305831909,32.82598784344526,14.59114666445973,46.58860265052656,234.61691147287576,900.0,880.0,0.4275
138840,29.23482098917323,14.738660196619712,2.1478354930877686,25.014416941397716,14.360466588209151,41.54798347028508,298.91343482579936,900.0,860.0,0.44749999999999995
139095,26.55802088459646,17.3568557378814,1.0798908472061157,23.016190705046302,21.491455104050537,35.16426660023227,348.2821850504498,900.0,860.0,0.44749999999999995
139362,28.974931371493607,23.319324883889028,0.917087197303772,34.31667402800244,31.431309340363168,33.103456463658176,340.5164948369694,899.9999999999999,840.0,0.46749999999999997
139624,34.48429858590674,31.065813199741633,0.5195728540420532,42.09672597493589,40.43140304006649,27.50292118397783,6.186530258851121,900.0,840.0,0.46749999999999997
139893,44.491048497477856,37.06338236651083,0.41023504734039307,59.22002777809268,43.779763077552985,43.717406202653116,20.108235218978166,900.0,840.0,0.46749999999999997
140162,58.138297974593996,42.56901778574065,0.41046202182769775,75.88610732228274,48.75840586034848,118.21965265320854,94.63093805298394,900.0,840.0,0.46749999999999997
140446,72.47992568128691,48.64320770023376,0.634494423866272,89.05951175925699,56.34973946699008,181.17446436875107,139.96157991535506,900.0,820.0,0.46749999999999997
140687,81.22111643393208,53.84647399421752,0.7351909875869751,86.88184784922532,57.6174657633314,186.20296696015552,143.3641534037415,900.0,860.0,0.46749999999999997
140955,82.7435254675197,55.116519477423715,0.7369276285171509,81.5817157530572,53.832269491750274,167.25222085805729,124.79324663793835,900.0000000000001,860.0,0.4475000000000001
141227,82.66570804625984,55.06299116480069,0.7349258661270142,81.15254712558321,53.69915253440916,165.88889158679268,123.76756283483286,900.0,880.0,0.4274999999999998
141483,82.66452579047737,55.064005213459644,0.7348390817642212,81.14782929478076,53.711622267095215,165.95538368321286,123.80565746196913,899.9999999999999,860.0,0.4275
141739,82.66465074434056,55.06342850332185,0.734718918800354,81.14985172684301,53.70448064379412,165.91628514593083,123.79247440737282,900.0,880.0,0.4275
141993,82.66485259288878,55.06266436238928,0.7345625162124634,81.14954820299049,53.704953782578,165.91862397482544,123.80135009740548,899.9999999999999,880.0,0.4275
142272,82.66487181656004,55.06257785586861,0.7345587015151978,81.1575196955845,53.67774081150965,165.77030617356345,123.74053893395183,899.9999999999999,880.0,0.4275
142518,82.66388179749016,55.05996343657726,0.7342735528945923,81.15561111168397,53.683224561142616,165.79970789666746,123.76591850657462,900.0,880.0,0.4275
142783,82.66439122477856,55.05839190145177,0.733955979347229,81.1573250990274,53.670754930587435,165.7289552427834,123.74378242870381,900.0,880.0,0.4275
143045,82.66470841535434,55.057483582984744,0.7337795495986938,81.14793829110927,53.702119196945816,165.89954325132078,123.82493886131442,900.0000000000001,880.0,0.4275
143294,82.66514094795768,55.05626768577756,0.733528733253479,81.15094604229347,53.69127570471762,165.84014490517927,123.81209668839148,900.0,880.0,0.4275
143553,82.66533318467029,55.05580631766732,0.7334295511245728,81.14635331191543,53.70698553372231,165.92587531402106,123.85049518203914,900.0,880.0,0.4275
143818,82.66565037524607,55.05489319328249,0.7332483530044556,81.15386351274849,53.6807817358298,165.7827378194942,123.80274477313276,899.9999999999999,880.0,0.4275
144083,82.6647660863681,55.05505659448819,0.7329775094985962,81.14833720349546,53.69601516065971,165.86417864744993,123.85111612651082,899.9999999999999,880.0,0.4275
144372,82.66518900713582,55.053831085445374,0.7327276468276978,81.147587271486,53.69819575041642,165.87591030316077,123.86556536548005,900.0000000000001,880.0,0.4275
144610,83.16340889517717,56.430736151267226,0.2308737188577652,83.42771941052239,58.624157083307594,192.93267558569482,194.85855775570508,900.0,860.0,0.46749999999999997
144873,86.06571227546752,57.69103523314468,5.3893107811557215,89.9893964664009,59.07264204830103,189.69275299922253,263.52465473796605,900.0,860.0,0.4674999999999998
145126,88.42123677411418,55.71005032757136,4.301634732876913,90.3482824785776,55.5348107421091,178.54767482732595,303.54680702014775,899.9999999999999,860.0,0.44749999999999995
145410,88.3181594488189,54.975206269992626,4.122703615819113,89.44827862838963,55.17360103109105,177.28833906063983,304.4639782958154,900.0,860.0,0.44749999999999995
145661,84.76950818159449,50.206034502645174,4.119314257298605,78.4714601047129,41.935353717784096,114.70822255345223,238.26196023894428,900.0,840.0,0.46749999999999997
145947,77.38771453617126,39.70484215443528,4.116212908421652,68.12253998518813,26.17760460159799,82.59205137712935,207.0375407274941,900.0,820.0,0.46749999999999997
146217,69.62421567421259,28.465102788970228,3.6510306040393274,60.02697364122592,15.445414379466403,73.55169369364597,236.4996354384712,900.0000000000001,840.0,0.46749999999999997
146470,59.76246751199558,21.68491393562377,3.213071886693136,45.48855126586494,13.401025153770673,58.10395327293834,243.36050364519707,900.0,840.0,0.46749999999999997
146747,46.605873408280026,20.123315045214074,3.121384620666504,30.71802763658557,19.849261892947396,41.208723045874095,221.188737717065,900.0,840.0,0.46749999999999997
146999,36.8204528328002,20.878456896684302,3.587625567113058,25.609964435414817,22.276613719815806,36.01539862310505,183.12070447955713,900.0,860.0,0.4474999999999998
147287,33.96251528281865,20.61469851516363,3.6579819361316126,37.61673177968611,22.69173278978855,44.090169202455996,194.50734084052314,900.0,840.0,0.46749999999999997
147523,39.494330939345474,23.54358823280635,3.651895586644308,52.836210375369745,30.579650638092993,52.98823878230659,204.00970904549285,900.0,820.0,0.46749999999999997
147793,49.02142382043553,29.407355841689224,3.63672644296755,64.20453857357393,38.98731276297286,65.38205808913892,217.14373260421667,900.0,840.0,0.4875
148072,60.0606170414001,36.86931940514272,3.6216326395617884,76.98954672792061,48.01194303966497,121.98996436338666,274.9177554509319,900.0,860.0,0.46749999999999997
148319,70.69423405204232,44.27566648468258,3.6079369227038782,88.7035908196491,56.27637054090857,180.94790521513343,334.34915181145254,900.0,840.0,0.46749999999999997
148591,78.51840282049704,49.67692217488927,3.6507797876941126,84.08065300309482,53.58060985497947,168.67520361003432,319.39476950431106,900.0,840.0,0.46749999999999997
148851,74.83306644469734,47.75026817021408,3.6206474939929407,67.28250095195865,43.848102925926185,68.78324443237878,221.43009368488677,900.0,820.0,0.4875
149118,65.20227146899606,42.98806017778051,3.644825045262472,50.94035545391543,35.65083152043088,44.01703808267789,195.115760020442,899.9999999999999,800.0,1.0
149385,52.50766063299705,36.194294606606796,3.6488657633410853,35.480536401837824,26.65546309654377,38.782971619010624,189.47411177469883,899.9999999999999,820.0,0.4674999999999998
149668,37.41391159418061,27.633188803364913,3.663893763219015,18.389178636034508,17.371896779222855,35.77380972958884,185.3837182000496,900.0,840.0,0.46750000000000014
149930,23.202605960875985,19.27643423005352,3.413771692906515,7.7943914960961465,9.738971528659404,35.77327130601347,207.4824681636284,900.0,840.0,0.44749999999999995
150190,17.238913708784448,16.08437365434301,3.2673359552966517,14.893186900630043,15.198491936455863,35.54493670789458,208.85380830088667,899.9999999999999,860.0,0.44749999999999995
150469,12.967128002737452,15.303052767055242,3.217313830052511,11.762086436890927,12.621234934712321,35.75856465515991,214.08698669831497,900.0,860.0,0.44749999999999995
150728,16.41887995201772,15.168764609990157,3.18337065378298,25.755950259596112,16.14937106431684,40.75299087468686,218.63693876724204,900.0,840.0,0.46749999999999997
150982,24.755501334122787,16.13662239134781,3.1763182322131556,41.59498203794635,18.152247137553616,51.223322095364345,229.2156610122668,900.0,840.0,0.46749999999999997
151247,36.00494865357407,18.36758831354577,3.1732235590564173,53.379198985293,23.199450512321853,60.416516271469376,238.4174149709466,900.0,840.0,0.46749999999999997
151525,43.53170079509105,24.079755647914617,3.1728153864489954,52.671629125746286,33.68248582044583,49.10537799033069,227.00246659813894,900.0,840.0,0.46749999999999997
151771,45.9943251722441,27.245649202602117,3.17100435892214,48.38164647934564,28.37194599591414,49.47390980099348,228.22547587641066,899.9999999999999,840.0,0.4474999999999998
152038,45.33596729669045,27.155326783187746,3.163604799901144,46.56651521532006,27.451882934470888,48.30219266006163,227.0007579059451,900.0,860.0,0.4275
152296,45.095906895915356,27.14922807348056,3.1620808283435267,46.85449004919946,27.183951286477903,48.89134277062563,227.71704264129153,900.0,860.0,0.42750000000000016
152555,44.997102031557574,27.151904969703494,3.161931101475851,47.030707926952786,27.191880503039194,49.083055496943636,227.91220649345883,900.0,880.0,0.4274999999999998
152813,45.00767505075049,27.14900940421998,3.162610117589132,47.03685899030555,27.176531836998947,49.10514535382031,227.85340427517704,900.0000000000001,880.0,0.4275
153078,45.00555564099409,27.14868500476747,3.1626673380481165,47.047794242053996,27.200849209409466,49.093636876839106,227.91617598991462,900.0,880.0,0.4275
153329,44.679281880536415,27.146719384381154,3.1624918619738978,45.90305380783235,27.164425658152318,47.8540840139156,226.64315635645534,900.0,900.0,0.4275
153598,44.10609448049951,27.15147724301796,3.16475493112673,45.323705024296586,27.170104986308356,47.221920317091744,225.87991118693253,900.0,880.0,0.42750000000000016
153889,43.51867195189469,27.16609924796998,3.167088572178976,44.81933459291184,27.180613421077723,46.676159522603605,225.17809021419868,900.0,880.0,0.42750000000000016
154128,43.37779608298475,27.167620320958417,3.169001642857687,45.66672317488198,27.226984707377593,47.53501888748834,225.96426905392326,900.0,880.0,0.42750000000000016
154386,43.407232329601385,27.166058397668557,3.1682100931750696,45.44677804397544,27.228168079833498,47.29640830592899,225.7997782745921,900.0,900.0,0.4275
154656,43.40709776390256,27.16577725147638,3.1682701746570032,45.44404926106797,27.218333261045142,47.303233140769834,225.76784138625905,900.0000000000001,880.0,0.4275
154932,43.40680940883367,27.165205347256396,3.16837984720339,45.445366786902085,27.221534695193277,47.301473456669186,225.77137649999426,900.0,880.0,0.44749999999999995
155187,43.40678057332677,27.165121243694635,3.168396059666769,45.444503956050625,27.219575990735464,47.30248908867866,225.76679545986397,899.9999999999999,880.0,0.4275
155465,43.42583603746309,27.023978646345967,3.172541681920187,45.74628311744931,26.308734580875285,48.51612788096447,226.64949753244514,900.0000000000001,860.0,0.42750000000000016
155726,44.653017539677656,23.23456050842766,3.198765818272726,49.85445666406849,13.257617215474108,62.6105706891747,238.88677411306028,900.0,860.0,0.44749999999999995
155990,46.48846964197835,15.983689676119587,3.186187807713644,51.03473594723755,4.9577135534638845,67.66993379104075,245.61653786021526,900.0,840.0,0.4874999999999998
156242,47.32728011964814,13.135517751138043,3.180333201085226,49.57621571495328,12.838955765157115,62.546427927666095,240.03258647004597,900.0,860.0,0.4275
156494,47.29329747477855,13.208016222856177,3.182791773472921,49.31704684449435,13.259331344184462,62.04460536965289,239.60576612987478,900.0,880.0,0.4275
156745,47.29497474009596,13.207423893485483,3.1829338709460657,49.32513058590835,13.276226563993767,62.043681710011406,239.62493630284726,900.0,880.0,0.4275
157007,47.294604684424215,13.206692192498155,3.183092180882589,49.33109965640013,13.290646815608422,62.041918872710376,239.66165618460286,900.0,880.0,0.4275
157273,47.294393224040356,13.206239234744094,3.1831913630114954,49.331971510996105,13.292793340481582,62.041638919504045,239.665825761975,900.0,880.0,0.4275
157537,47.2940856453002,13.205557995893825,3.1833305994616907,49.33157242171876,13.292306309746445,62.041491770319915,239.65629460381012,900.0,880.0,0.4275
157788,47.293931855930126,13.205199955016608,3.183408800755636,49.33066053205607,13.290361792178274,62.041617601761764,239.6461804113948,900.0,880.0,0.4275
158040,47.29367714228593,13.204727773591289,3.1835108439074915,49.33047529072302,13.290277594190693,62.04147049456976,239.64079268530605,900.0,900.0,0.4275
158298,47.29334553395669,13.206161138579603,3.1836329142199915,49.3310474548103,13.294055550167196,62.03997042992305,239.6399162201622,900.0,880.0,0.4275
158555,47.29307640255906,13.205562801811638,3.1837616602527063,49.32559687247758,13.281727440164994,62.04111454434191,239.59315916931268,900.0,880.0,0.4275
158824,47.292735182394196,13.2048755555641,3.1839056650744837,49.32873956810165,13.289479400383065,62.04009727960964,239.61067972960257,900.0,880.0,0.4075
159084,47.29242760365404,13.204225555179626,3.184046808873312,49.32861595936639,13.289469239763124,62.039973555639754,239.60514884071583,900.0,880.0,0.4275
159353,47.29223536694143,13.20384108175443,3.184125010167257,49.327994864175054,13.28839611137845,62.039919696308445,239.59594207092545,900.0,900.0,0.4275
159603,47.291908564530026,13.203155036986344,3.1842728296863,49.327902332084946,13.288558101656037,62.0397328632301,239.58964953737598,900.0,880.0,0.4075
159868,47.29150486743356,13.202334426519439,3.184448305760519,49.33236039451836,13.29952855501923,62.038303658022,239.61465494114793,900.0,900.0,0.4275
160141,47.29130301888534,13.201958363450418,3.1845322291003626,49.3287252149371,13.291315784213685,62.03906202419186,239.5843570240953,900.0,880.0,0.4275
160399,47.290947380967026,13.201286736435778,3.1846752802478235,49.32649342335219,13.28646918575973,62.03941883536213,239.56430874628882,900.0,880.0,0.4275
160647,47.29067344365158,13.200704018900714,3.1847973505603235,49.326734524047225,13.287428450461508,62.03913825643865,239.56010173724462,900.0,880.0,0.4275
160921,47.29029858206201,13.19983534925566,3.184984270726339,49.32767357497005,13.290036984358506,62.03867184736598,239.55961474901187,900.0,900.0,0.4275
161190,47.29001022699311,13.19930910125492,3.1851044336902063,49.322207972830526,13.277655505807102,62.03983012684332,239.51334187359677,900.0,880.0,0.4275
161446,47.28981799028052,13.198933038185901,3.185190264378683,49.325775675792215,13.286316593179722,62.038752477786495,239.53589032431205,900.0,880.0,0.4275
161714,47.28944793460876,13.198131651390256,3.185366694127218,49.32936639128839,13.295160801088976,62.03759674867989,239.555912659262,900.0,900.0,0.4275
161994,47.289111520361715,13.197427584430365,3.185514513646261,49.321644596538604,13.27742315875883,62.03936971298488,239.49308127690023,900.0,880.0,0.4075
162252,47.28879432978592,13.19672592042938,3.185664240513937,49.325420147378004,13.286643049302716,62.03819906305039,239.51532343790078,900.0,880.0,0.4275
162507,47.288472333292326,13.19600623423659,3.1858177820788782,49.32568925469006,13.287719211473958,62.03788282848089,239.5098362128752,900.0,880.0,0.4275
162764,47.28819839597687,13.195350226454847,3.1859665552722376,49.32507852622381,13.286596344608055,62.03786750631835,239.49926453334845,900.0,880.0,0.4075
163023,47.28789081723672,13.194593294398992,3.186129633580343,49.3241459695711,13.284730880429283,62.03792793546815,239.48527225334897,900.0,880.0,0.4275
163283,47.28768416277067,13.194109098179133,3.1862335840808313,49.323560445464125,13.283674390468075,62.0379021149715,239.47451948673194,900.0,880.0,0.4275
163540,47.287453478715555,13.19350715697281,3.186364237462179,49.32385901363435,13.284567011188873,62.03771868589435,239.47168279967048,900.0,880.0,0.4275
163809,47.28713148222195,13.192702165738805,3.186540667210714,49.32699363851295,13.292264278917512,62.03672274303221,239.48831133647826,900.0,900.0,0.4275
164064,47.286876768577756,13.192023329847443,3.1866875330554407,49.32367101268776,13.284717344020535,62.03743844307826,239.4570011323883,900.0,880.0,0.4275
164316,47.28674220287893,13.191661684531866,3.1867647806750696,49.32327941817453,13.283922765467828,62.03747007051736,239.45076628351023,900.0,880.0,0.4275
164581,47.28659321942668,13.191235159325787,3.1868677775012415,49.319246776947196,13.27462485640058,62.03841514743987,239.41515585071448,900.0,880.0,0.4075
164830,47.28642981822097,13.190794216366266,3.1869660059558313,49.31998087161236,13.276482040271397,62.03815171225175,239.4163131074268,900.0,880.0,0.4275
165098,47.286280834768704,13.19042656365342,3.187040392552511,49.32313506732619,13.284045974905014,62.03725057573804,239.4373889237832,900.0,900.0,0.4275
165362,47.286103015809545,13.189996434008982,3.187143389378683,49.3231255055139,13.284232195279545,62.037137121679095,239.43301151599604,900.0,880.0,0.4275
165623,47.28595883827511,13.189661221241389,3.1872244516955774,49.32242045671075,13.28277326562875,62.037209808681055,239.42391829421797,900.0,880.0,0.4075
165895,47.28569931871309,13.189034048966535,3.187366549168722,49.32478386398122,13.288654917775196,62.03641547743406,239.4351411033412,900.0,880.0,0.4275
166146,47.28537251630167,13.188226654773624,3.187540117894308,49.322089514045864,13.282630434142423,62.03694286134122,239.40822858425395,900.0,880.0,0.4075
166414,47.28515144408218,13.18771482452633,3.1876516977893274,49.32139930756962,13.281323002785623,62.03694692757123,239.39731899479978,900.0,880.0,0.4275
166684,47.28496881920522,13.187302717073697,3.1877413431750696,49.32153167055351,13.281840598278341,62.03679790700739,239.3941310480896,900.0,880.0,0.4275
166954,47.28475255290355,13.186816117894931,3.187854830418722,49.32111236222459,13.281111252550813,62.03676431042154,239.3867965306983,900.0,880.0,0.4075
167235,47.28184497262549,13.188965564637673,3.188227717076437,47.9575442434575,13.315799289199608,60.609022891237906,238.30595500113714,900.0,880.0,0.4275
167489,47.2473480945497,13.179264819528175,3.1869707743274134,49.302980054768334,13.271010460450034,62.02340756052043,239.42250096903302,900.0,760.0,1.0
167746,47.25674366387795,13.182697446327511,3.187183443699972,49.30594428982369,13.308545401148958,62.00564329809606,239.48221209175568,900.0,820.0,0.46749999999999997
168052,47.260598009965555,13.188882662555363,3.1889000574695032,49.24637724146933,13.170879019537445,62.01984512138617,238.9462842949951,900.0,860.0,0.44749999999999995
168328,47.25356214628445,13.186311496524361,3.1876593271838587,49.294631830401265,13.29169673446153,62.003179020018045,239.39309809450515,900.0,880.0,0.4275
168589,47.25355253444882,13.186257429948942,3.187678400670187,49.288428377463774,13.276698697380617,62.00502979249202,239.35262247941384,900.0,880.0,0.4275
168845,47.25369671198327,13.18657462052473,3.1876192728625696,49.28932643785407,13.278743142739096,62.00483241445127,239.36055237489373,900.0,900.0,0.4275
169108,47.2536102054626,13.186256228469489,3.1876774469958704,49.28686976799774,13.272569420413792,62.00569526187519,239.34691976710715,900.0,900.0,0.4275
169362,47.25372554749016,13.186425637072466,3.187639300023214,49.28744032736187,13.273792087443821,62.00561225760518,239.35103941499267,900.0,880.0,0.4075
169619,47.25383127768209,13.186520553949313,3.1876116434680384,49.29488782692337,13.291253917209657,62.00369300670659,239.40579444316378,900.0,880.0,0.4075
169883,47.253922590120574,13.186776469072958,3.187547747288839,49.28044900837271,13.25732785298699,62.00745257950366,239.29578217844414,900.0,900.0,0.4275
170150,47.25385530727117,13.186726006935901,3.1875601450549524,49.294148156923704,13.289392384033997,62.003954449644006,239.40502049133485,900.0,880.0,0.4075
170403,47.25384088951772,13.186813714936024,3.1875324884997767,49.30410939738716,13.312960897173069,62.001266885622606,239.47976148613742,900.0,880.0,0.4275
170656,47.25384569543554,13.186819722333293,3.187512461339132,49.28970052313086,13.278942557030273,62.005112731257775,239.37444034662175,900.0,880.0,0.4275
170926,47.253965843380904,13.187133308470719,3.1874380747424524,49.2893359230703,13.278330086616695,62.00507193650564,239.3679825371723,900.0,880.0,0.4075
171179,47.248597633181596,13.18392415684978,3.1872244516955774,49.28277891400895,13.271571088119982,62.001973266681105,239.37269961927473,900.0,880.0,0.4275
171443,47.25061611866388,13.18620216189407,3.1871700922595423,49.28810309814467,13.281746401932235,62.00188367716436,239.39746576701552,900.0,860.0,0.4275
171741,47.25502795121801,13.189168614665356,3.1895981470691126,49.25573548281569,13.205204780341415,62.0105761508424,239.16166718157587,900.0,860.0,0.4275
172014,47.23913478100394,13.184076744740404,3.1879587809192103,49.2514381437349,13.2244628533111,61.995400029506804,239.2274456984282,900.0,880.0,0.4275
172276,47.24338321235236,13.18737120140256,3.1877155939685267,49.28840849304092,13.301736575555921,61.99108555262658,239.41727392348892,900.0,880.0,0.4275
172546,47.24364753783219,13.1879623292938,3.1875906626330774,49.2747853735668,13.269403431588861,61.994822298848014,239.31875203087392,900.0,880.0,0.4275
172813,47.24343127153052,13.187338761457308,3.187723223363058,49.28743785710376,13.299361747729908,61.991391535485775,239.40808763464833,900.0,880.0,0.4275
173085,47.24365234375001,13.187732846718136,3.187641207371847,49.26874038273584,13.255068077926044,61.99647209831831,239.2703511939178,900.0,880.0,0.4075
173352,47.243541807640256,13.187284694881889,3.187739435826437,49.28004472107139,13.28171023201254,61.993478054555354,239.35032248634553,900.0,880.0,0.4275
173622,47.24381574495571,13.18773765263595,3.18764311472048,49.27251157766708,13.26361738032664,61.995661900969274,239.29682752551872,900.0,880.0,0.4075
173888,47.343466450848915,13.25760007843258,3.2331610361682337,50.00859665042351,13.641764958088107,62.562717881667574,234.70818483597597,900.0,880.0,0.4275
174134,48.08614896038386,15.279404046967274,4.015836779271261,49.82013934764892,21.62958524689405,57.165103036709084,168.0022211434735,900.0000000000001,860.0,0.44749999999999995
174411,46.52932474932333,17.7172358955924,5.023046437894003,43.92427506545022,21.037385886363566,51.23479260838202,115.72570596756056,899.9999999999999,860.0,0.44749999999999995
174667,46.756486066683074,15.572802926611713,5.168571416531698,45.75916359048924,13.303830453724165,58.42533956290463,113.81902492803914,900.0,840.0,0.46749999999999997
174927,44.57290769562008,13.448809526098056,6.079476315771238,38.90872009072471,9.923541194127507,54.31477569456597,52.39955943185099,900.0000000000001,860.0,0.46749999999999997
175183,45.80340528112697,12.242181732898622,0.07780516892671585,50.43374214145945,12.355418422646476,63.704471424051384,59.206908293363256,900.0,840.0,0.46749999999999997
175447,54.0047088382751,12.890852079616756,0.10977233201265335,66.24964296125093,14.735501782732182,82.06671596684222,75.01610950065003,900.0000000000001,840.0,0.46749999999999997
175691,65.31454732098918,14.11015788401206,6.182497930024759,79.20637941331533,15.0781686605285,99.98744761822533,112.7017883635016,900.0,820.0,0.4875
175980,79.60116168645423,12.676875797782358,6.114670712743894,97.02330811910933,9.86729013439986,118.47629310567837,127.67660184686295,900.0,820.0,0.46749999999999997
176245,88.83219080647147,11.02585920198696,6.146182973180906,91.30613946980412,10.562292929061256,113.02027324444911,120.56287715756257,900.0,840.0,0.4875
176501,84.7033403051181,11.78416334737943,6.130916554723875,72.56482676443939,13.791169081800007,90.7666703284164,99.65288133742006,899.9999999999999,820.0,0.4875
176779,73.71014932947834,13.832523616280143,6.114242512975828,54.75125232063836,17.470811301400225,65.88289154658003,75.79439101641856,900.0,840.0,0.4875
177039,65.165885865219,13.309317761518825,0.5157362222671509,53.76333689039525,9.533066728062703,68.57171098924302,21.233607904448604,900.0,820.0,0.4875
177289,62.452868363988685,12.086745134488805,1.3213821649551392,59.579512677311705,13.603534799360911,73.67150266027198,352.0174694106482,900.0,820.0,0.46749999999999997
177556,63.41699314868357,19.037851649006523,1.416460633277893,65.54606347787,30.885865508603747,75.58775215570097,353.76913492546635,900.0,820.0,0.5075
177819,65.04203736312746,30.091946819635826,1.1745353937149048,66.74166004876518,45.564726596394614,63.2564401186893,4.884864661242659,900.0,820.0,0.4875
178072,68.76172163355069,40.25836614173229,0.5400158166885376,75.84382471109085,52.74267443208923,139.72146429963186,121.21338672819331,900.0,840.0,0.46749999999999997
178323,77.47285617618111,46.35314460814468,0.2616211175918579,90.7130872851341,52.649785278151484,169.84983633474886,157.4879893321039,899.9999999999999,840.0,0.4875
178595,88.64653820127954,49.09935658372294,6.074640233312742,100.52413263270711,50.45896126004103,169.00675710296963,189.83400096529664,900.0,860.0,0.44749999999999995
178861,94.31191752276082,44.25074780081201,6.010278646145956,98.63367992534165,35.45037262116781,142.34746284000016,157.87052811109749,900.0,820.0,0.46749999999999997
179129,100.48184132012796,37.54165048674336,6.034361798559324,110.33832185418554,30.2819931424689,146.14561019316267,160.28160707894926,900.0,840.0,0.46749999999999997
179403,112.14905265748033,33.14441831093135,6.037303883825437,129.0122191807403,27.533323881137072,153.46666127413604,167.3429282494217,900.0,820.0,0.4875
179675,125.37452517531987,28.902138537309302,6.060205418859617,137.38191589523308,23.945060079406414,153.8825680608391,165.46854648596252,900.0,840.0,0.46749999999999997
179927,125.94224824680119,27.98144242894931,6.097672421728269,118.73393771402233,29.43534932416884,150.3850988369428,160.71132260076587,900.0,820.0,0.48750000000000016
180189,118.17689430056595,29.961898683562993,6.0963487217770975,102.24710023306248,34.18515093233025,144.2000593527341,154.93852564421022,900.0,840.0,0.4875
180468,106.76737627645177,33.84901632474163,6.135015446935789,89.34421443309296,40.02326089888102,137.3500714755075,143.99601271462035,900.0,840.0,0.46749999999999997
180734,96.66150190698819,36.81091789185531,0.38839781284332275,82.51687596701427,39.065951471178394,121.84231213764595,88.38385433521387,900.0000000000001,840.0,0.46750000000000014
181012,91.07806348425197,38.75265526959277,1.1160742044448853,85.93288758201352,43.00641551430299,136.99789592157637,66.96477804649362,900.0,840.0,0.44749999999999995
181266,91.30477785125493,45.84348663570374,1.2158132791519165,91.91872418661585,56.956098093136774,182.74808626349744,112.28766595292649,900.0,840.0,0.46750000000000014
181523,91.23397707000493,55.231409748708174,1.274671196937561,87.42304845661388,64.73088542670251,209.51391248030484,134.3067281601668,900.0000000000001,840.0,0.46749999999999997
181791,85.92635988250493,61.39450914277805,1.3379093408584595,75.94497664494003,66.87230929149783,250.05688681709108,173.4586536110612,900.0,820.0,0.4875
182075,76.94980411078986,65.83680160402314,1.327191948890686,63.97645897226479,69.10861959453345,301.4700213416668,225.42595310819115,900.0,820.0,0.4875
182341,68.85013129767471,70.28242456631398,1.1725460290908813,58.02740446355087,75.0087894883539,306.3181080344558,241.38300857960735,900.0,840.0,0.46749999999999997
182606,64.12759135088582,75.41227085383859,1.3696657419204712,60.58867967152378,79.95846430751519,295.4682726010825,209.21049742426158,900.0,840.0,0.46749999999999997
182868,63.829811877153055,83.86792761134352,1.5515800714492798,63.917822874072854,97.79920706576095,280.94350291160083,191.42810804012743,900.0,820.0,0.46749999999999997
183137,64.53114907572589,96.82695043368602,1.5793529748916626,67.94573884236135,112.73953666086302,274.08706060994837,183.20204495442897,899.9999999999999,840.0,0.46749999999999997
183406,70.39767047551673,105.2953717089075,1.603753685951233,80.40949464941133,111.87272282965792,261.4405672970589,169.2891465170361,900.0,820.0,0.46749999999999997
183676,77.21309151236467,111.10594741941438,1.616366982460022,83.093720112216,120.67274893073173,260.2664287775115,167.62240766512218,900.0,800.0,0.4875
183950,78.55620136411171,122.20793476254921,1.610899567604065,81.13137753563922,135.93070951268766,263.4827177239223,170.9390913211064,900.0,820.0,0.4875
184223,80.93768262487697,124.76066529281496,1.3253198862075806,83.88099237032644,122.36500277003294,259.8501475588252,186.01809789839785,900.0,840.0,0.46749999999999997
184486,81.21999184916339,124.8444901113435,1.3211208581924438,80.79910220997647,123.08181701375653,262.5271923434352,186.926939354782,899.9999999999999,860.0,0.46749999999999997
184744,82.36201248769686,126.90372016486222,1.2907644510269165,84.09106753085703,124.88323948126003,260.0442987799986,183.87612673636886,900.0000000000001,840.0,0.4674999999999998
185010,82.71280604084647,126.72295998400591,1.3070827722549438,81.99276224809203,124.0416791470324,261.64513188217296,186.7186186045077,900.0,840.0,0.4875
185264,81.16382028174213,122.44469349778545,1.283013939857483,77.01098085535627,110.48081773654845,264.7448931780082,191.602910804859,900.0,820.0,1.0
185560,78.97949699341781,112.04567736528051,1.2650247812271118,76.12804568364862,95.16633072852393,263.9833634120005,191.8552160086881,900.0,840.0,0.46749999999999997
185822,77.40753894715797,100.83181786724901,1.2782341241836548,74.67168018872646,83.16469108694841,264.3829555276814,190.76117754017196,899.9999999999999,840.0,0.46749999999999997
186105,77.8618087167815,92.59506105437991,2.0860660076141357,80.26339848355119,83.4906390705106,253.2697717963065,119.9843503328047,900.0,860.0,0.46749999999999997
186374,75.40144792691929,92.82826341043307,2.3181331157684326,71.78728301669362,95.64373318518743,270.30742988692634,133.70458335344165,900.0,840.0,0.46749999999999997
186630,71.04050043061024,96.58567413570375,2.6872365474700928,63.50952770526775,101.64121680272628,280.5380712276085,122.99454566765189,900.0,840.0,0.46749999999999997
186887,61.271823672797744,101.12838144377461,2.731586217880249,47.152345207090306,107.14476671844147,295.9118655936234,139.01523572078997,900.0,840.0,0.4875
187143,48.735019954170774,106.22789277805119,2.755939245223999,30.977330513167907,113.32695822512026,305.5871779228893,147.27247090815104,900.0,820.0,0.46749999999999997
187407,37.20972256397638,111.17327832800198,2.820237874984741,29.096917077009763,116.31000743232426,305.42712823397676,140.2743067567758,900.0,820.0,0.46749999999999997
187660,38.73563030573327,112.61572650098427,2.9831855297088623,47.657020357676245,111.65558482997285,293.62390033904626,121.32082931785465,900.0,840.0,0.5075
187911,46.62172813115158,111.25574787770671,2.9875361919403076,63.21529051094827,108.15342137799318,279.5611384548579,108.23912025355924,900.0,820.0,0.46749999999999997
188183,59.286374069574315,109.03710553026575,2.9809072017669678,80.01860639881069,105.25866464034756,260.7541659876942,89.98595598197551,900.0,820.0,0.4875
188441,64.97237558439961,108.06164839136319,2.964449644088745,67.19102402400001,107.78827608763143,275.30518049263827,106.54959186952681,900.0,840.0,0.46749999999999997
188707,62.295993594672744,108.45056248462106,2.974390745162964,61.84042650507021,109.06420142975591,280.8385800435641,110.40111374516027,900.0,840.0,0.46749999999999997
188961,62.02481007012796,108.50882943220964,2.9726150035858154,64.32637470606288,108.14194007456753,278.3720092388296,108.12832526607758,900.0,840.0,0.46749999999999997
189223,62.05013725701279,108.49850632074312,2.9730546474456787,64.05091476793355,108.14669048498781,278.66727401249744,108.30106053231617,900.0,860.0,0.4275
189479,62.130967988742626,108.51935439222441,2.9995696544647217,64.39055305412063,108.6122025656994,278.2297769408359,105.3385358623695,899.9999999999999,880.0,0.4275
189737,63.50558063176674,110.02327025406005,3.6626439730273646,67.43272770946022,114.70167520336152,274.44892398242735,48.783688366309946,900.0,860.0,0.46749999999999997
189989,63.06308055487205,113.12597079539863,4.745708171521322,60.139242026365835,119.57416117572978,280.56793321961527,346.16164761407043,900.0,840.0,0.46750000000000014
190255,60.728639617679626,113.77494271345965,5.826164845620291,59.18659905452622,112.48670186166885,282.7806471643129,297.6643639767526,900.0,840.0,0.46749999999999997
190519,67.40959107406496,110.99853515625001,5.93460047641863,78.30086464531632,106.69406365628979,262.9149305850591,282.4553289152075,899.9999999999999,800.0,0.4875
190776,78.43549593227117,106.89862589197836,5.952382687722341,93.5380611547777,101.5326027930116,244.68467849012552,263.37877195718454,900.0,820.0,0.4875
191050,92.18472217950296,101.88654381459153,6.002509717141287,109.2602152386796,94.20181776216045,225.71488997526714,239.37027630778462,900.0,820.0,0.4874999999999998
191312,101.2583815206693,96.54748631274607,0.4242170453071594,106.955664418504,88.953995658244,223.3116691263086,182.08975621780064,899.9999999999999,860.0,0.46750000000000014
191596,104.76719172920768,93.55691744586615,1.0419167280197144,105.14870050293061,91.26892971366982,226.7750003843836,165.53863703123739,900.0000000000001,840.0,0.46749999999999997
191850,106.43766147883858,96.13938699557087,1.02879798412323,109.88985195460091,101.5653705374618,230.25480700513717,171.1741508867193,900.0000000000001,840.0,0.46749999999999997
192103,108.7064391609252,99.54267847256398,1.0234755277633667,106.80164786549133,97.14909608201756,229.77729111103287,171.45190337162944,900.0,840.0,0.4875
192355,105.5619367464321,94.74304679810533,1.0021651983261108,97.8262397869144,82.84714275445627,226.11035414389534,168.94929405994594,900.0,800.0,0.4875
192619,99.59929218442421,86.47353284940945,0.8261845707893372,89.79302510100027,73.83426918409597,225.06632866410538,183.41440617981186,900.0,820.0,0.4875
192886,94.87042284387303,78.27085960568407,0.5317509770393372,89.79132775756091,64.46174443012129,205.43625675961712,175.78308797670172,900.0,820.0,0.4875
193144,95.24361197404036,69.64283379982777,0.5039690136909485,96.30764766608026,56.264709416961416,180.62392433412856,153.43180524887168,900.0,820.0,0.4874999999999998
193401,97.74939829908958,62.87617841104824,0.1576250195503235,99.28491171518998,53.8252551192839,175.44287183099073,175.83403199036047,900.0,820.0,0.46749999999999997
193653,99.12492887241635,57.86960872139518,5.88761151233782,96.29954192666025,51.04960081304325,168.48505382751438,199.02394966760568,900.0,840.0,0.46749999999999997
193929,95.16451617864173,52.56297674704725,5.757702473794119,86.02633578826313,47.35479172926844,148.35217010301517,178.98261362420584,899.9999999999999,820.0,0.46749999999999997
194189,90.9596648929626,50.37896103746309,5.380594853554861,84.37708418223004,51.30303160183506,159.21879271780472,220.7818292451866,900.0,860.0,0.46749999999999997
194451,87.6891417015256,50.75535090889518,4.805947009717123,82.89051086257159,53.37574087209063,166.4518638931095,260.7638857082105,900.0,840.0,0.44749999999999995
194726,83.6128294937254,50.82448403666339,4.186082426701681,77.90211513016098,52.8870355725837,152.191400902023,282.27123230685567,900.0,840.0,0.46750000000000014
194996,78.54178841658465,51.92384254275345,3.626965109501974,73.51129283625671,56.26770498001254,190.04497193954882,349.7072685169313,900.0,840.0,0.44749999999999995
195264,74.31911198172983,57.490743802288385,3.5498481432544153,71.57417354418274,67.77352901389175,272.0713779530397,68.82689539706564,900.0,820.0,0.46749999999999997
195517,73.6446014164001,59.75132739450049,3.563925329838888,76.22278547393344,60.2652252917952,225.28647491749294,20.923932652175324,899.9999999999999,860.0,0.4875
195777,73.71409979392224,59.712807963213585,3.565727774296896,75.5763545309518,60.56499111368088,231.92375831247415,27.670961318463355,900.0,880.0,0.46749999999999997
196037,74.79903093473179,56.814926027313,3.5669103304492396,79.36348904508621,50.25504462317588,142.0388328014709,298.0385960183199,900.0,840.0,0.4875
196304,77.12144265963337,50.30205674058809,3.536038939152853,82.76183419295621,40.3360550942034,124.49081473255178,282.1153359595262,899.9999999999999,820.0,0.4875
196576,80.51111416553887,41.73175481360728,3.525911871586935,87.29792902154202,30.6983476134738,121.1580699031685,279.55779790108346,900.0,800.0,0.5075
196849,83.4335495355561,34.173552745909205,3.50204044977297,87.38937826288783,29.549824405795267,120.19192266157745,279.62991511958035,900.0,840.0,0.4875
197103,80.03502072311763,32.47849351777805,3.5035930315600794,73.38471520888874,30.453623175717194,93.10262288743913,252.276818896725,899.9999999999999,800.0,0.4875
197379,70.39464755321113,29.09141720749262,3.5254321734057825,56.72598976940217,23.86189462328438,64.5800496559624,221.88144183526958,900.0,820.0,0.5075
197661,56.935948649729326,24.046902393731546,3.5452752749072474,39.53407478374395,17.8843376519784,49.57651055276713,206.37232600092463,900.0,820.0,0.4875
197920,46.05284202755906,20.433746097594735,4.082096640263693,35.673034119787886,19.717280662226266,44.96508537644315,154.77284341067067,900.0,820.0,0.4875
198192,39.58459088182825,20.416800431379183,5.244393054638998,30.459591948716,22.044870070273074,39.26256432251318,77.33240945434397,900.0,840.0,0.4875
198456,35.520627479853594,19.175264854130784,6.106736783181326,30.627539297787624,18.348532833800633,42.30410933980636,48.02379041720184,900.0,840.0,0.46749999999999997
198714,35.23259200449065,19.20226089597687,6.106050614510671,33.237703593876,19.579173467550383,43.21618219741381,53.30528487240539,900.0,860.0,0.44749999999999995
198972,35.247692198265256,19.20170461098979,6.105653885995046,33.24380527205966,19.565336471873042,43.23154435741443,53.39100974886397,900.0,860.0,0.4275
199231,35.247894046813485,19.201944906880538,6.105714444314138,33.23960931956396,19.559390296983892,43.233114941117115,53.411369856888676,900.0,880.0,0.44749999999999995
199499,35.40053480253445,19.259420079509106,6.0593000690089625,34.128160251657526,19.884769643622153,43.63993263109849,58.24974681571668,900.0,880.0,0.4275
199769,37.79068353607899,19.47651780496432,5.245751563702719,40.87864818092772,20.646359699634363,48.64295510566573,125.12108389780676,900.0,840.0,0.46749999999999997
200039,39.96859332707923,17.049452413724165,4.136600081120626,42.95953193845717,13.770319750628445,55.48450986598086,198.44228198510356,900.0,840.0,0.44749999999999995
200287,39.78239525021531,15.07495790015994,3.502061430607931,41.64738566130336,15.49735613758959,53.15217093896018,213.38650399613357,900.0,860.0,0.44749999999999995
200545,39.78217417799581,15.092296450156866,3.5110517183886927,41.683175006205126,15.838440383956183,52.951877677456295,211.81389670320095,900.0,880.0,0.44749999999999995
200804,39.684914416215555,14.983886959045892,3.4693523089038294,41.061908140569805,14.912161555651105,53.021187610233774,216.82798098775427,900.0,860.0,0.4275
201074,39.25632026251846,14.55452025406004,3.302155081425802,40.67172989595908,14.602881813589866,52.88250461780501,224.56426781377561,900.0,860.0,0.44749999999999995
201327,38.27394740788017,14.022024560162402,2.9984805583953857,38.55863433299999,13.022079842140776,52.11331064605658,246.19899180673104,900.0,860.0,0.44749999999999995
201588,38.16058301550197,13.96276519054503,2.978423833847046,40.43693732183765,13.595123946293755,53.338721760318535,242.71690062132086,900.0,860.0,0.4275
201848,38.16614105945497,13.961290975255292,2.9785478115081787,40.17953118340499,13.633092364225808,53.09092482902309,242.44339010107487,900.0,880.0,0.44749999999999995
202101,38.166215551181104,13.961426742433563,2.97851824760437,40.17979641304767,13.633462421649094,53.09091384035367,242.4457838861987,900.0,880.0,0.4275
202360,38.16637654942791,13.961693470872293,2.9784581661224365,40.18494834203355,13.6407974373716,53.09060496078868,242.47457387145252,900.0,880.0,0.4275
202621,38.166688934085876,13.962141622708538,2.978358030319214,40.17808472326166,13.63083073920818,53.09114285699135,242.4434828432803,900.0,880.0,0.4275
202908,38.16688357375738,13.96109152966597,2.977267026901245,40.21625608758071,13.683080724250653,53.09021517422081,242.66650511830312,900.0,860.0,0.4275
203172,38.16132072388657,13.965243842658095,2.97916579246521,40.17047198591387,13.639871396196627,53.07868970474216,242.40569307799012,900.0,800.0,0.4875
203427,38.15708671029159,13.961047074926181,2.978928327560425,40.19371106304323,13.887584540956938,52.93730457042782,242.14276174744165,900.0,820.0,0.4875
203682,38.17047359436516,13.95841583492249,2.9790236949920654,40.183152802873,13.62962817571136,53.09630575947501,242.42569322948975,900.0000000000001,840.0,0.44749999999999995
203957,38.14438466950665,13.961691067913385,2.9783847332000732,39.93249921770002,13.760147781368124,52.79508807363898,242.44303546161757,900.0,860.0,0.4475000000000001
204209,34.03306615634227,14.76943729430672,2.9864261150360107,26.000597540571096,16.680218641844974,40.52345648743086,229.1496310105154,900.0,820.0,0.46749999999999997
204470,24.737486351193404,16.378348042645793,2.9955966472625732,14.907948633885521,18.12290993454804,33.56184473786258,221.34436872304255,900.0000000000001,840.0,0.46750000000000014
204747,23.759075975793554,16.778154748631273,3.020554304122925,31.06016420121816,16.143643329371347,44.23170809721183,231.15765836650348,900.0,820.0,0.46749999999999997
204997,27.403482752522148,15.842973603976994,2.8057048320770264,31.59039950626017,14.068098114147766,46.059144018422444,253.15847770554018,900.0,820.0,0.4875
205283,26.121384027436026,15.815875436377338,1.8088337182998657,23.608190511038366,15.676815664762163,39.80324865908631,311.3968352919909,900.0,800.0,0.4875
205558,26.53812438484252,20.570154865895667,1.2902122735977173,27.544707117535538,27.534662121608193,32.63199656254588,324.5077654560764,900.0,820.0,0.4875
205833,29.605059285802167,28.855074184147394,1.0661283731460571,34.182932185090515,39.38621422331933,23.716833876031046,324.9369541583534,900.0000000000001,800.0,0.5075
206105,35.03967525452141,38.566164031742126,0.7292267084121704,41.872748069445265,50.78907317804168,9.813012806460872,334.61138446042986,900.0,820.0,0.46749999999999997
206366,43.65959587998278,46.52482160433071,0.4549490213394165,56.754521740567846,55.36577303323698,2.382187463990579,337.51579345566404,900.0,820.0,0.4875
206636,56.24341589259351,52.6050765871063,0.43411409854888916,72.44973699529194,61.14927202736362,265.0084578769049,241.01468184137718,900.0,800.0,0.4875
206892,69.65502641332431,58.53401244156004,0.44467031955718994,87.66556557938398,66.07508877050496,212.74652903109597,186.4504751368513,900.0,820.0,0.5075
207154,84.07542791892224,65.05797378660188,0.5361877679824829,103.17678859260673,72.99348146842999,208.5934043849209,175.09908231540192,900.0,840.0,0.4874999999999998
207442,99.05521422859253,73.58708419199066,0.5858293771743774,117.70527280217213,84.17373145351819,211.65058996207117,177.60906409926793,900.0,840.0,0.46749999999999997
207701,111.57398614357776,80.96989188607283,1.0259195566177368,125.2083350082038,88.05065819959947,211.06314562553533,140.75124411931642,899.9999999999999,840.0,0.46749999999999997
207999,120.05816121739666,92.71247923843504,1.258909821510315,127.75108278783381,107.86790203716812,222.93351158041168,150.218642765097,900.0000000000001,840.0,0.4875
208277,124.80248638964075,106.14265501968505,1.464389443397522,129.59337182758077,121.66944385499535,228.7486116006115,142.749540995816,900.0,860.0,0.4474999999999998
208542,126.23041107898622,112.57087767593504,1.525856614112854,126.56099702328756,114.97034632356177,227.22414521393094,139.70729355033598,900.0,860.0,0.4275
208818,126.26883919783467,113.38469257504921,1.5245739221572876,126.17343479334527,111.33819382117844,225.60937145218932,138.2313761818216,900.0,860.0,0.44749999999999995
209073,126.34874238742619,115.62251053457186,1.5268179178237915,126.49873899970349,117.03087404681877,228.23610284660847,140.9298912553295,900.0,860.0,0.44749999999999995
209343,126.36043999138779,116.02755328801673,1.5247894525527954,126.25763856356157,113.69297850986253,226.75763866934562,139.41037369723125,900.0,860.0,0.4275
209600,126.3594115249754,115.95389779158465,1.5264326333999634,126.29274586220076,113.92473524212191,226.85376683893145,139.48484018758586,900.0,880.0,0.44749999999999995
209857,126.36144923412894,115.97412109375001,1.5257412195205688,126.27342480204864,113.95055451855532,226.87668148814603,139.47281752084552,900.0,860.0,0.4275
210118,126.40102116141732,115.92231329970473,1.5487676858901978,126.22192029350097,113.6579035865282,226.75907929600262,137.2710230083494,900.0,860.0,0.4275
210404,128.43152143823818,114.86733744463582,2.3550479412078857,133.3450069610791,112.3033504592065,222.54617052977906,74.0907889661068,899.9999999999999,860.0,0.46749999999999997
210655,130.71084330401084,115.42431448388288,3.0955617427825928,134.5728835076406,116.41469405082871,223.99467523832863,38.47885875294389,900.0,860.0,0.46749999999999997
210914,131.31200595164862,115.83165446604332,3.2286182085620325,133.44932335069876,115.95675712330278,224.29564123083762,39.92679335499048,900.0,880.0,0.44749999999999995
211183,129.19050081508365,115.66589836060531,3.2269931475268763,124.60461944282,115.49735349145888,228.5184752480395,43.522365573028765,900.0,860.0,0.44749999999999995
211442,120.9471310593012,115.07604884350394,3.237382475529806,108.3847235970418,113.97728647333311,237.88890951833028,51.987888197490975,899.9999999999999,840.0,0.46749999999999997
211712,108.46654696727363,114.03960460752953,3.09604811668396,92.27258672885561,112.19514105311094,250.1629200564156,79.54493269755613,900.0,840.0,0.4875
211995,95.053451417938,115.00952532910925,2.9427497386932373,77.22217077118117,117.67587138424084,265.16024064388023,96.67585920497424,900.0,820.0,0.46749999999999997
212244,85.95957838644193,117.09624523252953,2.9887216091156006,83.96129301300293,119.08335172221962,259.2635497877627,86.44151785011638,900.0,820.0,0.48750000000000016
212510,86.57571627399115,117.30674443282481,3.026818037033081,88.78997180432678,117.1313781466219,254.64218590490813,80.73230794070378,900.0,840.0,0.46749999999999997
212750,87.12891586183564,118.03450456754429,3.365523878728048,91.07846410924229,120.81724673199493,253.59860814476446,47.890187555109776,900.0,820.0,0.46749999999999997
213020,87.17006413016732,119.78785717581202,4.230845038090841,86.4060829359571,120.52257218501974,257.41388837687595,5.915423227970564,900.0000000000001,800.0,0.4875
213281,84.41881074680119,113.33990142101378,4.335079852734701,79.79288124103041,102.47979986789652,260.4822176149777,11.515916283723243,900.0,820.0,0.48750000000000016
213537,79.76485124723179,102.4149352546752,4.354073230420248,72.98301994292609,85.9867689045269,268.12241420987027,18.172798086205773,900.0,820.0,0.4875
213800,74.232047974594,88.71073565145178,4.366841022168295,66.53403654262442,70.05553656717045,291.2502274023532,40.951711149020184,900.0,820.0,0.4875
214073,68.39293472410188,72.65150175319883,4.374761287366049,61.22295024590494,52.155130318038545,19.634600094838024,128.83154049078965,900.0,820.0,0.4875
214349,62.600775290661915,55.69939560777559,4.405751887951986,55.052200634155845,34.74449998857823,51.43334390845475,157.68205141947624,900.0,820.0,0.46749999999999997
214598,59.31355153481791,45.33592404343012,4.78438634077181,57.01293254169222,37.8667953190815,50.42631765314556,129.705636208563,900.0,820.0,0.4674999999999998
214864,59.49422520915355,45.45593742310531,4.863494102154867,60.460137917221,49.98986624434903,27.511178232045282,109.07895358428512,899.9999999999999,820.0,0.4875
215135,57.3322157972441,44.43017674243356,4.849187556897299,51.592820517102865,43.53629782273008,31.41453430341165,113.69134063836947,900.0,820.0,0.4875
215399,51.7995086429626,41.66900394469734,4.846855346356527,42.57049370964869,38.864368414764044,30.21054215081474,112.47899584424565,900.0,820.0,0.46749999999999997
215659,45.33994179072343,37.93163389671506,4.777737800274984,36.01809000184394,33.74977309817868,31.731510590002156,121.88562655174914,900.0,820.0,0.46749999999999997
215919,39.727273775836615,33.199381190022144,4.579925719891683,31.33534838527907,28.712779248593883,33.86281550077021,131.75348841630588,899.9999999999999,820.0,0.4875
216185,34.09969780388779,26.740737074003448,4.578825656567709,28.357304380876435,16.40259746078383,42.21773501174781,139.8616103709879,900.0,820.0,0.46749999999999997
216459,31.62322517455094,14.943043866495447,4.580441657696859,29.817171626420496,-0.9878032565775499,53.49085867263056,150.81474321686983,899.9999999999999,820.0,0.4875
216737,31.201698123000742,11.576479213444268,4.594788734112875,32.40003049606532,18.22894202731714,43.645883292930385,140.52078875567835,900.0,820.0,0.4875
217010,32.50868429349163,18.991523802749754,4.58296507993807,35.10107240112265,33.6563471783576,31.196441583117483,128.77929224252088,900.0000000000001,820.0,0.46749999999999997
217286,34.665952667476624,30.47486553041954,4.575051013623373,38.29293754424452,49.96290307931899,10.154284874404993,108.10316345895558,900.0,840.0,0.4875
217531,37.49403105007382,42.95348640501969,4.579163257275717,42.04430764984806,63.91753556988429,345.1948148296494,83.00997207236088,900.0,840.0,0.46749999999999997
217783,38.96863081323819,51.226926788570374,4.56043786207308,40.2438078196583,60.190755786750564,352.482312228087,91.44498488642745,900.0,860.0,0.44749999999999995
218046,39.10609448049951,52.60640302042323,4.5590683857547205,39.073607163601714,54.772149019176524,2.135614935385574,101.2988933643961,900.0,860.0,0.44749999999999995
218303,36.38919620063361,50.57572011872539,4.555933658276693,30.881138734616552,48.09579835194353,10.88113076373664,109.7276288820661,900.0,840.0,0.46749999999999997
218584,30.70911557655635,46.08925166092519,4.5600659290896814,22.77809746923583,41.01164728717106,16.935794387029187,115.58689745601633,900.0,820.0,0.46749999999999997
218842,28.47356841320128,42.971710445374015,4.574906055127279,28.289910914860464,43.03700348054252,16.518650706798052,114.2225305688652,899.9999999999999,860.0,0.44749999999999995
219110,28.17805252675935,40.86520938422737,4.579392139111654,27.71020078313131,36.86856053311652,23.36243246309495,120.81673679281774,900.0,840.0,0.4475000000000001
219390,27.051379586767965,32.321760523037646,4.5941683689700525,25.175244246254483,20.234613192200428,37.37308445894888,133.9630246553088,900.0,840.0,0.4875
219642,25.83566981037771,25.18528014656127,5.142390910779135,22.288944368593125,21.428544706477304,34.816605923524065,85.11422456297655,900.0,820.0,0.4875
219901,23.970533956692915,22.168098509781007,5.783544186745779,21.507922557020578,20.378594556464606,35.20239649101169,60.65146134596486,900.0,840.0,0.46749999999999997
220167,27.35777126522515,19.87865778404897,5.884468678628103,32.35983201799259,15.682885741966542,45.4850744898767,63.914108186732506,900.0,820.0,0.4874999999999998
220432,34.02629221518209,17.04464168999139,6.1638237352119845,44.42472186793315,14.338626969946652,56.49979260970448,61.906974944005206,900.0,820.0,0.4875
220688,42.7101531742126,16.575508418045647,0.16631489992141724,53.92464205030801,17.47324549381824,64.86573097393186,51.330282415645,900.0000000000001,840.0,0.4875
220936,51.96692759596456,18.166058157372664,0.2374323010444641,61.13829861159776,18.896273042217224,73.68319766049783,58.05877253852975,900.0,840.0,0.46750000000000014
221202,55.04528616357038,18.652036171259844,0.25558120012283325,54.549720409030876,18.50974802426127,65.0398217320003,50.449466136718,900.0,860.0,0.4474999999999998
221465,54.98757189653052,18.63627876822404,0.2580922245979309,52.7364886348573,18.057529366607614,63.08295206662438,48.24480360573858,900.0,880.0,0.4474999999999998
221748,54.99194528174213,18.634856216550812,0.25712138414382935,53.02300909882761,18.127766733984206,63.38550020719078,48.597463718237464,899.9999999999999,880.0,0.42750000000000016
222021,55.49872450941191,19.430656132735606,6.157913808022634,54.575408339205254,21.467816286977676,63.224949089550286,81.2840084013404,900.0,860.0,0.44749999999999995
222301,58.15790611927903,19.75845817505844,5.145064059888021,61.23187936531158,20.30298722984243,73.21389132282843,154.6015487805825,899.9999999999999,820.0,0.4875
222557,60.15379898191438,17.14663528081939,4.061343733464376,62.77053479070078,14.218948524770617,77.54336470148066,223.72202431101465,900.0,840.0,0.4875
222807,60.14021745816929,16.324005126953125,3.8128400484668177,61.77977978325179,17.421329757162837,75.16211296580289,216.25356973869623,900.0,840.0,0.4674999999999998
223073,60.11960487666093,16.315187469242126,3.813713614140646,61.71802618434308,17.57061685238081,75.02107440388846,216.4740729305845,900.0,880.0,0.4474999999999998
223332,60.1195952648253,16.315180260365405,3.8137155214892786,61.718307062098894,17.568885573185874,75.02210964239873,216.46431889111165,900.0,880.0,0.44749999999999995
223594,60.22716612327756,17.018229567159818,4.060206000004904,61.787473328406755,20.626841207287903,73.89612901190543,192.85835030565678,900.0,860.0,0.44749999999999995
223844,60.19551434854824,17.347442146361345,4.171364370976583,61.64463805276217,18.927653674033674,74.39343814849819,195.7752165757949,900.0000000000001,860.0,0.44749999999999995
224138,60.18337460014764,17.359923114926797,4.172890249882833,61.23172174998612,19.10707313887573,73.72857297789426,194.62939894004535,900.0,860.0,0.42750000000000016
224377,60.17905408003199,17.620085468442422,4.255681578313009,61.16938043206916,20.13327221599733,73.19734137801828,187.15703308740714,900.0,880.0,0.44749999999999995
224647,60.2027953140379,17.6307113527313,4.252828184758322,61.1067391850249,19.45796217180418,73.40056705090767,189.72937139046934,900.0,880.0,0.4275
224914,60.204309178149614,17.630137045552413,4.252758566533224,61.11296667869858,19.45150831401793,73.41230353554191,189.72418558186666,900.0,880.0,0.4275
225175,60.204520638533474,17.629875123031496,4.252811972294943,61.108625699152185,19.457038354958996,73.40368011969863,189.73629805229103,900.0,860.0,0.4275
225442,60.20462156280758,17.629740557332678,4.2528443972217005,61.10455728492869,19.462194491006976,73.39560794847061,189.74684060215577,900.0,880.0,0.42750000000000016
225699,60.20461675688976,17.629745363250493,4.2528443972217005,61.10371227479205,19.46325635238392,73.39393505161637,189.74872222558815,899.9999999999999,880.0,0.4275
225972,60.20488108236959,17.62943297859252,4.252923552189962,61.10971259733204,19.455479424359865,73.40591423039963,189.7267174705379,899.9999999999999,880.0,0.4275
226240,60.20489069420522,17.62948103777067,4.252907339726583,61.1104174209734,19.454673641605194,73.40727489671242,189.72660324516642,900.0,880.0,0.42750000000000016
226507,60.20404965858761,17.630550354484498,4.2526307741748255,61.11029718256445,19.454775927211,73.40705787166306,189.72473519691815,900.0,880.0,0.42750000000000016
226762,60.197648176058074,17.615554689422368,4.252830092106954,61.193173721758384,19.343153386396786,73.57392529224516,189.50051212514717,900.0000000000001,800.0,0.5075
227016,60.206563153604826,17.621420312115525,4.252280775700704,61.08224574342018,19.483656041651976,73.3542462660139,189.7831171527796,900.0,800.0,0.5075
227269,60.19913801058071,17.620910884827143,4.252164427434103,61.08356641378474,19.476793350349222,73.35910286856188,189.82453735730112,900.0000000000001,840.0,0.46749999999999997
227559,60.20410732960138,17.634936955970105,4.252633635197775,61.03052194147714,19.54805787258403,73.25188993965843,189.79176051453288,900.0,860.0,0.4475000000000001
227834,60.204982006643704,17.62928519661971,4.2529359499560755,61.107413913491946,19.458342177950588,73.40137553523327,189.73172321953092,900.0,860.0,0.4474999999999998
228111,60.20409771776575,17.627467358206204,4.252941672001974,61.09602483006928,19.466898696205153,73.38129973738727,189.7536388048493,900.0,860.0,0.4475000000000001
228366,60.20498681256152,17.629251555195005,4.252948347722189,61.10884458617572,19.456548646016817,73.4042054813632,189.7295153170772,900.0,880.0,0.40750000000000014
228623,60.20034429595227,17.545101135734498,4.227515761052267,60.64010657795088,19.017560670591003,72.92461636463689,190.97295422960656,900.0,880.0,0.4275
228900,59.74262868325542,15.220096618171754,3.442134443913595,60.29898658036222,12.512482736507483,74.94031338200429,252.7456998579979,900.0,840.0,0.46749999999999997
229164,56.71079620601624,13.512497548981916,2.3141324520111084,52.41324492642126,11.528807236519535,66.22953573835896,314.2064528898623,900.0,840.0,0.4875
229429,53.723836583415356,15.352634219672737,1.1475063562393188,49.96238119918256,17.8330379992299,59.99784620000594,10.303256814943666,900.0,840.0,0.4674999999999998
229676,56.25046136811024,18.35088414470042,0.7499586343765259,61.69319990139439,22.320145612142586,72.98469985086562,32.443651183321435,900.0,820.0,0.4875
229939,62.79179610605315,23.839457354207678,0.7067981958389282,71.94962132660262,31.69307908338351,89.8812485859523,49.34123504991203,900.0,800.0,0.5075
230194,71.90724290262057,31.515024740864913,0.7037855386734009,85.18744770260352,42.20961154624562,133.71968196545126,93.41502074608479,900.0,840.0,0.4875
230449,82.22163162832186,39.901142270546266,0.8054558038711548,95.7659948420047,49.82726761435325,165.44029642281356,115.92528256244537,900.0,820.0,0.4875
230709,90.1713790292815,46.3892562746063,1.4017149209976196,98.44704829606232,53.37844333228089,174.33906358942468,82.26255049315773,900.0,840.0,0.46749999999999997
230960,93.91671728900099,53.43529408372294,2.0582520961761475,97.27258016989792,62.178724401829356,193.7383703094321,64.12088435527858,900.0,840.0,0.44749999999999995
231228,92.87660133181595,60.74827179195375,2.715080976486206,90.91672975464431,68.46039534050158,213.37278105328429,47.30556856707278,900.0000000000001,840.0,0.46749999999999997
231486,85.27306263841044,65.33317986435777,2.9783380031585693,73.18412785555793,68.9850627803142,264.7895210809474,93.26781924832795,900.0,820.0,0.4875
231746,73.22167103684794,67.5778366449311,3.0002658367156982,56.84755184071132,69.85946305710081,317.5518345981756,145.46240756714042,900.0,820.0,0.5075
232002,59.75207711767963,69.37863327386812,3.0110232830047607,42.20381208776623,71.67159250268764,332.2574408179709,159.66778100568206,900.0,820.0,0.5075
232268,44.46045402466782,71.68513741080217,3.0425031185150146,25.247550046313055,74.81808727192784,338.0749762535518,163.85911071743237,900.0,860.0,0.46749999999999997
232533,35.7308479369156,73.33832988588829,3.553354803715841,30.31756660310877,74.86501621220567,335.64900950695875,127.73608332899425,900.0,840.0,0.46749999999999997
232802,33.39882918230192,72.70744263656496,3.5865941683398646,32.940750662237214,72.46697492010249,337.14021580656447,131.60541832230047,899.9999999999999,860.0,0.4474999999999998
233065,32.85412645715428,72.4724044199065,3.5871244112597864,34.669316111578766,73.32944523579584,335.0985873802682,129.57978034318705,899.9999999999999,860.0,0.4275
233314,32.87911242387426,72.48577928918553,3.586834494267599,34.718854965175304,73.3628776458135,335.0272804366961,129.51246375493065,900.0,860.0,0.4275
233595,32.880917046013785,72.48664435439223,3.5868354479419153,34.72067118203445,73.36633273679617,335.0218486295141,129.51519925898162,900.0000000000001,880.0,0.4275
233865,32.880917046013785,72.48601958507628,3.586954657231466,34.720581694762636,73.38272205482599,335.00120713130843,129.53751433546267,900.0,880.0,0.4075
234146,32.880917046013785,72.48453936238927,3.5872445742236536,34.72036952575411,73.36761361021756,335.02040854010335,129.50118446982822,900.0,860.0,0.4275
234369,32.185685766024854,71.72043207123524,3.279572073613302,31.770902145859456,70.0123226713325,340.79610235656696,163.70728485125096,900.0000000000001,860.0,0.44749999999999995
234642,27.51954326479454,70.61765655757874,2.689892530441284,20.898120960050093,69.3458317618555,345.36347846270854,198.70570025959296,900.0,840.0,0.46749999999999997
234907,21.4858840581939,71.53973436731053,1.7485967874526978,14.751336953078134,71.91599125716002,344.46326766809284,262.22493493643174,899.9999999999999,840.0,0.46749999999999997
235162,19.212012103223426,74.51093057947834,0.7484842538833618,18.39813815768568,77.6064073960793,338.0460989642248,307.92168011668866,900.0,840.0,0.4874999999999998
235415,23.43362643024114,77.55477304533711,0.6058889627456665,29.943722692804904,81.99239714713421,328.28233992980785,293.7754272773568,900.0,820.0,0.4875
235680,29.135970468596213,81.96333276943899,0.3220716714859009,35.34589004319596,88.18912087753803,318.7108546787067,309.3509546707937,900.0,820.0,0.4875
235951,34.588277020792326,87.67753060408465,0.10445082932710648,39.16186297683072,96.26465916717487,309.19921578473475,303.7425315785579,900.0,820.0,0.48750000000000016
236213,36.643217792661176,95.13947734682579,0.08131850510835648,35.30082664084726,106.4362014060645,306.04096780767907,301.8479049509525,900.0,800.0,0.48750000000000016
236472,34.43395899975394,102.37321027620573,0.045150406658649445,27.12671540827757,112.29471401037667,308.5588271252167,306.6345016114693,900.0,820.0,0.48750000000000016
236732,29.663535290815698,108.80760373093013,0.011037477292120457,20.127847389330313,117.54192379236781,310.1267037129405,310.0543941051135,900.0,840.0,0.46750000000000014
236995,27.411780169629676,110.76850470595473,0.0011850674636662006,24.362795965198636,111.76823296353452,310.5039403730347,310.3712322472137,900.0,860.0,0.46749999999999997
237253,27.31647401344119,114.23345610851378,6.27054019017239,25.296181063953824,121.72392040232383,305.3978335512993,306.4507000953769,900.0,820.0,0.46749999999999997
237511,27.50708872877707,120.29016209399607,6.243218373750345,25.849812900452626,127.6488693940694,302.7862351321381,305.87231759489225,900.0,820.0,0.46749999999999997
237773,27.53627987358514,121.06664462352363,6.230976056550638,25.824819187141536,121.19797708856579,305.3072810093776,308.2061753852062,900.0,840.0,0.46749999999999997
238035,27.520648625891976,121.07117179810531,6.230044316743509,25.73582616399126,121.08130393886421,305.407778204225,308.6492201332473,900.0,780.0,1.0
238293,27.513968400129183,121.06015663447343,6.234482717012064,25.279682269768674,121.09393313441286,305.6683990296014,307.8401924514957,900.0,840.0,0.46750000000000014
238539,27.559514083261565,121.99506143885336,6.222774457429544,25.635945999813,125.68987255469887,303.63547038356563,307.47688946507145,900.0000000000001,840.0,0.46749999999999997
238800,27.72392453171137,126.889129398376,6.206189107392923,25.78331752485818,135.19254992394167,300.26778723379346,304.93057914089263,900.0,820.0,0.5075
239046,26.06679600993479,132.82587006336124,6.154915768896238,20.525789717336995,140.6934579775514,301.2900122545375,309.6075552306211,900.0,820.0,0.46749999999999997
239304,24.822479007750985,133.8779431440699,6.149784047399656,22.241330549045184,133.94517368392493,302.5533621509519,310.21320607257513,900.0,860.0,0.4474999999999998
239556,24.876283660648376,133.8689849132628,6.149400670324461,22.853730386429472,134.137467986079,302.168738134221,309.8459524717225,900.0000000000001,860.0,0.4275
239843,24.6835807740219,134.09634327325296,6.145851094518797,22.093375115588945,135.38693123361236,302.155537706607,310.0214100027121,900.0000000000001,880.0,0.44749999999999995
240097,24.497421144500493,134.1110974409449,6.1394652912961405,22.46217938358945,134.41314077648104,302.28281630551163,310.4873465343478,900.0,880.0,0.4275
240343,24.560924139548476,134.3854769008366,6.137661893163816,22.61422107440023,135.3686616742637,301.89122576251685,310.28220766906725,900.0000000000001,860.0,0.42750000000000016
240602,24.570259634904037,134.3523545152559,6.13686748245825,22.56423060314587,134.66864339754255,302.1454598172436,310.4784261834155,900.0,880.0,0.44749999999999995
240868,24.578660379244585,134.44518562376967,6.139035184179441,22.68073659207558,135.28636798168287,301.8832495396365,309.9545115592818,900.0000000000001,860.0,0.4275
241157,25.136067548136076,136.99515755720964,6.188422154878275,24.480614328061147,138.62581121900683,299.9038754291286,303.28125883181,900.0,840.0,0.44749999999999995
241428,25.342236616480072,137.15166707677167,6.211494397615091,23.31522632604747,137.30799196175116,300.911902860924,304.9645997391455,900.0,800.0,0.4875
241690,24.71063809132013,137.18369371309055,6.210142087434427,20.75104948258751,137.47603239612943,302.1701579510796,306.33276746083294,900.0,820.0,0.4874999999999998
241954,23.6919204832062,137.23183939776084,6.2082461828934115,21.950462108601435,137.3762039490936,301.593136369023,305.8274259118075,899.9999999999999,800.0,0.5075000000000002
242254,23.68491105207308,137.23535732960138,6.207598638032572,21.647947229027356,137.3740680625967,301.74809147022063,306.10711140824213,900.0,820.0,0.4875
242506,23.99287186269685,136.28347802349901,6.206014584993021,21.679169122620866,133.62148961897805,302.9547276670529,307.4942855722901,900.0000000000001,820.0,0.5075
242760,23.630753164216287,131.77732452632875,6.2081384176956576,19.446837846148057,124.2888680443792,307.580852683224,311.59324744419996,900.0000000000001,800.0,0.5075
243021,22.920834999384844,130.52745909202756,6.06789775589575,20.978250061208936,132.35679495735056,303.7509185550131,318.3671425051525,900.0000000000001,800.0,0.5075
243290,23.31857996662771,130.97412109375,6.03089422384371,21.09903568060499,131.55578192981872,303.96764517155896,318.3583346855191,900.0,860.0,0.4674999999999998
243573,22.462199053426428,130.67742295152559,5.95427126089205,20.875731587639777,128.59783582838125,305.1536668877577,324.31786507717663,900.0,820.0,0.4875
243840,23.67747389425443,128.34827332984744,6.225297879670755,24.340111913181527,126.55856529131849,304.0376752901105,305.3058410530815,900.0,820.0,0.4875
244109,24.01720903051181,127.6171490526575,0.16842807829380035,21.19843060246047,124.93618499187156,306.38784535833315,288.85220075155075,900.0,820.0,0.4875
244375,27.784993329386076,124.89620178703248,0.20708240568637848,32.2789811182692,120.91666270609909,301.4615088025215,289.53423562188686,900.0,800.0,0.4875
244644,34.29656501830093,126.61556694451279,0.20009292662143707,39.3652549776555,131.59636359230154,293.34972642975583,282.0190824103945,900.0,800.0,0.5075
244916,35.71254700187623,131.4206773652805,0.18055500090122223,32.33882398381381,135.46194059933813,296.5247770771514,286.2264878818837,900.0,840.0,0.4874999999999998
245169,29.947190172090306,131.10796590489667,0.16266120970249176,16.881836705322137,129.08382333969521,307.0227707874036,297.9322326763995,900.0,800.0,0.4875
245453,21.046942763441194,130.1319320558563,0.1390148550271988,11.165685250875633,129.73968344219358,309.52220403520266,302.6346639744961,900.0,840.0,0.4875
245718,23.95271121047613,127.57290577325296,0.13550437986850739,25.52557099140689,121.05843176717198,305.5400806671803,297.5286393814757,900.0,800.0,0.4875
245998,27.055906761349657,121.60855030450297,0.15376533567905426,30.671636999387427,114.08260459281298,305.433547076369,296.44228854900666,900.0,800.0,0.5075
246267,33.73083399975394,121.54044083722933,0.1464783102273941,40.42269955310671,124.86030753830443,294.6347898387434,286.3685340722758,900.0,820.0,0.5075
246536,36.56852421798105,125.88206854392224,6.225132894014017,36.87692076806309,130.92550646302305,295.11593082727495,307.3607737709076,900.0,800.0,0.5075
246798,39.29956871693528,127.72263894869586,5.3975505272494715,43.00684381149476,130.30016587720425,291.31655340848056,357.21012827669193,900.0,800.0,0.5075
247060,43.638661301980804,129.3824491726132,5.06666082540621,49.447672479650684,134.68967930474838,285.99221204702263,356.73733010972836,900.0,800.0,0.5075
247333,48.40470441683071,131.2149167999508,4.676141683255331,53.33541939844201,134.6148879481292,283.3557648532195,26.81309046684612,900.0,800.0,0.5075
247587,50.24986447311762,129.86975001537894,3.9371491114245813,51.47941477845766,127.43941587126616,286.026425341662,68.52716058110627,900.0000000000001,800.0,0.5075
247860,46.040139986774115,125.61736820250985,3.780271593724386,39.98879900219143,119.2099687331174,296.85886077481985,84.58965729841685,900.0,820.0,0.4875
248122,38.81797730453371,120.63391017162894,3.527155939732687,28.209502958204375,115.8521898929042,306.1908453401499,105.46066264353476,900.0,820.0,0.4875
248403,28.338296244463585,116.55277282234252,3.21333891550173,16.469164824113435,112.8336352719099,314.3357188248809,133.7632975776694,900.0,820.0,0.4875
248666,23.986612154742865,114.50915238988682,3.020869255065918,26.764097281316257,111.72631216051579,309.0680078266772,138.10853277664444,900.0,820.0,0.4875
248915,26.69196181409941,115.36345234067421,3.47438627878298,33.02619166699096,118.23732000726707,302.0553263640699,92.93665458421992,900.0,820.0,0.5075
249184,28.000139852208417,118.16341850701279,4.362539235745565,28.72554096980727,124.42368266957656,302.31124757673916,38.47406311804002,899.9999999999999,800.0,0.4875
249447,27.251944954939717,119.78294552780513,4.949397031460897,26.557462583206263,122.06515721659828,304.52191372206596,19.76483949996276,900.0,820.0,0.4874999999999998
249695,27.8647643562377,119.17237289308564,4.663819257413046,29.476550215454278,119.24172167761658,303.91670920339044,45.891234117680426,900.0,820.0,0.4875
249945,28.610484205831693,116.5908645269439,3.816507403050558,30.27073987853995,113.50424721413461,305.96736600958815,102.60082268269446,900.0,800.0,0.4875
250209,26.91040279358391,114.54378383366142,3.045599937438965,25.79239337330577,113.62956394456917,308.7227731726415,139.08671742096612,900.0,820.0,0.4875
250479,26.482918806902067,115.32007412647638,3.039592742919922,28.356292770287027,116.87505273487737,305.6382196334017,131.25538034831794,900.0,820.0,0.4875
250753,26.579832542599657,115.80168476254921,3.041775703430176,28.878376835757997,118.08707910843376,304.78131521150397,130.6320663787787,900.0,840.0,0.46749999999999997
251034,27.102781280757874,120.53644615834153,3.0326499938964844,30.057847736389405,128.6351680271208,300.00367877336214,126.37655045137797,900.0,820.0,0.4875
251336,27.993673489788385,128.60468826894686,3.027545928955078,31.195083958380927,138.51299315479702,296.31364584907215,122.99560129089389,900.0,820.0,1.0
251578,29.17782760980561,132.0086045152559,3.0732688903808594,32.20234707466151,131.49101507582867,297.79747942567593,121.58419274000869,900.0,860.0,0.4474999999999998
251853,29.126947357898622,132.0065475824311,3.0701704025268555,31.139152423145497,131.82006136714074,298.3210570259222,122.30081216667793,900.0,880.0,0.44749999999999995
252126,29.052373931163878,132.0163804902805,3.0691938400268555,31.160487505451183,131.87338985175953,298.2917456326404,122.42999342727103,900.0,880.0,0.44749999999999995
252404,26.599584864819146,132.17222679318405,3.0903873443603516,26.627998546101363,131.75607825739598,300.91833048465423,122.81937653730131,900.0,860.0,0.4475000000000001
252650,28.086069662739913,131.4351912370817,3.237363878880636,33.59113366253093,129.96515649065967,297.44209598871186,108.46075533670296,900.0,820.0,0.4875
252921,29.831194539708417,130.80894169844981,3.4528380076037806,33.063938888501355,131.6395299914137,297.23751211455476,98.16573698005578,900.0,820.0,0.4674999999999998
253177,29.79919673889641,130.7990511195866,3.4527559916125696,31.73976688180114,131.4022735193202,298.09950837767883,100.21758584398845,900.0,880.0,0.44749999999999995
253434,29.804874930794785,130.800521730438,3.452832285557882,31.745639954023,131.42584474861115,298.0885961543593,100.26145121016964,899.9999999999999,880.0,0.4275
253682,29.67210904819759,130.7614303949311,3.4763603846179407,30.612498839638558,130.87273582605408,298.9325589747011,97.8662186844465,900.0000000000001,880.0,0.4275
253940,30.26502714382382,130.85984597994587,3.39076811472048,34.42495062217003,132.55337972036247,296.14340306184994,104.17188570785117,900.0,840.0,0.4475000000000001
254208,28.54033943236344,131.36205477977364,3.2492027918445032,28.100760161270998,132.640814570685,299.80373302904957,116.16273577482582,900.0000000000001,820.0,0.4875
254470,26.835346372108763,132.05924927718996,3.105250358581543,27.53711652420268,132.39474351182884,300.2000453781949,123.36285832838195,900.0,820.0,1.0
254750,28.99058664877584,131.66351078063485,3.104574203491211,37.3968395277989,130.40215715410096,294.94232623581127,116.98955901312428,900.0,820.0,0.46749999999999997
255041,32.64836829478347,127.31008935162403,3.129331588745117,37.64429990852371,119.47075611564551,298.42597110071176,118.58576357816901,899.9999999999999,800.0,1.0
255293,33.10029998539001,121.12589197834647,3.0319690704345703,33.69899780090757,113.411483836398,303.70849686903836,134.91812290122152,900.0,820.0,0.4874999999999998
255569,30.304034375768946,118.29257274237204,2.1330490112304688,27.318394588521542,114.98966965144714,307.14203446158643,201.06861840614738,900.0,800.0,0.5075
255849,28.056318628506396,119.82616995263287,1.0002422332763672,25.46515051089381,121.70788179049521,305.3064324385578,265.2724962636262,900.0000000000001,800.0,0.4875
256116,28.487957331139274,121.78211122047244,0.20065493881702423,26.95289856761679,122.24224317904289,304.2171074469353,297.1931166310201,900.0,840.0,0.46749999999999997
256395,27.575806144654283,124.02437945989175,0.19787020981311798,23.41834013875654,128.34534106373337,303.8823230772538,292.65677436018655,900.0000000000001,820.0,0.4875
256654,25.036683570681596,128.8462433101624,0.17487330734729767,18.29482780274956,134.64441724446047,304.32862219469075,294.985842879001,900.0,800.0,0.5075
256929,22.16372512456939,131.31910909817913,6.250607744102375,17.892876958221404,132.17172856275124,305.387350139604,307.489040892471,900.0000000000001,840.0,0.4674999999999998
257192,21.53989055963952,131.82869978777066,6.263287797813312,18.8589676006777,133.6538947921449,304.3850786889536,305.2003188110442,900.0,840.0,0.4674999999999998
257444,21.301505021222933,132.31786532664862,6.262303605918781,19.25208447961204,132.0281782552665,304.75269208363096,306.06615359686793,900.0,840.0,0.44749999999999995
257713,21.02115901436393,134.58052026943898,6.2679817837299865,18.270414241176383,139.27166660183337,302.8314226566493,303.8613858484078,900.0,840.0,0.46749999999999997
257979,20.666335699126478,135.19385150098427,6.257067933921711,18.361177958480823,134.9507802603237,304.1920201456033,305.74923887473153,900.0,860.0,0.44749999999999995
258227,20.666314072496313,135.20143523929627,6.256987825279133,18.626307768228706,135.24662458970246,303.9608088960138,305.4898074597195,900.0,880.0,0.44749999999999995
258489,20.664682463398133,135.20222340981792,6.257161394004719,18.62113815716324,135.2441200503984,303.96421914852425,305.49320305917985,900.0000000000001,860.0,0.44749999999999995
258737,20.66516786109744,135.20320381705218,6.257376924400226,18.628157351069127,135.25742504526582,303.9562712324555,305.42963855626516,900.0,880.0,0.4275
259002,20.66539614219365,135.20351139579233,6.257458940391437,18.619081986556793,135.23940991862423,303.96681987032275,305.4967561595935,900.0,860.0,0.4274999999999998
259255,20.6638702632874,135.20447257935533,6.257655397300617,18.620256985019136,135.2453220094947,303.9642547251025,305.4665683215582,900.0000000000001,880.0,0.44749999999999995
259525,20.62889279343012,135.8654208446112,6.246587053184406,18.520126851486154,138.4389606716318,302.97231579090584,305.78218955622367,900.0,840.0,0.44749999999999995
259770,20.511597160279283,137.72696427472934,6.187888402734892,17.988649117838627,138.40956687354083,303.240892315125,310.6984884432597,900.0,840.0,0.46749999999999997
260042,20.48697404035433,137.70233875184547,6.185029287134306,18.4679124534858,137.918032046258,303.1639560750959,308.7330891661453,900.0,800.0,0.5075
260313,20.434928353377213,137.66870693897638,6.177424688135282,18.339827598465472,137.75307577375705,303.2796475106806,309.6682844249136,900.0,800.0,0.5075
260590,20.478876068836122,137.64207254244587,6.177874822412626,18.506751274514528,137.92825319279163,303.1416435944441,308.91735241368264,900.0,860.0,0.46749999999999997
260844,20.1330073799674,137.08533579908956,6.139821309839384,17.820186945882938,136.96492350550236,303.78950264413623,311.71538961557377,899.9999999999999,820.0,0.46749999999999997
261128,20.26153564453125,137.09237166277066,6.141408223901884,19.32114360893333,137.33209689274497,302.9311586516807,310.73632741889895,899.9999999999999,820.0,0.4875
261407,20.20310289277805,136.9971664308563,6.145419378076689,18.180066432117663,137.27125876931387,303.51355802050045,311.4265244748742,900.0,860.0,0.4674999999999998
261696,20.25818832277313,137.01680341104824,6.1465599725591105,17.952825595772616,137.3497014825602,303.5992973348727,311.3770711135819,900.0,880.0,0.42750000000000016
261963,20.256333238496556,137.0202348363681,6.146363515649931,18.236074724799757,137.29714902103223,303.4777038780887,311.3224029892317,899.9999999999999,880.0,0.4474999999999998
262262,20.25920958030881,137.02159010519193,6.146725911890165,18.232155927857125,137.28768116610547,303.4826957481634,311.34499013515295,899.9999999999999,860.0,0.4275
262488,20.41734590305118,137.1635953647884,6.147988576685087,19.371684295530574,136.80853804293963,303.07506049312474,310.67418195245057,900.0,860.0,0.4274999999999998
262763,20.413818359375,137.14874507874018,6.146384496484892,18.373709990830864,137.41261752384253,303.37279754967176,311.2389133126416,900.0000000000001,880.0,0.4474999999999998
263048,20.26289812223179,137.30141947588584,6.1473534295903605,18.223614364943245,137.5408504636423,303.40494662013623,311.28639329523156,899.9999999999999,860.0,0.44749999999999995
263318,20.341191329355315,137.23580908587599,6.148007650171415,18.57591445732128,137.19209180904463,303.34476331171436,311.08232553484595,899.9999999999999,860.0,0.46749999999999997
263569,20.337250476747048,137.23787563053642,6.147034902368681,18.30382871123617,137.50138324000918,303.3783920297676,311.2130082663869,900.0,880.0,0.44749999999999995
263841,20.342556210014767,137.2378371831939,6.147618551050321,18.33030910454965,137.53023967702484,303.3560932149586,311.08838494300454,900.0000000000001,880.0,0.4275
264113,20.35584697573204,137.23368487020178,6.1475460718022745,18.319246317021005,137.48382096265058,303.37650575833027,311.2391566018214,900.0000000000001,880.0,0.4275
264384,20.401671402097687,137.2239288570374,6.148078222070829,18.39330009755014,137.5161706500305,303.3297373389027,311.00930661415475,900.0,880.0,0.4274999999999998
264641,20.356767308993604,137.23323311392716,6.147042531763212,18.340884770157995,137.50896504106066,303.35777483784995,311.1552280352265,900.0,880.0,0.44749999999999995
264917,20.344579501414863,137.2356552965059,6.146792669092314,18.329263505774247,137.51934801841404,303.3601215110044,311.1523545442999,900.0,880.0,0.4275
265176,20.340436800258367,137.23577063853347,6.146710653101103,18.32489099311425,137.5192371723148,303.3623011493554,311.16019747513457,900.0000000000001,860.0,0.4275
265453,20.338648998831204,137.23769300565945,6.146653432642118,18.326357407012473,137.52624603231348,303.35931970192706,311.14395266945047,900.0,880.0,0.4275
265709,20.338564895269442,137.23740465059055,6.146588582788603,18.326300790445014,137.52602910684263,303.3594174798965,311.14579637579766,900.0,880.0,0.4275
265960,20.33864178995448,137.23737581508368,6.146571416650907,18.318306043459664,137.51379943520115,303.36728517202187,311.19858659971186,899.9999999999999,880.0,0.4275
266230,20.338872474009595,137.23762572281004,6.146626729761259,18.319574061697306,137.51556000646858,303.36609507734727,311.19012338893265,899.9999999999999,880.0,0.4275
266509,20.339266559270424,137.23807747908467,6.146737355981962,18.322867785031548,137.52019201449784,303.3629848498203,311.16341943694886,899.9999999999999,880.0,0.4274999999999998
266790,20.33924252968135,137.23791407787894,6.146685857568876,18.317076494112246,137.51133744069097,303.368682904557,311.2031192417818,900.0000000000001,880.0,0.44749999999999995
267061,20.339288185900593,137.23784679502953,6.146641988550321,18.322707423486193,137.51985605937563,303.3631719262443,311.17032386472334,900.0000000000001,900.0,0.44749999999999995
267331,20.339401124969243,137.23795252522146,6.1466610620366495,18.320675454766697,137.51667934484868,303.3651937133606,311.1834416344486,900.0,860.0,0.4275
267591,20.339475616695374,137.23803903174212,6.146687764917509,18.319800383984276,137.51526689623765,303.3660787510608,311.18717375238316,900.0,880.0,0.4275
267860,20.33961498831201,137.2381543737697,6.146710653101103,18.321001608119424,137.5169874561277,303.36493433584616,311.17935617500143,900.0,880.0,0.4274999999999998
268132,20.33984086644931,137.23827932763288,6.146760244165556,18.320664445498277,137.51618532704475,303.36535860462425,311.18066998671395,899.9999999999999,880.0,0.4274999999999998
268409,20.33825971948819,137.23900982714076,6.146912832056181,18.314355801576497,137.5094681535859,303.3706203381792,311.2013021609041,900.0,880.0,0.4275
268656,20.338853250338335,137.23992295152559,6.147126455103056,18.3156365121444,137.5110820431014,303.369471339205,311.1847531939976,900.0,880.0,0.4274999999999998
268920,20.338954174612454,137.24019208292324,6.147198934351103,18.316317445044522,137.51208800381664,303.36881269251467,311.17720100683636,899.9999999999999,860.0,0.4275
269171,20.339314618448576,137.24083607591044,6.147343892847196,18.321448757909426,137.519731924216,303.3638290915417,311.1377033407216,900.0000000000001,880.0,0.4275
269442,20.33971831554503,137.24160502276084,6.1475060174809855,18.31995672722533,137.51735745692278,303.36532715757454,311.13843332532906,900.0,880.0,0.44749999999999995
269694,20.339932178887796,137.24202794352857,6.147595662866728,18.318617971769932,137.51530455577435,303.36664629215875,311.14432427591873,899.9999999999999,880.0,0.44749999999999995
269981,9.518090195543184,135.58399590920274,6.249392573033468,12.304296939462947,135.8921614721226,306.76721440492855,309.52050322293036,900.0,880.0,0.44749999999999995
270254,15.52855724424828,135.5072742372047,6.192590419446127,22.963452845693105,135.77980686549415,301.57690524593943,307.64551739983995,900.0000000000001,840.0,0.4674999999999998
270505,18.984171949972318,135.5012283925935,6.1634913126574915,19.435354324063027,135.59086720029381,303.4421945710329,310.53327796716576,900.0,840.0,0.46749999999999997
270769,19.18297354630598,135.50286240465059,6.161301080380575,17.160166746671276,135.75145577359157,304.51374622546723,311.48896539710427,900.0,840.0,0.44749999999999995
271018,19.18286421167569,135.5026990034449,6.161258165036337,17.150633057925013,135.73684476337115,304.5232980562659,311.55942467982845,900.0,840.0,0.44749999999999995
271290,19.182962732990898,135.5044387456939,6.161210600529806,17.16980936697905,135.7684507976063,304.50334319263004,311.43522252087774,900.0,860.0,0.42750000000000016
271562,19.182817353976994,135.50419844980314,6.161159936581747,17.15871831646094,135.75115103937426,304.5145549560037,311.50960573827246,900.0,880.0,0.44749999999999995
271832,19.18290866641548,135.50427534448818,6.16119629541506,17.154524867248085,135.74460056120355,304.518797734013,311.53889170716104,900.0,880.0,0.44749999999999995
272106,17.59456484336553,135.44003944697343,6.243039671574728,10.31053231271369,135.06791902823312,307.9616598219445,306.0947915050714,900.0,840.0,0.44749999999999995
272392,10.577294056809794,134.67661940206693,0.16138923168182373,-3.0665296771083117,133.51578725403704,314.080364790949,304.2209868673601,900.0,820.0,0.46749999999999997
272649,7.4592890701894685,134.33623546690453,6.278447691594259,6.219672579881728,133.21260876448073,310.4289268765284,310.84424787547925,900.0,840.0,0.46749999999999997
272909,7.496098195473979,135.75090543491635,0.0082472562789917,4.899561853679004,139.9527967153461,308.6340816420225,308.1533692472449,900.0,840.0,0.46749999999999997
273183,7.739490298774299,136.106216550812,0.04469132423400879,5.696527433007931,135.9986748256316,309.65218161747924,307.1191136171742,900.0,800.0,0.5075
273436,7.734865203617126,136.0691725362943,0.041844964027404785,5.6971086693427635,135.98153065736915,309.6579683446149,307.268285020873,900.0,840.0,0.44749999999999995
273708,8.276435671828864,136.12017293614667,0.045052409172058105,7.287334095350535,136.08414210587335,308.9402365018314,306.3323395437608,900.0,840.0,0.44749999999999995
273957,7.827539519062192,135.48675296813485,8.93712043762207E-4,5.817326831075885,135.54453662462984,309.76114530899116,309.5218663445594,900.0,860.0,0.44749999999999995
274232,7.841477882205033,135.4849074956939,9.378194808959961E-4,5.799121160542183,135.47487205355662,309.79357883989616,309.7638834564103,900.0000000000001,840.0,0.46749999999999997
274489,7.868542408379983,135.49157810962106,6.592273712158203E-4,5.8305329182236525,135.77526144724206,309.67395684798333,309.6714447212371,900.0,840.0,0.4875
274753,7.816021536278913,135.43950118417814,6.280688230191366,5.756655128490582,135.20437828258414,309.90774995959487,309.9021381551961,900.0,820.0,0.46749999999999997
275017,8.641472163162833,132.92144054502953,6.2616944948779505,7.925239987465726,127.61441839977613,311.8195928739088,313.3997738343321,900.0000000000001,820.0,0.4875
275284,9.225777453324927,127.38832008181595,6.2677465120898646,8.030356848121663,118.56888155050483,315.63422937792035,316.2914320044565,900.0,780.0,0.5075000000000002
275553,12.50458724855438,122.04578309547244,6.268882099782125,17.78766651926958,115.55700974001034,312.31032626533477,313.26695843930963,900.0,820.0,0.4874999999999998
275811,20.777299535556104,120.26192252091536,6.105912152920858,32.75128903669773,118.42052164572289,302.1608176865879,315.33311805928486,900.0,800.0,0.4875
276076,31.904198353684794,117.84168153297244,6.082291905079977,46.64974749540404,113.58045054095804,293.76187671730935,305.3860337742792,900.0,800.0,0.48750000000000016
276348,40.59103657880168,113.21310208538387,0.1037517786026001,44.64529109426911,107.36736199831218,298.036681720755,280.4085380218073,900.0,820.0,0.5075
276607,43.32389771468996,109.1030715581939,0.9999191761016846,45.67610463858922,101.74416544666809,299.91866557820043,226.80766263000044,900.0000000000001,820.0,0.4875
276878,44.10112996739666,108.23134534940945,1.1436232328414917,43.1589916565239,106.48780268504758,299.73704037233824,233.86797048235508,900.0,860.0,0.44749999999999995
277145,44.105224609375,108.24198565145178,1.142460823059082,43.241621026217175,106.40779321800387,299.70538673336824,234.17120443732574,900.0,860.0,0.44749999999999995
277408,44.1059310792938,108.24366772268701,1.142471194267273,43.252935170120445,106.39686376959123,299.70103043053575,234.2117928062977,900.0,880.0,0.4275
277662,44.10507562592274,108.24470580093504,1.142728328704834,43.25254824540481,106.39768553431642,299.7009602461638,234.1976815093875,900.0,860.0,0.4275
277919,44.10261019008366,108.24635903666339,1.1429417133331299,43.25595130402704,106.39262757147698,299.70051592618506,234.20966506300203,900.0,880.0,0.4275
278189,44.10152885857529,108.24759896345964,1.1432712078094482,43.25945751073133,106.38872796004111,299.6994161567292,234.21202675182667,900.0,880.0,0.4275
278441,44.10071185254675,108.24854092335137,1.1435117721557617,43.2571306855522,106.39182617244003,299.6998963043765,234.18924429229673,900.0,880.0,0.4275
278704,44.099789116326285,108.24959822527067,1.1437861919403076,43.25546811657116,106.39413967667896,299.700190526864,234.16820037692992,900.0,860.0,0.4275
278965,44.099020169475885,108.25050173781989,1.1440297365188599,43.25491471971133,106.39515165277896,299.70017008589014,234.15224134205982,900.0,880.0,0.4275
