Time,X,Y,Heading,ProjectedX,ProjectedY,TurretTarget,TurretActual,ShooterTarget,ShooterActual,ShooterPower
1788706496940,71.99939157080463,72.00042484313485,1.570891261100769,71.99577374718568,69.96446458048108,316.64770025830086,-280.0,1699.9987210613842,300.0,1.0
1788706497252,72.00087179349164,72.00534610297737,1.570673942565918,71.92121056251268,70.02018753718758,316.76654232510094,316.70178544956934,1699.9992056760213,720.0,1.0
1788706497519,71.99644073726624,71.97858675258367,1.5704494714736938,72.00088290666245,69.28586913997381,316.84788450849044,316.7895674503628,1699.9939947258022,1060.0,1.0
1788706497796,72.0026932363435,72.01800008458416,1.5712720155715942,72.0043091023138,69.97904672916893,316.4675266859121,316.68664406162554,1699.7096280704402,1300.0,1.0
1788706498062,72.00044887272392,72.01201191098671,1.571268081665039,71.93256267375362,70.01971398344014,316.83424709578117,316.5033040277274,1699.987360051152,1560.0,1.0
1788706498319,71.99854092335138,72.02120563176673,1.5715477466583252,71.93542731118707,70.02606196609968,316.69905321846727,316.822296044519,1699.9995228282696,1680.0,0.7352093624316405
1788706498563,122.25678211122047,121.52226485605316,0.7002459168434143,121.25445938048301,120.471944806859,22.2,8.873549137640623,1450.9104997051206,1620.0,0.0
1788706498843,122.28714589997539,121.5324630136565,0.6985324025154114,122.19906732064297,121.34006894230961,22.2,8.925039417453377,1447.539396625918,1460.0,0.6093256781449753
1788706499100,125.9719680425689,125.14654204601379,0.7072368264198303,135.17534804968335,137.13081491330837,22.2,15.523442761281785,1507.201614326216,1440.0,0.6988387987172953
1788706499366,132.6585280050443,132.276611328125,0.7160235643386841,147.26432682953595,148.074428105836,337.8,321.4270036192793,1539.8852565005182,1480.0,0.7093393262989911
1788706499638,142.965087890625,144.18348417507383,0.7286753058433533,150.93903475222777,155.0607166132037,22.2,6.108468924371266,1556.7067883587176,1540.0,0.6741210413275769
1788706499905,152.29512372354822,155.57185616080218,0.7285943031311035,161.76532015321126,168.02936729683256,22.2,7.194637892156777,1575.665247406282,1580.0,0.6589269949114572
1788706500179,162.71957277312993,167.43965689591533,0.7535228729248047,170.7010275135034,177.36497942111015,22.2,4.286960698383666,1592.4376380119322,1620.0,0.6456641844617746
1788706500445,166.68966458538387,172.55484513410434,0.7329815030097961,158.91324715683183,161.47005818415653,22.2,11.53773464718222,1585.6984244208534,1620.0,0.6442197170944383
1788706500716,164.87721841166342,170.43555071973427,0.7766661643981934,162.07415030349077,168.16387171608625,22.2,4.367534363442076,1579.8008191514414,1620.0,0.628370554660989
1788706500982,164.49941560039372,168.37060162401576,0.7838048338890076,160.83223363870044,160.08231171058006,337.8,359.9220397964789,1572.4339804857325,1620.0,0.6228047880239962
1788706501244,164.01309516486222,167.4883312315453,0.7935707569122314,164.1892490009966,166.21377468711634,22.2,1.332464095679029,1579.501146853326,1620.0,0.6275349571618772
1788706501490,167.39438515009843,167.96009934793307,0.7800951600074768,167.91417455813396,167.59918102347092,337.8,354.2184253817441,1585.5305558074465,1600.0,0.6573989305446813
1788706501750,167.2365780327264,167.93111005167324,0.7804487943649292,165.7990030216523,166.43933126621013,337.8,358.96020481976404,1581.7354505031358,1640.0,0.6116349424568213
1788706502028,167.431563730315,169.09808301550197,0.739030659198761,165.4324608824555,170.6002069393563,22.2,3.4208169524277423,1584.624708487775,1620.0,0.6349294353835508
1788706502310,167.09495724655514,171.48695097194883,0.6137612462043762,163.64396574275642,171.99701489325636,22.2,16.69655907755714,1584.6773733961722,1620.0,0.6367018121877925
1788706502583,167.1334238127461,171.68685792937995,0.6513248085975647,166.24374810329934,171.1116773520685,22.2,10.32248711791874,1585.7587858891914,1620.0,0.6369779320282501
1788706502849,167.1877306840551,171.69331708292324,0.6585913896560669,165.26704274499198,170.58624732261882,22.2,9.973202993565508,1584.7939947111522,1600.0,0.6561200993146128
1788706503126,167.1835399237205,171.70625461368112,0.6604802012443542,166.2903087502753,170.35348187745728,22.2,9.993468428998995,1584.5963811127729,1620.0,0.6365147267152913
1788706503402,166.9425904281496,171.30403773991142,0.6741014122962952,160.8332287550142,166.02983114495012,22.2,9.219799962420666,1578.9998873928605,1620.0,0.6298891724333668
1788706503668,166.33316160187007,170.7973402128445,0.677800178527832,164.7352541211099,169.63461155379312,22.2,8.993033552717861,1583.5208965143995,1620.0,0.6340426703237159
1788706503926,166.7911463459646,171.20768869955708,0.6779302954673767,167.5026949829762,171.8956528253604,22.2,8.636593206135728,1586.1769625724835,1620.0,0.6370771137339043
1788706504203,166.54902420644686,170.88248185285434,0.6927582025527954,162.30821217626766,167.97756202689567,22.2,8.366794431803783,1579.6765829587105,1680.0,0.0
1788706504446,166.45104115403544,170.8121424397146,0.6911004185676575,165.6874450990985,169.89530394541717,22.2,7.926729969250971,1584.5923330844737,1660.0,0.5955270290011542
1788706504708,166.48078017347441,170.8389402374508,0.689897894859314,164.9241282812853,169.38273953923502,22.2,8.148554640094972,1583.6476765434152,1640.0,0.6143113176281074
1788706504962,166.53270330954723,170.85303118848427,0.6889838576316833,166.0342918132877,169.7103219320911,22.2,8.190729059674709,1583.9549838381754,1640.0,0.6142481171533948
1788706505228,166.5893170214075,170.90872216412401,0.688541829586029,165.0284157552154,169.4780274605992,22.2,8.190399463097776,1583.8106411124706,1640.0,0.6144879653047816
1788706505506,166.6017547367126,170.91775728961613,0.6884389519691467,165.43417972564998,169.87302350971746,22.2,8.020678843259589,1583.7706241179992,1620.0,0.6348237099276172
1788706505755,167.33721395177164,171.06714443897638,0.716876745223999,167.56900085679825,168.7016011186382,22.2,3.775184412847807,1585.5375513385713,1620.0,0.6376918007182768
1788706506023,167.41347425565945,170.8628737081693,0.731820821762085,166.29684236328416,169.58857554173068,22.2,4.193266686087156,1584.5084655778537,1600.0,0.6555539079634287
1788706506283,167.4299681656004,170.85949034202756,0.7318642735481262,165.92996697960737,169.38040431284904,22.2,4.7216730865922045,1584.4357508550588,1600.0,0.6552018809443829
1788706506544,122.31993187130905,121.51602677472934,0.6976150274276733,120.30494884305395,120.80611576689239,22.2,8.489384311609172,1449.8671879772664,1480.0,0.5904738151201901
1788706506823,122.11764117864175,121.4258100855069,0.6917292475700378,116.74818757101865,119.0219268537403,22.2,6.135816527577106,1443.6307448629016,1500.0,0.557133137643136
1788706507115,118.92457977054626,118.39029627522147,0.2796139419078827,104.95001339689472,102.2726861616606,37.442640554670334,32.31225047639572,1418.8180865924455,1500.0,0.520574305102083
1788706507400,115.7657941683071,112.91218434731792,-0.38639703392982483,108.32960301593965,94.43167538383776,82.27861148601683,76.11229502911559,1417.2425248751238,1460.0,0.567017544185171
1788706507647,115.0279800535187,106.89686692605808,-1.0052965879440308,114.65842909143853,88.12519307977502,125.05076294894647,118.67468741043189,1387.6398909395195,1460.0,0.5132660724751351
1788706507903,115.23383673720474,99.55273245263288,-1.5705959796905518,116.11350491423647,66.56326779258022,163.0602250400076,160.24802294605124,1525.2285687910012,1440.0,0.6795574892711604
1788706508168,115.75976754736712,88.08132381889764,-1.629690170288086,116.7315055447572,45.612826704161336,166.59678235761766,165.4038041726208,1687.6261811482368,1580.0,1.0
1788706508457,116.22973825049213,71.92965770330954,-1.620969533920288,116.59512713073674,21.965522055380333,168.66319576530918,168.51850011276446,1820.8747253541424,1700.0,1.0
1788706508717,116.50116687684547,56.18284691037156,-1.6095592975616455,116.86358154725335,-0.3346851398841828,170.31802736092044,169.75053807805025,1850.436894016807,1800.0,0.8148807639442828
1788706508958,116.63979838213584,39.18272243710015,-1.6035618782043457,119.32468869804947,-21.10629897763233,171.2507173776649,170.93240053944996,1849.090669801453,1860.0,0.7711235594943872
1788706509274,116.0967681163878,17.202457217719612,-1.5940172672271729,114.64147336797197,-70.79301883945331,172.77835987073075,171.99202475191316,1806.2524100791804,1880.0,0.6922770134991376
1788706509572,114.21320397084153,12.083851971964199,-1.3563566207885742,108.55391745443792,27.400589416513355,152.48106641039703,152.74129630560842,1855.985486679568,1840.0,0.8261932189966683
1788706509883,111.41628475639764,22.374493456262304,-1.3588168621063232,106.31994658492772,47.231924839271954,151.62395393579388,151.90325379190375,1751.594781504754,1840.0,0.726238181906535
1788706510150,108.49113404281498,38.256429837444635,-1.354879379272461,103.04715042585657,69.70617181409715,144.65414908218654,146.36263144603168,1561.615101131295,1620.0,0.6675734968310233
1788706510440,104.5397276390256,55.60585802934302,-1.3618860244750977,95.21845933847197,90.31098722538695,134.58335421203367,138.15981847006879,1459.0612823247636,1600.0,0.0
1788706510695,99.6834822527067,71.5942671167569,-1.6508760452270508,93.24225737190537,93.36828283760346,147.83856339276517,142.69830388352892,1394.4473427329124,1420.0,0.5955873832121293
1788706510969,96.0367614265502,85.55422805425688,-2.194932460784912,92.73459807739209,104.48725321412546,169.57779127753167,171.98558624225805,1428.6064492829985,1440.0,0.5852299904939752
1788706511231,92.6237427718996,94.83389786847934,-2.2996175289154053,90.31550964167388,100.57171729917738,169.98340822630232,166.42313641361264,1446.3078550611283,1360.0,0.6959530963150273
1788706511500,89.86437699926181,91.86373492864173,-2.3187665939331055,81.39465019812249,74.11409320029281,178.74935050656956,178.88984482559943,1603.3997664964484,1340.0,1.0
1788706511773,87.6302595964567,83.85544183686024,-2.261047840118408,84.68957100602881,60.91484095921409,179.91873071733295,182.24551232885617,1655.4303904776464,1480.0,1.0
1788706512044,87.1834822527067,75.78010619156004,-1.7495243549346924,91.09608146162181,54.301240551306975,147.71731498943652,150.56911061787645,1667.78583181111,1620.0,0.7491617291264684
1788706512339,90.00750684362697,67.53128171905757,-1.2486941814422607,97.38937967257192,53.42970885507077,129.68443421050554,130.05559320700712,1630.2250729810382,1680.0,0.5988175948629975
1788706512641,94.35449795460138,56.42145111804873,-1.4867651462554932,97.75080209472331,38.923427652415334,147.05550502836257,137.03247675770587,1744.0586479425647,1700.0,0.7259500837978712
1788706512931,93.8414181686762,42.36750084584153,-1.7287952899932861,78.9842443513907,-16.075695795612116,165.83215938002948,168.03722963699855,1900.7907065652646,1760.0,1.0
1788706513260,87.51201479453741,30.352305014302413,-2.387099027633667,51.91448747263639,-5.396034984362057,205.88925869121312,193.29098551744755,1949.5324549254128,1900.0,0.8315339650741078
1788706513559,78.51802315298967,19.903405857837107,-2.504460334777832,52.540749398352105,-28.577617245668698,205.667700061184,206.13344998951314,1886.7939109022834,1960.0,0.7453210935554362
1788706513885,75.59604434516486,12.611797663170522,-2.622481107711792,70.9711204478797,18.29985640771791,218.07975059014143,213.8313818783255,1960.1258394328047,1940.0,0.7663510705112394
1788706514166,71.30861777958907,14.138509194681966,-2.3419668674468994,44.07674963231631,19.41012643873673,188.96127328830318,194.01676051642625,2048.1912079411877,1980.0,0.8479650598212589
1788706514421,62.54957304226132,14.118622306763658,-2.291360855102539,23.569919256112918,18.722993003557008,186.7669161418959,186.56138594110982,1899.9531465737487,1980.0,0.7314404571386117
1788706514707,57.41255151943898,16.947449211060533,-2.279268741607666,58.2610985609688,30.432013168914185,185.82813213672966,182.6262941932685,2001.0997582827406,1940.0,0.9139999413633267
1788706514954,61.37473279096949,20.30928484098179,-2.5396275520324707,77.47041506453252,24.92468048360872,209.11128609510166,202.58368161145225,1990.3492486084667,2000.0,0.8331643369271395
1788706515209,63.98576391024852,21.272832915538878,-2.659396171569824,69.33106292243781,23.696664445775415,210.66062890717532,211.14265110421337,2070.08204618772,2040.0,0.9063831679958371
1788706515479,64.02722456323819,21.267733836737207,-2.6582326889038086,65.82247334855518,22.125553611311485,210.48252972713763,210.40527760034328,2038.9438952436212,1940.0,0.9381105505007454
1788706515753,63.48940391240158,21.002749946173722,-2.658731460571289,52.52630398864414,15.913309232751974,209.58633505471624,210.04217536855546,1999.9744048064765,1820.0,1.0
1788706516015,57.704371655081204,18.418241485836,-3.04390549659729,32.349357561084744,5.007439693395,236.96725301376352,232.72437824558202,1929.6096691459652,1900.0,0.8421472852939735
1788706516303,49.513468104084644,15.346999281034694,2.921199083328247,22.453097639697656,4.1474993182288395,248.11036916253144,247.9981467793317,1862.9162616049205,1900.0,0.7532645004480356
1788706516616,37.69372174120325,11.8882667361282,3.007911205291748,5.299197253418155,10.532917920698175,236.9135856869908,240.26044670677229,1830.6895234378237,1900.0,0.7045936815049927
1788706516877,26.10635111651083,10.839882197342519,-3.092073678970337,-15.021561431053687,5.60803134612258,221.83081740215283,224.4227430914633,1818.360633139371,1880.0,0.7076906524725926
1788706517123,12.610886941744587,11.89487487312377,-3.1407017707824707,-9.905114121273698,16.261439031495023,221.81179581107108,222.79186587845405,1788.8399594316259,1860.0,0.7233763099637125
1788706517406,10.435682882474163,16.29717008335384,3.043996572494507,18.546108186074857,22.44963089159516,230.89521528036911,229.29416080348065,1849.9572079206657,1820.0,0.7859431893561448
1788706517670,15.907675675519808,20.059899758166218,3.039135694503784,31.998222517500896,32.83994516957479,231.18758776931725,230.886546015699,1892.3568530522214,1860.0,0.8272692829591157
1788706517937,20.966700756643704,26.976364015594243,3.1346566677093506,33.36726699092965,41.57303497563531,224.07791766673515,229.2645702739898,1825.3988572492228,1880.0,0.7180516620116051
1788706518198,26.233479657511072,32.161158764456204,-2.5940706729888916,44.804843911411325,47.457600888253744,187.03660652209373,195.81676006522702,1827.433734889837,1900.0,0.711019873333181
1788706518444,35.78119713490404,38.504292645792326,-2.460707902908325,62.33762560370842,55.779255344129695,186.16520139657024,186.3406889153647,1750.5543565586931,1800.0,0.7149648589934144
1788706518718,48.5143081785187,48.18973571296752,-2.466434955596924,72.69661566614678,68.242617373461,187.94393369728036,188.11762647799856,1698.1526103038354,1780.0,0.6319836838267862
1788706518963,60.770345372477856,59.34002733606053,-2.4687187671661377,81.46229040547395,78.41888325295085,188.60982400242904,188.47923423636598,1620.6829560862234,1760.0,0.0
1788706519247,73.86897049550936,71.87552384504184,-2.4835457801818848,91.78896726680917,87.25907673085656,190.4491672698787,190.5936161377346,1470.3892017191602,1580.0,0.0
1788706519525,79.18163389671507,76.1373733160064,-2.478005886077881,83.17764405958759,72.9281345619499,187.32254703529426,189.98519741448177,1604.9924984457,1420.0,1.0
1788706519808,79.58141417015256,72.02275313730316,-2.0063059329986572,82.13855687452521,57.54097912535127,159.61367055582912,164.56955551897784,1689.670745629038,1400.0,1.0
1788706520074,82.94476847010336,67.89625272976133,-1.4644157886505127,90.23160514193538,64.42749537441253,133.1461911141069,136.70660364446974,1582.4537917899286,1580.0,0.6725819294641282
1788706520335,88.28583484559547,64.71051073449803,-0.8891042470932007,98.52654147813647,61.43821656077472,104.29902030419612,108.89498492339538,1569.779768980747,1620.0,0.6271224663738766
1788706520595,95.90747262549212,62.84810223917323,-0.4062492847442627,109.22493815670651,63.19130554674043,86.06583381180903,85.36996914564948,1594.5404626612026,1620.0,0.6516263398899518
1788706520853,103.36940975639764,65.84252064622294,-0.2579813599586487,114.7492983995292,74.42342126085703,79.35645679801311,83.16799307166848,1526.5307152031173,1620.0,0.5722031345429792
1788706521101,112.76413324311024,67.04928660955954,-0.1678062081336975,131.93793997283097,64.26893490411156,88.53821671658831,82.81481761733883,1561.7019498051454,1540.0,0.6423461823680118
1788706521376,121.52600386011319,61.46136907141978,-0.1343643069267273,129.12954469787593,47.57240860327771,91.10835346663156,91.72097001060614,1668.0662956936596,1600.0,0.7436614903738823
1788706521652,125.58165062130907,55.43847752368356,0.47074806690216064,128.2345941209493,50.538371027292044,51.72136135841265,69.50179617112919,1671.931700397922,1680.0,0.7162686904366421
1788706521956,129.61217204416832,56.64369598148376,0.5608192086219788,126.18036866208199,64.0543111985469,54.52333049545183,52.94789591516184,1603.3794927897613,1700.0,0.611801038035832
1788706522241,126.53629813607284,61.26709945558564,0.32311996817588806,109.38588592509755,62.12527673766807,62.27216558014106,54.224782504816176,1590.0297198418255,1560.0,0.6408273539176867
1788706522512,119.85786017470473,61.60591666154036,0.1928662657737732,112.16971675272643,64.58118988462596,60.516781267600265,58.7007997524189,1560.2384093240435,1600.0,0.6562086913552441
1788706522776,121.73141839936024,63.76892570435532,0.15534445643424988,127.92464907795902,69.17390268399699,71.61528027739337,71.16472811755261,1554.6417174502647,1600.0,0.6229093399095545
1788706523053,126.79610605314961,66.25646395946113,0.17562639713287354,115.74544259965282,65.41777640330827,72.29168013148455,74.55753500424419,1581.7764247934385,1600.0,0.6385144347113455
1788706523312,121.67784202755905,65.83886334276575,-0.04278966784477234,98.50778337363502,65.88897235202141,80.69841125438757,76.5098151930282,1552.4637101909555,1620.0,0.5961523987743717
1788706523571,113.14897191806102,66.82667169045276,-0.4413782060146332,93.2896760318627,70.77659786293263,87.76241688637644,89.33853140770447,1529.0268878073202,1600.0,0.5663379388845429
1788706523844,100.7938415046752,69.25148791215551,-0.48820051550865173,77.49184534982352,74.62280254097243,77.32510333236644,78.99111384266473,1650.7270446694838,1600.0,0.7114119960542592
1788706524122,86.73990565022147,73.98905596395178,-0.48754653334617615,63.36300902187729,87.60361556499176,66.21663266830828,67.54478964462189,1630.9366921482372,1660.0,0.6780331134301922
1788706524408,78.23347917691929,81.36769692728839,-0.847368597984314,70.53432987286558,88.63945264293183,88.98849415708399,87.70026907195269,1543.684784603996,1640.0,0.5615654784650624
1788706524715,77.67327736681841,83.19713682640257,-0.9119826555252075,78.61220488973811,82.9384085336587,93.63707969642616,93.56089172811019,1567.7159902976814,1440.0,1.0
1788706524988,81.9167922613189,79.30800069974163,-0.7268311977386475,89.11788766249263,74.11747340594937,88.359114354349,92.25998554727859,1573.2302356810947,1480.0,0.7774558900368509
1788706525233,87.45845764640748,76.71641432394193,-0.24567055702209473,99.4622967428144,75.06863090455435,63.8273191039944,65.88427586122599,1534.094021107187,1640.0,0.0
1788706525489,98.16195750799704,75.89488112081693,-0.021125495433807373,116.77765338828004,72.67599683302058,69.17752414400675,66.4910357218726,1521.6735115512417,1500.0,0.6736657790541696
1788706525782,109.6559827909695,73.03001103438731,-0.2205243706703186,126.19061171446111,66.15367788477829,91.70212068092292,83.60077492945213,1561.436670690983,1580.0,0.6343143416011418
1788706526065,118.08825395238681,66.97584737942914,-0.9146965742111206,126.2072461673488,55.35688269370273,137.9830011011429,126.1365335348693,1616.515469640742,1620.0,0.6632055127357663
1788706526352,121.72984205831693,57.23254106176181,-1.2682913541793823,124.08850911000903,37.51940669861429,156.63787631842575,155.48250919354072,1714.772813906397,1640.0,0.7624371213943474
1788706526642,122.94470118725394,41.51014433132382,-1.3427302837371826,126.37846776802111,-2.486468602767978,159.27992136401667,159.0387392901805,1826.5770708080634,1760.0,0.8351426181678308
1788706526959,123.15719964936024,30.668486347348672,-1.3374178409576416,118.16927789945574,31.81609960499179,158.57553373205693,158.21250063405603,1822.3917832635857,1820.0,0.7710555202484776
1788706527234,120.90448334461124,35.01751276451772,-1.3341604471206665,114.79119959421654,50.681963547383006,153.23351268756372,155.63466164511033,1697.4292217477866,1840.0,0.0
1788706527555,115.83991103284943,46.564595380167326,-1.3332618474960327,105.52014500956915,69.88217340896828,145.69876040113564,148.33494633373195,1572.5655352409203,1700.0,0.0
1788706527799,110.4557067390502,57.82229926642471,-1.3128979206085205,99.37405771009432,82.34409200087588,136.27579163794016,137.22425306253595,1521.0337736784452,1580.0,0.5874966277907101
1788706528076,103.79064845287894,70.99608894408219,-1.3075450658798218,94.07340300151857,92.00968816652524,124.77119590393448,125.27261431071233,1434.1598876076864,1480.0,0.5740786455473235
1788706528370,96.17265355868602,86.01537509227363,-1.3042227029800415,85.75042449614132,107.8055811638268,108.42966484946042,110.59945477486036,1467.777725571407,1440.0,0.6466851127757233
1788706528645,91.14736481914369,95.43269600455218,-1.3324544429779053,88.78962750408238,102.93144906220121,112.70121233920668,111.32081897344455,1462.5305685630426,1400.0,0.6935237747129939
1788706528894,90.90679018516241,96.09079916646162,-1.335883617401123,93.55819540360898,87.79889892541476,120.94823354382387,118.20895331646832,1419.7594316709933,1320.0,0.7297470429999299
1788706529172,93.14547320989173,90.0576902374508,-1.0519009828567505,99.08538274378625,78.77967819084955,106.83902647248556,111.63551093110979,1489.6623226606432,1440.0,0.6620504797228962
1788706529460,98.34678349532481,81.9763856422244,-0.6239941120147705,110.55803119717058,67.61611013001507,98.4440743955788,95.92918647274675,1559.9196216976923,1500.0,0.702874722439133
1788706529734,109.27598848117619,71.93775086890994,-0.5860081911087036,128.20592558625628,55.400361147497236,111.73157428033379,111.43135651421065,1624.820667734268,1600.0,0.7107577235697986
1788706529983,117.80221533587599,63.25152059239666,-0.9488675594329834,131.47351322675854,47.03996328231081,145.47465913004402,142.19123473906848,1677.073345828302,1680.0,0.6932170948142969
1788706530233,124.55225186085138,49.93766724593997,-1.1387755870819092,132.59548974994294,26.342488618296034,152.96221848723587,152.33878835147527,1756.5026740824421,1740.0,0.7498070678549601
1788706530544,129.11921944205218,34.23965574249508,-1.2636339664459229,134.06107241862037,6.875015201554831,160.93196434502022,159.54175019110804,1789.9126613949047,1780.0,0.7496035093546243
1788706530850,129.598129152313,16.70882698119156,-1.3891494274139404,126.97713430073355,-11.368375816718245,166.92825491863238,163.59116985916955,1818.9936031279558,1820.0,0.7460040969902054
1788706531123,129.0638072096457,18.75060073972687,-1.3593225479125977,127.29709339465579,33.99673151635267,161.98371685838703,163.15227212940516,1771.7172356222286,1800.0,0.7276791110037523
1788706531387,128.1923309085876,28.698146549735483,-1.3625497817993164,125.55008121056704,53.86613272626339,161.17977301546293,160.75373873854082,1687.2610685618322,1780.0,0.6349368806089436
1788706531699,126.7106568343996,45.42395884596457,-1.3700377941131592,122.07818069586546,75.22525838338657,157.675364394126,158.97940858315576,1552.5513748120818,1660.0,0.0
1788706531958,121.61749892347441,58.06033637579971,-1.3696563243865967,106.97689783271323,75.3336760603458,146.32964177672045,151.96159067080384,1516.4186429617835,1480.0,0.6460495214314321
1788706532227,112.1479569082185,64.08780796321358,-1.3665719032287598,92.5387767471868,74.38562233573363,140.81966613150263,141.1073612640791,1528.6781900406277,1520.0,0.662693051777056
1788706532473,102.22291000246064,68.94101600947343,-1.3559391498565674,87.77417423819527,79.19579238050166,128.7900989068693,129.54305469919657,1560.2471939187462,1540.0,0.6778244500678996
1788706532748,91.94877083845965,74.9631818636196,-1.340987205505371,75.22518343636993,87.04751398567916,118.97005958039261,121.32468677711492,1572.490613850265,1600.0,0.6448216971912442
1788706533012,84.88951194943407,83.00402543676181,-1.5117104053497314,80.45343747417454,98.22293717845209,128.1327755972022,126.87751165781461,1525.3623264268374,1560.0,0.6214572471224609
1788706533272,82.51400444451279,85.87179349163387,-1.6064057350158691,78.44807592319862,78.04662577058268,134.92081592091756,132.79499585028915,1595.7075855560734,1380.0,1.0
1788706533551,83.24286994032973,80.04833792138288,-1.303959608078003,87.17006886758251,72.5415349334387,120.72227056425123,121.53799115081375,1591.7469254171563,1520.0,0.7540484117322424
1788706533821,88.18745770792323,71.85425765871064,-1.185187578201294,98.74682944594524,56.91793898498726,127.75747235061192,128.02025497067467,1590.9937968707497,1600.0,0.6504980175919054
1788706534107,95.43850155327264,61.53701421782726,-1.1169606447219849,106.76241455819482,43.90291953157481,133.23574774503243,132.2858025184217,1725.8521718485304,1640.0,0.7900500384213769
1788706534425,102.18220387856792,46.00205308809055,-1.27492094039917,105.76210605188724,26.275814640872838,146.70625873555997,142.05800374025955,1845.45432297282,1780.0,0.8294196720228069
1788706534719,103.2030865526575,31.287971556656007,-1.5370664596557617,100.42167316090006,-10.616840262821267,161.8405271404619,162.36756519537857,1886.3096310453836,1840.0,0.8239993844559069
1788706534998,100.74473463644193,20.17766997570128,-1.968982219696045,91.67522562743902,4.3740714766941595,188.56372054929136,185.07822260419871,1904.5159131606529,1920.0,0.7726687531956877
1788706535260,100.45171782726378,19.904195229838212,-2.0777993202209473,103.07009719113275,28.59315391952793,191.61084314742595,192.63361428782022,1876.743396923234,1880.0,0.7835206758691527
1788706535573,101.86030350332186,27.79285340797244,-2.0638763904571533,103.51044342840865,46.00551991606798,189.7076376784333,190.0585072924452,1752.8125618099916,1880.0,0.0
1788706535895,99.1759292722687,31.26658041646162,-2.0654287338256836,85.86597342780483,15.060073736193974,187.35824354075223,185.8718629473422,1906.851996529785,1740.0,1.0
1788706536166,93.44481460691438,22.92181060070128,-2.0871963500976562,60.86160716312706,-15.510743181888072,187.44662008782294,187.80058758855944,1916.1912525260855,1820.0,0.9005068490181376
1788706536470,85.3575698972687,14.83378492941068,-2.0987460613250732,71.77883295149459,10.767645895957141,183.71312750996537,185.74143062352292,1939.7417136181639,1920.0,0.8026944248864702
1788706536718,85.37725493663879,17.465984915185164,-2.135684013366699,90.20991277197099,33.70644661232716,188.82757323938625,188.36341840816033,1874.6228368877885,1940.0,0.7484164225625841
1788706537003,88.0313230499508,25.57273083784449,-2.074871301651001,95.11746495333074,46.28557165137755,183.19941867298303,187.52381193931603,1750.8604038500844,1840.0,0.6713270610942976
1788706537270,90.65547913078248,35.894575945035676,-1.8356990814208984,96.8850721680673,60.40013999921719,167.69137585963378,166.78832044236992,1623.450443866936,1620.0,0.725519905301341
1788706537524,93.49072073388288,49.426115741879926,-1.8357279300689697,98.17787816473336,77.63887010307548,164.7000249188642,165.33176855049408,1530.55116532711,1560.0,0.6219219921484107
1788706537800,95.06907065083662,64.77413147453248,-1.8332717418670654,93.04811633925509,82.68523240176138,155.15979393648246,159.50322305820544,1491.2686212475737,1460.0,0.5542682364150212
1788706538070,92.45202732837106,71.11756812869095,-1.8581993579864502,89.70795822512125,77.48787625738673,160.09359968288618,160.505349992576,1556.8703791525866,1480.0,0.738163520902422
1788706538349,91.52073657418799,77.61712502306841,-1.847593069076538,97.16912224329992,95.2842931162059,153.9247270642453,153.76453884226146,1414.3083156151708,1520.0,0.0
1788706538625,92.53273791215553,83.05220956877461,-1.8735980987548828,85.76230969294294,84.66714877877172,157.02904269256516,156.2545436370876,1482.6217856697224,1420.0,0.6480715880530458
1788706538917,88.99480384165847,82.00585553026575,-1.8801894187927246,88.4451861683804,87.95577854282166,154.54338487064763,154.4753616242656,1548.2853752585072,1340.0,1.0
1788706539182,92.07597387118602,83.1900817390502,-1.8510677814483643,99.90928565958119,81.37730939104628,160.91922707692808,159.69586579818275,1490.7060953045823,1460.0,0.6393723589642404
1788706539510,94.9043333999754,77.72959791769193,-1.5691280364990234,97.5456318052836,57.699103542848306,146.38210528734749,151.21102406579382,1523.82415603155,1560.0,0.6148095519209813
1788706539800,95.94827486774115,66.50353138841044,-1.3986401557922363,97.81348244225207,24.858218335188724,143.78126009600675,141.13533495694708,1847.758625497484,1620.0,1.0
1788706540095,95.97258320004923,52.701886995570874,-1.7442255020141602,91.5796141149132,0.3652972722862877,169.39832509757224,159.10740162826124,1970.2314371213395,1780.0,1.0
1788706540351,94.00779904343013,39.06887504998155,-1.8951513767242432,83.67004087471744,-12.061923160589366,176.3543450862232,177.62704213114537,1893.6437711114525,1880.0,0.8115233447491641
1788706540648,91.85253714013288,31.44796536663386,-1.9380724430084229,77.48775647218807,7.456087942541412,177.97198282310944,178.31224310949966,1964.7491608199,1940.0,0.8572720465251914
1788706540909,86.56308632197343,23.587773841197098,-1.9453489780426025,61.02452989132806,-19.730619580555803,176.2064653536998,176.28321510464002,1921.5614294759407,1980.0,0.7625187529971661
1788706541208,79.02544156772885,12.959197036863312,-1.9300265312194824,43.687255424668294,-12.66449829728354,172.7725706027101,174.4170198280168,1893.5443731942423,1960.0,0.7097793663466034
1788706541512,74.88690233606054,12.404971385565329,-1.7464988231658936,78.28738860860926,14.436583005626806,161.33418195053358,160.78415060441046,2039.9703751808715,1980.0,0.8776905542769092
1788706541821,74.95896707369587,12.352332167738066,-1.7466440200805664,75.23323534006991,13.482415463388682,163.19143494504743,163.9950495349466,2018.24946176383,2040.0,0.7736364333240341
1788706542132,74.95439664585385,12.350350928118848,-1.7798151969909668,76.02817729470758,13.749659178369697,163.26898805428795,163.27978698354548,2007.363954099738,2080.0,0.7507087637805456
1788706542420,75.37848525159941,14.316976952740527,-2.6029436588287354,78.6523600625481,22.555705729633008,224.62194733447805,217.6302206572784,2032.2213773713065,2080.0,0.7437650756674979
1788706542682,75.96240907203494,15.550526296059918,3.10909104347229,77.34703241438916,14.907753558613473,246.52436431104582,248.76147913915753,1986.5142913217,2100.0,0.0
1788706542949,75.99775659756398,15.510237085537648,3.1136972904205322,78.04322082734906,15.46426648286945,245.52459138802874,245.67912053358432,1995.365591087897,2040.0,0.7846419630844936
1788706543193,75.99088413508859,15.501680148868111,3.1164441108703613,78.15292649485455,14.780532765579514,245.36679556734902,245.6024546576533,1987.6114756098264,1940.0,0.901710017018078
1788706543462,75.70404293030266,15.255701260303889,3.1158692836761475,71.12776959393901,10.267811223649115,244.96361174919338,245.23911836078915,1993.4642842542241,1780.0,1.0
1788706543732,71.88252606729823,12.389817125215306,3.1271510124206543,49.06011232874884,-7.133152282707947,242.33414678558927,242.3424036341697,1953.1596272049458,1860.0,0.9097549920571087
1788706544049,63.81178968534695,8.99418868417815,-3.119838237762451,27.083249774060757,9.580091498772338,236.92568124007576,238.58705795603456,1944.6972507434677,1920.0,0.8091449484490932
1788706544325,54.256039116326285,9.03462928111159,-3.113504648208618,8.298789566155136,7.049978573847905,232.56342461461674,233.49876655210386,1864.4362542014323,1920.0,0.7399365060044678
1788706544613,43.49751630167323,11.558228740541953,3.126338243484497,27.1333887479972,25.347367543631258,230.94823093004396,232.39580406247438,1888.9009014805092,1900.0,0.751343846319425
1788706544860,40.33587117833416,16.986760417307455,3.112903356552124,34.91345662613921,29.360702857740343,230.98304183789318,231.8962056596904,1920.398891704228,1900.0,0.8053425544535399
1788706545154,33.28273022268701,17.771213561531127,3.0820441246032715,7.040954270806781,13.390633420428117,231.21372139797742,231.10834163768618,1851.6240251124,1940.0,0.6662039956278409
1788706545470,21.41670287124754,16.684819018746925,3.0891549587249756,4.5254765599961715,20.394847357582044,226.71855968147995,227.6733222731412,1806.0041147026257,1880.0,0.6986401560575572
1788706545766,14.265253262257014,23.037433774452513,-3.11832857131958,15.398624385881082,32.45683087144204,218.3264165403163,218.951615009086,1817.5827437713247,1800.0,0.770336328826687
1788706546028,18.608445295198695,25.7730895515502,-2.987508535385132,42.51866970350564,30.885730470497307,215.10380089601833,214.45507835840954,1929.792475209386,1820.0,1.0
1788706546274,28.67737056702141,27.701154093104083,-2.9642751216888428,61.48090906330558,34.987435425102205,219.4700811843901,219.08361506100937,1899.6564403035575,1900.0,0.813489884735409
1788706546537,39.72199447511689,32.64267087921383,-2.8748598098754883,61.292939981853024,46.81494256101556,212.0879769424598,216.41068794728045,1776.2356349432969,1780.0,0.7445517841180322
1788706546794,47.70036351962352,39.04249296413632,-2.54591965675354,66.83894610979071,56.62594277891938,191.86638121841864,191.82797628232433,1736.8847668420713,1760.0,0.7098074319384879
1788706547057,56.89671794260581,48.29134242741142,-2.4786038398742676,75.28711369592654,67.85925900985653,190.06886380258794,190.11138151118286,1694.620639264287,1760.0,0.6516286321010452
1788706547319,66.76607867864173,58.687436561884844,-2.4732136726379395,84.14848672217956,76.66179681986317,191.3822890950172,190.95929289096085,1607.9931179253226,1720.0,0.0
1788706547587,77.67819382074312,70.06529319943405,-2.4157559871673584,93.6257578736234,86.18562959819133,187.94500266181467,191.51231410349197,1505.6687298892962,1560.0,0.6009144547844134
1788706547865,85.77899121862697,80.14134204293799,-1.7952327728271484,94.11374790074154,93.24458108943897,138.17666070034502,148.66328417232899,1384.634947652966,1340.0,0.6458354386538789
1788706548126,89.2089459276575,83.93643116387794,-0.8683087825775146,93.42011232473155,85.08646691488833,88.88275319750275,91.97570444573681,1472.5286035781967,1360.0,1.0
1788706548374,94.75941575418308,81.3012022484006,-0.6590439081192017,107.33465607332647,72.32299321046541,97.9698250804549,96.23875230561767,1532.6253357438572,1380.0,1.0
1788706548657,104.69943789985237,74.53836275836615,-0.6021827459335327,122.0904651995948,62.25783577115694,108.6456904806066,106.74387580496986,1590.3470188311692,1520.0,0.7278548411114605
1788706548939,117.87307378813976,65.8486770269439,-0.5897679328918457,139.18656092793012,55.640001151095525,121.69019703104944,120.23103554706341,1645.2235683291578,1620.0,0.7226487871263304
1788706549210,130.1604215366634,61.64120171013779,-0.22783851623535156,142.05264292114774,56.64175447964165,90.73877197869922,96.09406981960501,1634.1377490080574,1660.0,0.6607624005809559
1788706549478,132.97982283464566,60.00163401205709,-0.08909058570861816,125.68310623866543,59.38895729720401,89.47077247777345,89.01044075971912,1618.4364393096234,1680.0,0.6250101365033021
1788706549756,127.18317467396653,60.73202778973917,-0.035215914249420166,112.90467641348101,65.6577996173657,73.3458866034593,77.04171468494127,1580.9690543222284,1660.0,0.6074118811281217
1788706550001,123.31726554810531,64.97122697004183,0.27580031752586365,121.42137022799406,72.65426026136356,55.01846989493242,53.70987819716879,1521.7823516098772,1620.0,0.5510522224737427
1788706550274,127.83778873954233,66.27338079016978,0.4023410677909851,132.89600043987252,60.62279620380561,61.301625396084546,64.12599702130723,1595.3403201443407,1600.0,0.6592441244799264
1788706550529,129.27103838582678,61.43569105253445,0.6508355736732483,130.47483827390545,48.22500175990312,46.01708210582825,45.263194444135024,1669.0947103894255,1640.0,0.7860130587754692
1788706550802,130.05396084522638,53.40024452509843,0.7311258912086487,125.77261207556342,26.093023439709825,40.2140313996843,40.86734775181969,1783.669313692339,1700.0,0.8329291387823359
1788706551105,129.86699141855317,48.090431033156996,1.0793112516403198,127.22602034095155,41.71082226664673,22.2,28.435398828165717,1725.2135748543549,1780.0,0.68317939118956
1788706551399,129.7337233175443,46.7435821773499,1.4602766036987305,129.77430960158355,42.47365066200938,22.2,359.2352641780834,1707.4661659206454,1800.0,0.6304875451335787
1788706551647,129.83179287647638,47.9573455570251,1.4472742080688477,129.9475024515285,52.292689366688045,22.2,0.26884977632516893,1668.3799335545839,1720.0,0.6639662217789846
1788706551942,129.67028520238682,51.17903101162648,1.3360347747802734,129.7169260621463,52.11203861869566,22.2,8.194060829635589,1661.2694377790942,1680.0,0.6658560182088854
1788706552212,129.67287078617127,51.174609567236715,1.3352289199829102,129.2145198703538,48.42499945816461,22.2,7.412583919383735,1677.8107361665716,1700.0,0.6803289185612478
1788706552483,130.01234159694883,53.01727535217766,1.3446027040481567,130.43648214374235,55.76283413461705,22.2,7.7956470147630625,1630.0099813263964,1700.0,0.6391717535270965
1788706552761,130.32432255782481,54.26382950910433,1.3442679643630981,130.16863080649296,55.61932659362549,22.2,8.319302153270428,1658.5141851145588,1680.0,0.6572945414043099
1788706553019,130.8259642593504,56.80429053118849,1.3419976234436035,131.02009309685255,59.16749154478472,22.2,9.104317125366038,1608.2072310108097,1680.0,0.6169194938255472
1788706553275,130.76995609313485,57.24012480007382,1.341171145439148,126.15214864767293,47.68366803431482,22.2,8.548229136384748,1643.4353914937494,1640.0,0.682403999656262
1788706553531,127.72599347933071,55.07910060131644,1.0039491653442383,111.51439987712502,49.59839110199746,29.581999878427723,24.625108182968916,1701.6634224776597,1660.0,0.7652448904010962
1788706553801,121.6426146499754,54.45271169106791,0.4166785180568695,94.53774731721438,54.31673916535476,56.22783106453926,54.78043491972454,1656.9025350364182,1680.0,0.6928931559798127
1788706554082,111.40318382443407,54.93728277251477,0.22381475567817688,72.39980398618641,56.748476380386734,52.38169081956528,52.15902517651557,1724.6909736290236,1700.0,0.7394437154748655
1788706554331,101.77936223548228,56.98927030788632,-0.19637000560760498,84.26423306438213,63.30059466891024,77.91559558081876,73.67982822855495,1648.49272810162,1700.0,0.6508268658523293
1788706554608,92.23157987819883,62.782270776943896,-0.5352953672409058,73.94879169838231,76.64704659444237,79.63000274454103,80.44325494869562,1672.4648768471513,1700.0,0.674416525300175
1788706554886,81.57338059793307,72.00054979699803,-0.5634335279464722,63.480249478943946,89.96088003440265,68.84514719480332,70.93448811515997,1617.507580119301,1700.0,0.5937881442999533
1788706555157,76.20087871401329,80.79250545952263,-0.8156980276107788,72.50327500737244,89.90041295456035,91.80247622695657,84.08442465494363,1527.4737845046159,1520.0,0.6602975269154385
1788706555413,78.1480972410187,83.61738550381398,-1.1646252870559692,83.8889780271204,86.28046624856789,112.60100546125386,112.01723633562912,1540.132187505077,1520.0,0.6809744294974064
1788706555701,84.7062238558071,82.42297074926182,-1.150917410850525,93.43819744726478,81.4026937232497,117.93265257106621,118.18027344557471,1520.2781838860137,1380.0,1.0
1788706555976,92.06996647391732,78.538688599594,-0.8544003963470459,104.94445331461036,70.18284317506024,106.3510758511189,104.49921601234092,1538.9524047743914,1500.0,0.6823562404469201
1788706556268,100.91768039493111,71.04198065329724,-0.7770078182220459,118.40297054655414,54.48337590509402,115.27656851462453,112.73068305150265,1617.9789069296673,1540.0,0.7252003991685934
1788706556510,110.25047482468011,60.41812446173721,-0.9233043193817139,120.40201885968872,43.22501276652093,133.0241860267247,125.99127550023451,1707.2259790312257,1620.0,0.783144920990694
1788706556784,115.44054887426182,48.76810389240896,-1.17600679397583,123.7100282519888,27.571752902164878,148.64579068855784,149.54607907773314,1784.6951366962733,1720.0,0.7946228864586075
1788706557080,119.11034771776575,33.49831888994833,-1.4763765335083008,121.80454823140161,8.714699908371589,170.18568123726737,166.9927453328645,1815.7890402013243,1800.0,0.7715655688801114
1788706557359,119.65470441683071,17.151758389210137,-1.5734853744506836,115.78714286000137,-46.1657514450858,173.07744848573347,169.34650192920554,1821.964511118693,1840.0,0.7351278750070077
1788706557609,119.9677811269685,17.687395951879306,-1.6792018413543701,119.23182405050103,32.51320807812919,178.1201138213441,178.5415220779497,1792.1916136548896,1840.0,0.731524320094412
1788706557869,118.77576933132383,26.553522545521652,-1.688993215560913,113.4480887256217,44.63185343438872,174.76243201850528,175.5631485628682,1726.4301990689876,1800.0,0.6655520121320954
1788706558155,113.2161970964567,34.358345091812254,-1.5523414611816406,101.49256532993078,47.727734366623764,156.71044972685792,164.8830393155015,1731.6239017882638,1740.0,0.7076935579886159
1788706558417,105.79661932517224,39.85164131705216,-1.461902141571045,89.920122802277,53.745835105684435,149.00775352560282,149.69480813212624,1705.3210343068272,1740.0,0.6961490329603316
1788706558718,96.94076417937993,47.755833423043796,-1.4498248100280762,83.47368054979455,64.41398106538946,140.62184417793486,141.82586105876115,1653.8212353687416,1740.0,0.620672474835526
1788706558968,90.38510780634844,57.54994309793308,-1.446376085281372,79.78757888876942,78.57981936683245,132.60244408448526,132.90937218141207,1626.6243155861596,1680.0,0.6406807809176266
1788706559242,85.1688415046752,70.28598575141487,-1.4328081607818604,80.00455769784323,94.42837636543317,121.8063551312621,122.93765239217848,1534.9460496284648,1600.0,0.6009852649050396
1788706559522,83.18941852239173,83.40435839074803,-0.9020881652832031,80.40306524807652,96.21074760012645,75.07021139504273,85.36741165772763,1524.4239078075257,1580.0,0.590377938721951
1788706559789,82.19001830093504,87.16990072896162,-0.5231529474258423,78.7778330584064,91.94112735927827,61.02983548505358,69.04798198611905,1537.2976499107044,1620.0,0.57581533886903
1788706560045,81.6899337167815,88.18164254736713,0.3456474840641022,77.9334240990448,88.81043105243171,22.2,9.522827787629865,1545.6504230044366,1600.0,0.6022386281950046
1788706560307,81.55977023868111,88.21323665108268,0.35909518599510193,80.12561055946486,87.40971416744766,22.2,21.253220462869933,1551.783143507058,1620.0,0.5941359920551272
1788706560570,81.56752699003445,88.21501484067421,0.35865527391433716,79.59945690091216,87.24949921740735,22.2,21.377151820011136,1556.518455303057,1620.0,0.594564743652831
1788706560828,81.67782280388779,88.04618294783464,-0.20530372858047485,79.70468914985815,87.35430291304866,69.74785577841966,63.18681815175252,1551.821281136221,1600.0,0.6141869694567358
1788706561095,81.49230476439469,88.0779404527559,-1.4751131534576416,80.96943142244616,89.48049841773954,143.3806649954884,133.73251610979264,1539.7383020558304,1580.0,0.6120286113158023
1788706561343,81.65877214566929,88.14633827509843,-2.3592007160186768,83.43561623122454,88.67889828660675,181.56934761875345,182.2730378787989,1527.9469345447676,1580.0,0.5909848904168826
1788706561615,81.57928226500985,88.06112935223918,-2.3545331954956055,83.08407606792844,89.17290042131124,177.2331038422186,177.55111377956732,1531.407108474187,1580.0,0.6063501969132407
1788706561922,79.05092254398376,84.62236058993604,-2.3297111988067627,66.09664093676147,66.21502361203754,177.32873087720938,177.18116282223588,1692.6494276951137,1560.0,1.0
1788706562204,71.57029519869587,75.85440087506151,-2.2951602935791016,40.96696050607517,44.717687146449435,175.64489132065881,175.95292655088255,1796.7906557826593,1680.0,1.0
1788706562447,61.90629613681102,66.76191675381398,-2.3073463439941406,22.560649103986485,33.191774667736375,175.82456215178675,175.93544265593465,1845.1971012622143,1780.0,0.839517051446969
1788706562718,52.30402428334154,57.10730364942175,-2.553387403488159,31.929899469052376,15.40933835785009,194.93019598764485,194.00629630521905,1889.2944605704117,1860.0,0.794830697347461
1788706562976,48.69187242402805,47.41365688053642,-2.701115131378174,33.7930899478508,10.246136676087442,205.8583114718494,202.45923152173756,1955.841305172188,1920.0,0.8282094508580984
1788706563264,45.85939902958908,42.607700618233274,2.9598240852355957,44.34506391968,37.57690522878726,241.57749432746564,241.96392930444097,1931.414818910704,2000.0,0.7497448528385476
1788706563591,39.21324962706078,43.15526286448081,2.9765372276306152,20.095359161949666,47.35719214382698,230.53075772565848,232.89296582829226,1787.181165699186,1880.0,0.6789491214639792
1788706563900,28.58927088459646,48.948051873154526,2.9732017517089844,17.883732871726707,61.88128456759559,224.6749112973714,225.64043360930773,1765.3620207667257,1860.0,0.6524466300542772
1788706564195,18.94618958000123,56.47303783987451,2.9672434329986572,1.1510109071434016,62.609934116738934,220.4162315661613,222.16146859108864,1763.133218524289,1820.0,0.6829651063848589
1788706564494,10.136053130382628,57.03409990926427,-3.1320409774780273,14.68510902738381,56.104851255561044,201.3001046956397,207.9311922702742,1770.630504416433,1820.0,0.6962337496855646
1788706564743,11.555079662893702,57.47860885980561,-3.140002489089966,19.50864383753833,59.943283400665415,214.3146552649317,214.92479045862737,1764.9861338304543,1820.0,0.6924773549857661
1788706565051,20.66516786109744,57.802801657849415,-3.1138627529144287,46.52822646847619,57.88163498314412,217.29620567670864,215.51673679750684,1752.136481776387,1800.0,0.6948563643881578
1788706565349,34.813727431409944,57.69989253967766,-2.9290943145751953,64.56555404377738,58.805941436036015,208.28657202169637,211.80524353099682,1730.934201953545,1820.0,0.6420788542015944
1788706565620,49.30800550565945,60.942051204170774,-2.601743459701538,73.16616004490677,72.52174411068054,193.31241776184152,192.6719839085653,1699.5369610340942,1760.0,0.6529744584319722
1788706565893,62.24581500676673,69.47049358698327,-2.4145984649658203,80.44419123741312,82.90706846918316,178.18713565494124,183.34811445210795,1586.2026292109092,1640.0,0.6374567068224699
1788706566136,72.40474190298967,75.72063776451772,-1.940469741821289,88.23116503271677,83.42195036810614,154.22992962843324,153.35845186349385,1532.823007340407,1600.0,0.5936906638087588
1788706566399,80.77959676427166,75.76230026605562,-1.542036771774292,89.07148949041448,73.53576839285417,135.93120629830787,141.31393757931608,1555.5030470456134,1480.0,0.7363153508485698
1788706566678,86.52292807271162,74.36987689160925,-0.8378961086273193,92.8765633956105,74.19187723321869,93.96312134144199,97.50055190941941,1541.2106976372124,1520.0,0.6733622122428262
1788706566942,93.47522645484746,71.73357145054135,-0.3707847595214844,107.56142514491388,63.96787508870871,81.1473402859742,79.14791927338734,1560.200423691788,1460.0,1.0
1788706567185,103.15040408156987,66.44604299950787,-0.33731400966644287,120.62976006248513,55.80275379456911,93.9223925879044,92.83330706898836,1631.0192699479135,1560.0,0.7561275091824493
1788706567466,115.73107621801182,59.76214070958415,-0.3264508843421936,135.0710873960539,53.31108866372827,104.05931027850622,102.7725323125013,1662.6844160008284,1640.0,0.7209461320361278
1788706567746,124.22080693282481,59.979382612573815,-0.033597588539123535,127.47659294326108,63.96131705999511,76.70656064366798,81.74203593821822,1588.726918274646,1660.0,0.6079918780004795
1788706568013,124.7549943097933,60.46953336460385,0.0671544075012207,122.66135556148514,60.22948662630731,75.56718313737713,76.50249384576307,1609.8347143800372,1660.0,0.637736638130392
1788706568298,129.9291703832431,60.49543245570867,0.07612234354019165,144.41062811778994,61.17969267235446,84.97313160919799,83.30011928443156,1609.6563809921415,1640.0,0.6543688310176579
1788706568560,134.1853680948573,61.381537970595474,-0.06524580717086792,122.92257201570155,64.05378254056538,88.66957060540585,92.97021398242237,1579.4926566191448,1620.0,0.6677692495460351
1788706568872,123.8032880167323,62.47435562253937,-0.10184681415557861,80.88988865535205,66.51745551152202,73.80286655808197,77.12676438062853,1599.3652552643828,1620.0,0.5834219123058758
1788706569114,112.3934143546998,64.46427472933071,-0.5329052209854126,93.84989547747077,69.95601434802504,90.33443383336157,82.11686430775546,1530.4519567179611,1620.0,0.5533428168828343
1788706569391,100.59118556225394,69.0921813484252,-0.8213529586791992,81.338023142,79.96521369682861,97.06819239822809,99.79044008218736,1596.1509762426056,1620.0,0.6408584903485164
1788706569673,88.88347956139272,77.98924723948082,-1.0198768377304077,75.07102629598094,94.14883080203603,100.75158843221712,95.90552542148887,1527.1368506930235,1580.0,0.6076987149475644
1788706569940,85.77294537401575,86.37804887426182,-1.3573365211486816,86.87603694800069,94.34792411589551,119.94687873699472,118.85738204754341,1486.489422058476,1540.0,0.5936200152508337
1788706570207,88.11145692359744,86.35555717888779,-1.0055267810821533,92.89547843583577,84.32933117831763,101.98044305896192,104.75844796820505,1485.0120781111461,1460.0,0.6534681599233896
1788706570456,93.0627153051181,82.52100186085137,-0.47212719917297363,102.08147838957723,73.94607586882252,78.05626562384728,80.83551376101614,1530.0472263818574,1520.0,0.6548838070545826
1788706570723,101.09282726377953,77.99146757351133,-0.03164702653884888,117.58698914869142,73.50583024193914,65.38677096236208,64.99303176364505,1528.1414465860596,1540.0,0.6526391773794333
1788706570973,113.55675404466045,76.89597783126231,0.027885377407073975,139.2409614457784,75.33837516631561,81.30883124250994,79.74140838814617,1516.9314532007718,1540.0,0.613103032416236
1788706571228,128.22687584584153,75.83755613312009,0.049136996269226074,140.64593695470404,71.60469450166374,79.77089301847627,81.98552381331103,1572.8204287125282,1560.0,0.6779820025431368
1788706571489,126.68753075787403,73.34274171844243,0.1604992151260376,115.03846203201024,55.78870896285992,67.49119045691612,66.87286195845383,1601.7151486901355,1560.0,0.7076525102012992
1788706571762,124.75929080031989,66.38994832677166,0.14949053525924683,118.31791482828909,38.728880391962555,70.27337708069774,70.22322197064369,1764.4926294545633,1640.0,1.0
1788706572023,124.90262249323327,57.58610282357284,0.2359119951725006,126.0185476960914,42.867735005107534,65.57670134829806,69.88035725827552,1707.2924326971427,1740.0,0.7640418340407085
1788706572326,128.7664074034203,51.05670598548229,0.8043454885482788,136.666746794417,39.68604406793647,35.685568807845925,39.45825767915824,1707.2272288256074,1740.0,0.6777603675218915
1788706572631,131.89046544352857,48.554389533095474,0.965178906917572,120.03778405297915,48.817684067227404,26.521693013569916,32.258454935156124,1688.8594706135473,1740.0,0.6668081257625154
1788706572905,127.63238381213091,52.636382335752955,0.9913980960845947,118.85023012998073,60.932507925214814,22.2,22.30408580299769,1618.3092841531757,1700.0,0.6231821395953299
1788706573175,124.16732667937993,59.677037516916826,0.9814165234565735,120.26179190699283,67.97956230167611,22.2,18.612011911184084,1550.574618242501,1620.0,0.6066423199158841
1788706573449,126.74494225209155,62.078328770915356,0.928605854511261,133.83015601578307,62.56169841265794,31.125599672910653,28.31338667445425,1593.3789015336747,1600.0,0.6599993548794477
1788706573719,130.8156507597195,62.32353150375246,0.5389206409454346,133.0748725126043,57.15864632621441,59.36158733149824,52.111156646167274,1611.974561172303,1620.0,0.6435017138629953
1788706573978,130.56564691498525,59.2002135749877,0.21739760041236877,124.21821693356588,44.558365269221284,74.80749023299552,65.73586206912427,1684.3513645624125,1620.0,0.7581087344318107
1788706574270,125.83566260150099,55.81031619094489,0.09338685870170593,97.95736428991475,55.217411213829564,70.6899232738798,75.5481490273122,1681.1915490266874,1660.0,0.7840797882438428
1788706574539,117.38156296136812,57.131285179318404,-0.13165047764778137,101.81315283399489,62.46069105997927,78.98595632174391,69.90438543738105,1593.364389265756,1680.0,0.6163907717670898
1788706574852,108.66977961983268,63.14872681625246,-0.6041133403778076,95.47849642755644,75.31242858649468,97.50653528354736,97.78150641138615,1530.2630378419644,1560.0,0.6119442550832668
1788706575118,99.95270976870079,71.5409406526821,-0.6614103317260742,82.85181089244976,87.27684767684899,83.67156425025279,84.87034464845428,1538.9965755463186,1540.0,0.6573355101599421
1788706575355,90.60892901082678,81.28564068651575,-1.0189110040664673,77.32107475320858,98.54928626357267,103.51068141245779,98.15998233730065,1530.0538444923234,1580.0,0.6013812051014576
1788706575626,87.6331527589813,89.1398176058071,-1.663179636001587,89.81962838415335,97.28236524848282,141.8980214388382,137.85153626473783,1467.294106141938,1440.0,0.6674410426603435
1788706575877,90.51200326033465,89.31688684178151,-1.8158948421478271,95.73336245903684,87.0697800596318,155.1958348474392,154.49384146575647,1430.085392296581,1360.0,0.6593347064799848
1788706576166,93.65236297367126,85.28932586429626,-1.4416558742523193,99.25679082823397,80.14139500872363,129.30732881679623,133.602411105083,1508.5386338664298,1420.0,0.7301692022828371
1788706576428,97.59366733821358,79.7635392316683,-1.011259913444519,102.4676348290394,66.75687788268452,115.88235792864967,115.67613885525967,1535.7566018785474,1500.0,0.6854836102377349
1788706576700,100.80882635642224,70.42647714689961,-0.9551825523376465,106.33008171585888,53.20625472541356,120.733541705753,118.73764781023695,1637.517319090588,1540.0,0.7552342619121203
1788706577025,103.11783918245571,57.53069539708415,-1.2848180532455444,105.99158659492703,22.92762571965108,145.2629721121389,138.11525860091427,1743.464057802224,1660.0,0.9213172311177007
1788706577291,103.91502560593013,45.32010296198327,-1.4378528594970703,106.2338389314077,7.183343670001172,156.35488523454035,155.63754367985717,1890.0973291282671,1780.0,1.0
1788706577549,104.2284867894931,31.222397211029776,-1.4611599445343018,106.74247839617566,-15.818374331178521,158.5230246002352,158.18688113846156,1877.0484732087994,1860.0,0.8116131770030537
1788706577810,106.34917492002953,15.936403049258736,-1.4531714916229248,121.6509879816235,-19.68559580976074,160.97246806909374,160.49014757572792,1841.1283794748624,1880.0,0.7438417456414629
1788706578100,109.68535656065453,12.697935329647516,-1.5541255474090576,110.24594199426713,22.79943044251299,168.3431697517625,167.42285128110845,1855.8931063050509,1860.0,0.7698604796738078
1788706578374,108.11691644623524,19.543891966812257,-1.5935959815979004,100.16153200412845,33.56275532167342,164.23070348121024,165.79220061121953,1835.645960482438,1860.0,0.7420295761202298
1788706578660,102.93278251107283,22.48137466550812,-1.2869222164154053,86.77536537324863,19.631166581296753,141.59422804315628,149.7405795405815,1887.1692609946085,1880.0,0.765664504218674
1788706578906,99.91268608513779,19.213903231883613,-0.8035722970962524,88.25391055833363,-1.692988416838575,109.72645480678149,112.23070817846836,1952.513598415739,1920.0,0.8544748714611174
1788706579178,97.17370701587107,14.164896086445006,-0.26627904176712036,78.90478919017768,-7.78838756296559,76.990626010951,81.12436564070042,1923.19746732317,1980.0,0.7460854643013219
1788706579443,94.46606253075788,11.617655115803396,0.05151242017745972,87.1206107640191,11.74253883390234,66.13692493638155,65.28620037111864,1975.4104699356908,1860.0,1.0
1788706579720,94.14303757074312,11.61555853415662,0.05494111776351929,93.05572989022416,11.685223749995883,66.7981591114999,67.0243958823338,1963.783873507099,1840.0,1.0
1788706580006,98.53753998523622,12.52824918491634,0.06201249361038208,110.85728731510156,14.025989901602461,71.62000159430079,71.05642440842394,1871.9763948706832,1920.0,0.7440913061997402
1788706580308,111.68520469365157,13.547757366510828,0.09287208318710327,135.2683371826471,14.627999962595775,78.1266697428436,76.13700138652439,1798.728372027182,1900.0,0.0
1788706580573,124.0589628444882,14.841393898791216,0.08627057075500488,142.38501488095724,20.66668159196326,84.7556781904724,84.80845012614066,1761.6912724347753,1780.0,0.7312322421397054
1788706580855,130.51912563053642,16.44380944920337,-0.02813112735748291,124.27503050913805,19.71014648438238,88.25372487790344,92.51066686795588,1794.647034671282,1780.0,0.7441175568443601
1788706581121,123.10943843811516,17.623119204063116,-0.122222900390625,87.73780353474548,20.886369457051256,83.95031660105519,85.48509528124475,1891.826959654405,1800.0,0.8654927626185429
1788706581397,111.43938199741635,17.83727330485667,-0.017780661582946777,63.4825975658698,13.509477194787344,68.9703219162576,74.88719627864451,1989.3318676474648,1880.0,1.0
1788706581693,98.70766947588584,15.043929693267103,0.2396031618118286,41.94395352946296,2.562869339448678,51.03642792253413,52.43637452887117,1965.6831285734945,1960.0,0.8180069666199623
1788706581972,91.76234928641733,13.423941304364543,0.23943042755126953,78.47647094554993,10.95161465303121,53.71000226540656,53.425461940560695,1970.6583887814727,2020.0,0.7745829103520667
1788706582235,90.86592066006398,13.22161817175197,0.24233683943748474,89.87129204387124,13.134659718118494,54.5799967496348,54.7082324407786,1968.2410667023212,1920.0,0.8684025001012166
1788706582494,91.17388387364664,14.16398176058071,0.3451572060585022,93.30074005956145,22.04680874913513,44.8250051225416,47.05502277558469,1905.754751021114,1860.0,0.8591706871835117
1788706582754,93.05346871924213,18.323674239511565,0.7954778075218201,97.22854588629423,25.51828277723002,22.2,17.95753742091688,1864.6756666793556,1900.0,0.7500104522109534
1788706583018,98.2388810285433,25.08633591058686,0.9728279709815979,110.81553570933156,38.610854677735176,22.2,14.858784784376667,1790.4142095691386,1880.0,0.7453876508906697
1788706583308,108.13144954170768,35.0763876607099,0.986855685710907,125.61159054273486,51.42044058952247,22.2,20.838765658468105,1686.123376092795,1760.0,0.6437128138082974
1788706583594,119.55454908956693,42.34897403266486,0.9939766526222229,136.4563982937785,50.5352199236316,28.6572204738834,27.15738270371787,1663.5975304966942,1640.0,0.7423314325487181
1788706583855,123.17692313607283,49.40972756213091,1.0794854164123535,122.68948397170107,58.906757091216484,22.2,23.745973907795417,1614.1465275559324,1660.0,0.6488756493259894
1788706584139,120.15911432701772,56.112108606053155,1.3216065168380737,111.41943497736054,65.81791085132372,337.8,358.4234437392195,1588.0525404809412,1660.0,0.6092377202328494
1788706584413,116.21489757627953,62.98410010150099,1.4887566566467285,112.63849356616599,77.65398721335222,337.8,345.42042231977774,1537.9757749169112,1640.0,0.0
1788706584677,116.98819858821358,72.98414335476133,1.5127620697021484,124.60017887183504,84.38040365878385,337.8,343.84390935229953,1394.9636526830689,1460.0,0.5238216771818099
1788706584954,123.0626480222687,79.05100424458662,1.3510470390319824,133.2277690473067,85.0542756819884,22.2,1.1314899111310979,1439.177772360738,1440.0,0.6098120084691615
1788706585215,124.03229961245079,82.26606714443898,1.0789929628372192,119.46660978918545,85.2018073097122,22.2,14.247541626754582,1402.7538107141556,1460.0,0.5407295817956934
1788706585498,122.35167015255907,85.89096910371556,0.6559652090072632,118.56739446176881,91.19088068438566,36.11206453601682,30.416748624747697,1320.683137371937,1380.0,0.5351110657614253
1788706585785,119.9784118171752,89.93226539431595,-0.12089812755584717,108.53449679873827,96.45844465127169,74.74532414855699,75.7712751769626,1388.7817582605949,1380.0,0.560773164052772
1788706586061,111.2408110851378,91.67502575971949,-0.31773269176483154,82.06456367595551,93.12847115427628,70.62061841412725,67.50924306580407,1532.949832429004,1420.0,1.0
1788706586322,102.88061907910925,91.71250230684055,-0.8661870360374451,83.0440354779862,89.43173289239643,104.79641106460468,98.52676080653055,1536.1853110150744,1520.0,0.6602704472423836
1788706586593,97.58876530204232,87.57900928887796,-1.290114164352417,85.18240047101135,72.5896136625643,126.56126786823475,128.8499003532009,1594.4595077548481,1540.0,0.7195032435980038
1788706586853,95.91045229453741,83.64034817913387,-0.4813542366027832,92.5933830259279,79.31947831913837,60.81470945925598,67.51884439261988,1545.2153664587497,1560.0,0.6367852902271433
1788706587120,95.2385177011565,82.23740465059055,0.8384548425674438,91.79411307693739,78.61136899747613,337.8,349.1705590484812,1545.9895652808837,1600.0,0.6111843430053256
1788706587423,94.82013371985728,81.76287793737697,1.454587459564209,94.70575914787327,82.9529911201177,330.47973491625845,329.54651717236084,1511.443057974978,1600.0,0.5836049885153294
1788706587683,96.07970710814469,86.28449687807579,1.1784517765045166,99.66864477786402,93.85685864093979,337.8,347.4390586881643,1393.357168013473,1460.0,0.5291155979608156
1788706587946,98.25014609990158,91.07686200479823,0.6226049661636353,99.52103544570376,96.93542351580014,26.38029974295995,19.29184172679436,1409.6194712892636,1380.0,0.6302859956840511
1788706588213,99.11536509596458,93.32204263041338,0.14593645930290222,99.10137700099622,92.66733704841518,42.91920539143979,42.746703392936524,1401.3237910139178,1420.0,0.5779475445887745
1788706588477,99.19347087229332,93.32366703063485,0.15034297108650208,97.1276014700734,92.91171937685777,40.46810611506828,40.101849672773994,1383.6575588969827,1440.0,0.5347369771291262
1788706588748,99.17914923720474,93.32254244586615,0.1688345968723297,96.63467725254833,92.55253434144139,39.58981683759373,40.33148804586381,1385.1533126448549,1440.0,0.5371898946899092
1788706589007,99.11201056532973,93.22872131828248,0.8585517406463623,97.74342083195337,90.90651191418938,337.8,352.43134364436753,1396.9390745219496,1420.0,0.5612579412119936
1788706589280,98.94958015501969,92.99992118294784,0.9518390893936157,97.76610034674162,91.33581554809923,337.8,356.8079322305555,1392.157905493869,1420.0,0.5824881145519744
1788706589542,98.96779458353838,92.85694512795276,1.0380733013153076,97.75725731320684,90.59066816775331,337.8,351.2513988735118,1403.602579373067,1440.0,0.5745030808264759
1788706589807,98.94775390625,92.86420206385334,1.0341708660125732,97.85703292559093,91.2146477471124,337.8,351.08119298577867,1396.6783877069229,1440.0,0.5529125506383511
1788706590071,98.9986389640748,92.3979415292815,1.3500815629959106,99.97223389632083,81.70725669982538,327.81732629888944,330.84289059843616,1460.1846208480335,1440.0,0.577287213134583
1788706590329,98.71756005474901,87.89355660986713,1.8541003465652466,96.19381166710768,66.42918130580514,304.0306340810415,306.52703022303905,1522.7032966547781,1460.0,0.7103000240148762
1788706590666,95.35511887918307,81.92187692236713,2.4737491607666016,83.1664983085199,73.98363774403211,270.5533361012847,274.6359627107161,1587.1963100917112,1500.0,0.7272240537909025
1788706590914,88.38734544168307,83.78320889210138,2.620053768157959,76.32377101969477,90.6896524069703,250.81521371381092,254.26882710389032,1557.8317965883382,1540.0,0.6865483446739273
1788706591194,78.15613754152314,90.83821934977856,2.6336755752563477,61.75201051440864,103.95000343686394,238.69175580038254,242.56690537874198,1580.2300719815864,1580.0,0.5999658927600844
1788706591460,67.97306571419784,97.37091304749016,2.6717004776000977,58.6435567764453,101.4501121428229,232.84883023406255,231.92950020626185,1647.3839162343122,1600.0,0.7291691571930784
1788706591762,67.3369688499631,96.56961275836615,3.1327831745147705,74.66742851157314,92.43137870551958,212.58399227293557,218.49407510059274,1521.1217982461521,1660.0,0.0
1788706592053,69.89335668368602,92.44984544168308,-2.646669626235962,73.75579599169873,79.18232717753092,184.00176208717778,187.98123585628235,1634.6113345044012,1580.0,0.7306320649597996
1788706592319,69.3010513425812,86.92057932455708,-2.0954930782318115,67.51460832717332,70.09108239348294,152.25823757718916,155.10491460707297,1693.8385787329946,1580.0,1.0
1788706592579,68.70018666184794,80.07219930333416,-1.81039559841156,66.53795767133978,50.79317443595118,146.50889461343698,145.13387688583327,1735.2224313860554,1640.0,0.8035775386721462
1788706592836,67.56086214320867,68.1008406511442,-1.7589153051376343,61.588696809515525,16.902702624468382,151.0814868161073,150.69880156742852,2014.2376994767365,1760.0,1.0
1788706593115,65.8017135980561,54.3421996109129,-1.751505732536316,53.04708089833106,-6.55790164807134,154.24745535898197,153.03501177870407,1954.0832360451589,1840.0,1.0
1788706593382,60.338846041461615,43.23283998984991,-2.3525969982147217,34.02956833364416,13.741545977812153,196.78234288518098,192.8568922084724,1954.1593768072955,1920.0,0.8513456657363703
1788706593651,52.61161744125246,38.40222456323819,-2.9329473972320557,13.660627037584678,24.98646546963206,221.21642184958688,220.47708675153854,1862.552608146994,1960.0,0.7187745110484552
1788706593943,37.655243160217765,35.68598229115404,-2.989158868789673,-11.366390445245585,24.71879018107634,213.24585266681333,214.606278439184,1800.810652230569,1860.0,0.701414182855395
1788706594228,23.14537949449434,31.29252276082677,-2.70353102684021,-12.173522283620773,11.920841841398227,195.75050088913846,206.18644339244298,1804.1739094204697,1840.0,0.7103869626450008
1788706594501,13.556420033372294,22.969840943343996,-2.273895502090454,1.7299387431312736,-6.013096835722836,170.00275846344135,170.35979016322705,1814.8011328259297,1820.0,0.7532800827747593
1788706594762,13.33240058478408,15.891472523606668,-2.1843087673187256,9.901355397368684,7.719358235924247,171.01543334952245,171.2663747849899,1860.0441166962603,1860.0,0.7890584659896799
1788706595022,14.995770792322835,14.353421429010828,-2.1939756870269775,17.039621531991596,16.750679626598934,172.86995019931956,170.9320293809345,1871.812512346161,1880.0,0.7868631836494727
1788706595278,14.940312903697098,14.727184866357037,-2.1870901584625244,17.20395576114886,20.597001388337443,169.50980104022034,170.04015759435615,1860.5838438349797,1900.0,0.7390934693040421
1788706595552,15.93944639671506,19.463285911740282,-2.211256265640259,20.194605214811904,33.350565203646966,169.56162615874916,170.20910448964997,1842.0895317906236,1920.0,0.7053661028426327
1788706595799,19.462563822588585,27.10639533095473,-2.199949026107788,35.90148409844558,47.81352966773204,167.85429793905587,167.97357808768766,1809.1231259683566,1880.0,0.687019913048711
1788706596067,28.129491130198083,35.94541774960015,-2.187774419784546,50.13016002329043,57.4264159116142,167.9796682352062,167.7989049298248,1751.481786001463,1820.0,0.6786247131848485
1788706596340,38.5687568244033,45.55684727946605,-2.1803338527679443,60.05922664500852,65.52541742636765,167.69763763125877,167.8532484503103,1718.4563225063368,1800.0,0.6466747132689333
1788706596618,49.84513891024853,56.24833234651821,-2.171128511428833,68.7106128909959,75.48956592616612,167.71440350260715,167.0849996054573,1680.3165638585824,1760.0,0.631526818148819
1788706596867,61.028721126045774,67.39151121124509,-2.1569559574127197,79.14438594857805,86.28362680232723,165.8151794371559,166.24076683191564,1570.9788582859153,1680.0,0.0
1788706597151,72.39398625891978,79.23225943497786,-2.1571576595306396,89.96836493466746,98.44622136823824,164.8481777254683,164.7150822903857,1448.3489947102742,1560.0,0.0
1788706597418,82.20538762610728,87.58189283956692,-2.089757204055786,91.05709200907827,91.32855560089251,163.83002949397718,162.14461812752023,1405.589087076479,1320.0,0.6936049830119374
1788706597674,84.46994571235237,85.02138633427657,-1.7594465017318726,88.20081722566161,73.44166405378519,141.90501514853128,144.89811142336998,1569.7972099220265,1380.0,1.0
1788706597933,86.29740557332678,79.44368617741142,-1.2551807165145874,90.41309285224506,71.71847182430878,117.80938700809926,121.72456516599587,1565.3753140648662,1520.0,0.7114139829019146
1788706598192,90.46857698695867,73.78798597440945,-0.7372162938117981,100.07608503036394,65.31988622613588,94.86047069993892,97.67871337344533,1532.9322370256345,1580.0,0.5907522553099986
1788706598461,99.25632266547736,69.14943424735482,-0.45601779222488403,114.62232666499531,63.60553705702793,93.75353652516203,95.78150165473652,1589.6112983380526,1580.0,0.6857344153385747
1788706598746,109.48081669844981,67.41033118540847,0.0876418873667717,126.01881627579667,66.33644201835183,63.879717528481706,66.65801421541333,1569.38256799009,1600.0,0.642289077208142
1788706599025,122.38962729146162,67.650016724594,0.25564783811569214,142.36016413844328,67.23387168198424,74.58021174480763,74.93347097085433,1583.395914255069,1620.0,0.6262302050019531
1788706599274,130.73562261626478,64.55771618940699,0.44630545377731323,132.5590441878004,54.78997998978951,52.648956089358364,62.11282966039005,1622.8256506994242,1580.0,0.7291142502802576
1788706599537,132.1130659448819,59.13120059516486,0.8755328059196472,132.38467965831524,39.39562213361407,28.347199280889754,33.0042421004552,1714.1508483448404,1660.0,0.7682399747406731
1788706599824,133.1286044383612,53.02076925442913,1.1620575189590454,136.02406322056567,31.59233925220385,22.2,19.96458533077407,1729.053685128513,1680.0,0.7853137033243259
1788706600098,132.96603946235237,49.898201048843504,1.2474457025527954,131.7144870674109,45.4375805173248,22.2,13.72234251978108,1701.253219291998,1780.0,0.6456267516593599
1788706600347,132.95916699987697,49.860517847256396,1.2460638284683228,132.62345147864525,48.389386780810426,22.2,14.672872175857094,1673.4198891314932,1740.0,0.6335562295632462
1788706600661,132.9570908433809,49.85329935869833,1.2457329034805298,131.9226051472147,46.73001014521674,22.2,14.805578612307386,1675.0118068512345,1760.0,0.6223672657893631
1788706600933,133.19150429072343,50.80825445220227,1.249257206916809,133.43767219740636,51.82324684833601,22.2,14.486767322337982,1656.297147475089,1720.0,0.6401591340674807
1788706601204,133.51085752952756,52.77029923566683,1.2485047578811646,133.22663970604043,53.883401038211645,22.2,15.713796373705861,1640.8770356570676,1720.0,0.6221641203288972
1788706601459,133.72154896653544,54.73485751414862,1.2644859552383423,133.52597700183952,56.61609543442296,22.2,15.095656144643954,1635.0726386103336,1680.0,0.6446656351923072
1788706601719,133.92123485174704,56.868737889087114,1.2901707887649536,133.38000197234751,57.75476922554665,22.2,12.989215520745915,1621.7315223013984,1680.0,0.6270771566055093
1788706601996,134.02170736958664,57.84604050043061,1.3036624193191528,133.10550990317304,55.55063437431217,22.2,12.738729452362804,1618.2399657313683,1660.0,0.6507423140762345
1788706602268,132.68315352792814,55.948606476070374,1.2872601747512817,120.29255473691347,41.33089180093596,22.2,10.479932900287736,1716.279881669118,1660.0,0.7216319048365655
1788706602536,128.4288205124262,52.33699287955216,0.8862430453300476,108.5173407914379,40.706999971591294,34.279814772032864,28.4670762473919,1752.1483534489255,1680.0,0.7955135745887641
1788706602811,121.56218280942421,50.2753646730438,0.29985159635543823,95.56978311772403,46.640406382523224,64.40440046317173,60.65618531697635,1738.5586428764166,1760.0,0.7116778873203506
1788706603059,114.04716912217027,50.32402459092028,-0.2649286389350891,83.69674117490149,52.76906559944069,90.30988893559928,83.22991534906718,1713.9312937741245,1760.0,0.6831154491431533
1788706603337,104.80611005167324,52.30465866449311,-0.9965570569038391,89.60221686295665,59.62012434682793,128.72262667916857,123.4711297835635,1633.0084576565669,1700.0,0.6459385402849319
1788706603615,98.11623400590551,57.00735978254183,-1.6843637228012085,89.56758540245423,67.62029069557273,162.76090170542798,159.27338943614748,1564.6132268231377,1700.0,0.0
1788706603856,92.04875315268208,63.31864965243602,-1.8460744619369507,82.56860499575623,76.10808736347818,156.5980732700131,157.5112701413051,1606.3376078321526,1600.0,0.6843586445664612
1788706604117,85.28649037278544,70.89896615095965,-1.8557509183883667,76.27136442760575,86.54361893287394,149.12145210913147,149.68970837777914,1584.7273799493412,1620.0,0.6364539472540409
1788706604372,82.62962521530513,79.93702325295277,-2.0426852703094482,83.72629736742898,94.81526700288505,164.41165743975387,157.15582438231186,1512.423958651311,1620.0,0.0
1788706604638,85.7704559085876,88.17765363558071,-2.651231288909912,93.99046736528035,99.0316676765158,203.4379679484107,198.61667711005413,1418.2772072545947,1460.0,0.5680474549096639
1788706604896,90.33113734928641,93.92285925196852,3.0241215229034424,100.20314761803272,103.3101374877567,242.35432727380538,234.2312348104674,1419.9563132951619,1320.0,0.7073667158134721
1788706605175,91.05001614788387,98.87116679995079,2.341341018676758,87.72229778472962,103.15030773585083,272.67445842096095,269.7818651584077,1447.8339015246436,1380.0,0.6775822961760585
1788706605444,84.8973648191437,102.84380574864666,2.187579870223999,73.73653896387702,105.65770932315039,263.95555458204643,264.18739331935154,1520.4001894230573,1460.0,0.7085217210275391
1788706605754,75.42315145177166,105.38164754552164,2.26108717918396,63.31837775396628,108.51588726139894,252.93629466957032,256.64391807436687,1582.1895171689944,1520.0,0.7186750001628153
1788706606026,70.92582161970965,107.89582500307579,2.4103035926818848,70.05593576546251,109.1132718866473,246.7890888303413,244.21652903588154,1524.4443875075565,1600.0,0.5730962656302336
1788706606273,69.27976593257874,109.4432920921506,2.4086484909057617,63.62742305213909,113.64877088706139,245.06931640243715,245.82995483571662,1524.264885971134,1600.0,0.5720101059848024
1788706606553,64.638542115219,113.26654389148622,2.419661283493042,61.38440450095803,116.49218669845382,238.0994244597485,238.6474846869752,1583.221217289286,1580.0,0.6510231163340404
1788706606799,63.657265009842526,114.91553118848427,2.4271316528320312,67.95424569977511,114.66802699299406,238.62174101062476,237.3825038543668,1511.1497238688128,1580.0,0.6415773316337738
1788706607103,68.86525071512058,115.04420483206201,2.437790870666504,77.07206071733809,118.19103332019225,242.50665840110725,244.6503826809251,1479.9497943809638,1560.0,0.568148232063903
1788706607349,69.00639571542816,119.32335560716044,2.398062229156494,63.677727912837696,128.0353310394965,235.2903965942647,237.15554040578058,1503.6447955653366,1520.0,0.5860254068785302
1788706607611,62.65153539462353,124.10039946788879,2.3916029930114746,52.41146733298459,125.03021912459842,230.05259974904922,231.10349674876227,1612.6895539359443,1520.0,0.7434458125838754
1788706607864,63.73824953094242,122.20310000922737,2.3802754878997803,73.11927517175425,114.0645811840699,242.07073968125772,238.74504965236602,1469.0172765171749,1560.0,0.5588524498206096
1788706608115,70.37497212567668,116.38757420337107,2.5192294120788574,81.96964626256107,104.83557802995419,241.68731199418428,245.712491818775,1495.8998955195011,1520.0,0.6121932470031104
1788706608373,76.04458546075296,110.11691836860237,3.0328304767608643,85.52378944492797,100.76522946148962,214.32061633048227,219.44902014039786,1489.5075297363062,1440.0,0.6868462293748451
1788706608641,79.65084526482529,103.38562492310533,-2.5519356727600098,84.13878739604704,95.08144028554288,177.49294440182547,182.65359691399965,1496.3130503281718,1420.0,0.705679176968514
1788706608895,80.30372439406989,97.84530519500493,-2.0024211406707764,80.75019458312622,80.95333284925914,148.07979525385073,152.51343126325693,1584.512332402093,1420.0,1.0
1788706609172,80.49054964320867,90.22072619340551,-1.4038509130477905,82.22015276028692,67.84884887519951,117.82936923141222,120.71723221589781,1645.7693043060785,1580.0,0.7632166490081476
1788706609455,81.79816298597441,80.4470656988189,-0.969447910785675,84.67770411499176,64.58820547443534,105.38323984244109,103.43972314434328,1630.3778316841049,1640.0,0.7638217137434895
1788706609731,86.63534810223918,68.7048964613066,-0.9360602498054504,98.98488821831944,47.30984483967474,116.27094100736137,115.11595604768408,1712.709978559047,1660.0,0.7738740248882049
1788706609977,94.02227446788878,56.31015567328986,-1.036620020866394,105.5636429349964,35.106511389258856,131.88516277045423,127.70158514494985,1796.5515413938438,1740.0,0.8106230332100975
1788706610253,101.0891555425689,44.24845537801427,-1.5628255605697632,111.40480863847577,24.60716545058135,171.7957019290452,168.37891052608802,1834.2898391737613,1840.0,0.7595063724178458
1788706610516,104.22987089382381,32.0977783203125,-1.9385284185409546,106.19629033884158,-2.1162515801242776,193.24569019380584,187.30823426129047,1882.461445566993,1840.0,0.8165217795622858
1788706610765,100.91346079908958,23.375114380844,-2.565911054611206,68.88820160059353,-7.7202641383079165,224.6718204495868,218.1247018869227,1922.7064922627085,1880.0,0.851704093582338
1788706611039,90.16049843134843,16.484867606576035,-2.675032377243042,30.315420198656337,-17.713450619217866,218.46581866174068,219.94651529308908,1909.5427288926594,1920.0,0.8241515938411339
1788706611336,76.00699837752215,13.570980762872171,-2.7517478466033936,47.26172035224127,20.385195801858465,217.87048617221458,218.12308002097492,2043.6623850549734,1920.0,1.0
1788706611608,67.95934962475394,18.562259223517472,-2.8094124794006348,61.748651462271376,34.69668665697295,217.82976329047497,216.97563556153816,1910.6272798985917,1960.0,0.8595392331241902
1788706611895,68.9288954847441,25.075786920983024,-2.7951645851135254,80.39969364945426,42.32703501196471,218.7048068465791,218.48773495677523,1786.0897112656992,1840.0,0.7209675160215958
1788706612143,71.21024064191684,27.736876480222687,-2.7967495918273926,66.3994618932133,23.136143977397598,219.84146873548747,218.9547608329501,2040.700902575109,1820.0,1.0
1788706612417,66.69721948818898,24.67422605499508,-2.762295961380005,37.148187908629986,4.366061786437816,214.84276744745796,216.2068956522201,1973.1469339713547,1860.0,1.0
1788706612662,57.23548228346457,20.48442930687131,-2.7427656650543213,6.531901754589388,6.6302712396668575,209.61885345629824,210.78962317940028,1855.081919633915,1900.0,0.7578679504631037
1788706612963,43.11263917937992,17.17194204255352,-2.7535624504089355,-0.43614287342370517,9.091301491390269,207.033013712422,206.87754053628126,1817.4383533938558,1880.0,0.6960236098669249
1788706613227,31.39396607406496,17.61748907134289,-2.7599048614501953,20.044195855294873,25.419833444829642,203.22281439773337,203.74965861593154,1857.6440350792448,1860.0,0.7174489444366048
1788706613471,26.71517439714567,21.733910267747294,-2.717224597930908,29.270701060271684,33.633816869903626,198.07793280577596,199.13021220842663,1850.074688581208,1840.0,0.7813794206369113
1788706613774,31.47243469718873,23.298524871585876,-2.9171700477600098,52.31806004874481,24.0576554758787,220.14559725316764,211.59656478413362,2039.696993947558,1880.0,1.0
1788706614050,39.784159022053394,22.828758419968015,3.083162307739258,78.53450415650109,19.981473403678635,237.63642949250647,237.9795454686168,2015.993421564256,1940.0,0.8863841494426781
1788706614319,53.1188628429503,21.95107527605192,3.0707547664642334,80.9482865108063,20.233163463795684,244.53826335136108,243.76736447031323,1907.5167233015866,1980.0,0.7411367229061369
1788706614592,67.63434462659941,20.813120443989913,3.0889976024627686,95.04368525974397,18.66986615506083,248.1910570677015,249.9710622643017,1887.365506363517,1920.0,0.7433042740544803
1788706614854,71.85043214812993,20.398984894039128,3.119453191757202,79.05090113300291,19.73578928038271,243.7230880919245,243.78385192333695,2011.8330734132119,1860.0,1.0
1788706615129,71.66872039554626,20.208745040292815,3.1197664737701416,62.74047639078927,16.07837372855297,241.92741325666694,242.4215649583545,2037.5329292960578,1780.0,1.0
1788706615386,66.62960022453248,18.459650475209155,3.1367132663726807,36.201467727997326,6.989245080447243,237.46194118990616,237.60149347607384,1947.3972429299913,1720.0,1.0
1788706615649,58.051623246801185,15.653797059547244,-3.1165530681610107,13.16590069226667,2.589475674875424,232.57101568106376,233.46385008275698,1865.9857380420192,1820.0,0.8553449879986081
1788706615904,46.955263633427656,12.89597638948696,-3.0993940830230713,-10.69452434799442,0.06356164772627526,228.37757449701704,228.51497007206837,1824.8651676597951,1860.0,0.73115740562088
1788706616179,32.84078282634104,10.497094101793186,-3.104184150695801,-11.36724198506397,9.6680008471049,226.00107663688215,223.80616145997593,1816.1825992521274,1880.0,0.7033750209921036
1788706616481,15.688172588198205,10.917132520300196,-3.1382689476013184,-23.786699307958976,12.498953391913727,221.96771208445483,223.88405141045592,1785.4891014288796,1860.0,0.6807366252027618
1788706616729,12.114242193267103,11.085828645961492,3.1291489601135254,17.109994949939495,10.754709306480839,226.80998967196211,226.82600619944316,1870.1996843463905,1840.0,0.7642698107204574
1788706617034,12.98416257843258,11.177947277159204,3.1312975883483887,19.670460270243304,12.254200047819277,226.78879603805785,226.7386166538648,1868.2232957743875,1860.0,0.7844262787553691
1788706617307,17.577771765040602,12.737044687346211,-3.1382529735565186,39.1696779513294,19.03840359789599,227.79201488021312,227.86652114918354,1927.7031468243874,1880.0,0.8390618069291831
1788706617585,20.992897814653052,13.897957388810287,-3.1295268535614014,8.834278822631113,15.606282698880763,227.01584382167903,226.94100627956138,1892.67932018311,1920.0,0.8341492275474122
1788706617859,18.592123196819635,15.731781486451156,-3.114842176437378,26.091005343373872,18.74409266154676,224.530622892061,223.16547824122873,1868.594874526078,1920.0,0.7104462695613697
1788706618126,25.13788178211122,16.18663877952756,-3.1130259037017822,56.3626642146982,16.180243141105446,229.10609742383957,227.9950455573025,2017.5231620676905,1920.0,0.9374650276238523
1788706618387,37.38382654865896,16.033710870217153,-3.120434284210205,82.09948510886852,15.57668454078425,235.4168118833939,235.2499995092322,2000.2084968870934,1960.0,0.8682294415053352
1788706618656,53.660316767655026,15.796558049720105,-3.1265134811401367,101.58015092935909,14.547268006112077,242.77565034192702,242.23701319795842,1892.3699070900436,1980.0,0.7018526885769629
1788706618916,62.47857041246309,15.370219072957678,-3.0583701133728027,77.13781338521939,14.54981813629073,235.7932683343798,235.9736907536053,1997.0088781902568,1840.0,1.0
1788706619192,63.909599724717026,15.378052718996063,-3.0504302978515625,65.87405359937522,15.443656710142694,234.11907542195613,234.26387131766526,2011.536441908232,1800.0,1.0
1788706619436,63.80574864665354,15.349210003229578,-3.0449657440185547,67.14936511688269,15.877425762091532,234.27112007604063,234.38835643494218,2011.3353904238954,1820.0,1.0
1788706619700,63.80895899975394,15.081277682086615,-2.2809884548187256,65.89673806985529,17.129712905020156,173.28829509327272,182.95900769307357,2003.6735736544533,1880.0,1.0
1788706619981,64.09617026021161,15.509243462029405,-0.9112928509712219,66.58897365063372,22.6245390617618,89.04955937527225,101.35492883291681,2008.3369852741057,1940.0,0.9349599043743633
1788706620249,64.3289977546752,16.34511151651698,0.08902423828840256,67.16356540552775,18.800199035679608,47.44357322466908,46.575565527458934,2005.212329894061,2000.0,0.8407088601611689
1788706620512,69.05166265532728,16.804461141270917,0.11877124756574631,90.89609632464534,19.565001891880858,55.86037037703687,55.0178609803894,1917.1016118739587,2020.0,0.0
1788706620762,79.95533379982776,18.065109853669416,0.14224642515182495,103.08902950835693,21.63958228688265,61.643625064831895,60.816362323053966,1880.560023627629,1900.0,0.767777892759679
1788706621019,94.34776005782481,19.657378910094735,0.07076852768659592,119.83491430111617,21.387172176647134,76.12477085758275,72.78062937981338,1826.7248133024807,1920.0,0.6722446961969162
1788706621315,110.96204862819883,18.297958974763166,0.013590510934591293,130.8621237613406,10.824978483191591,81.93864549522516,81.82978236732532,1797.5872847153894,1860.0,0.6887884943430559
1788706621576,120.34439207062009,12.630486676073449,0.030364688485860825,129.1857528636219,10.209935150771992,85.32898459288742,85.81894950486674,1809.5003400430776,1860.0,0.7084091195600593
1788706621846,123.51149191067914,12.661719134473426,0.06855028122663498,128.90799878110107,12.63556948623303,79.35674049334898,78.5128441329324,1820.3473795025545,1880.0,0.6974518650428251
1788706622128,130.1462633027805,13.106028639425444,0.05310457572340965,135.10679885678942,13.21667168458859,86.52541668817128,85.4858874539679,1778.0934042905114,1860.0,0.6646269184067427
1788706622390,131.3198011503445,13.290152962752215,0.05097740516066551,124.51234642719044,15.293049983576802,83.86173151919468,83.3112140225183,1789.6199330373784,1860.0,0.6839934334073624
1788706622662,124.78205162709153,13.625616839551551,0.0018894036766141653,90.4678550841436,12.901290223025347,78.84096788505383,79.36608411186563,1919.6995307980953,1840.0,0.828609567759309
1788706622925,113.52114219365158,12.951446292907235,-0.013194862753152847,55.142658898676146,9.773133501618123,72.81691448622746,74.32670055327205,1977.0144494078336,1880.0,0.9023750529183732
1788706623212,97.84210445374015,12.987803061177413,-0.023693863302469254,37.926964930210175,12.086236518714331,64.80941157000652,67.2899020862595,1905.6058273653002,1920.0,0.8528359234175396
1788706623479,90.7897276390256,12.959284744863435,-0.0428813137114048,78.84199812588592,13.529435214831054,69.3059477839732,69.2321227045815,1999.7338190740747,2020.0,0.8161004354225473
1788706623739,89.96285025529036,13.037678876261072,-0.03987676277756691,89.61077209096463,13.094868314740495,71.09363106427257,70.28923593404068,1969.109269242219,2020.0,0.75389305867502
1788706624023,90.04499300258367,13.030296986497293,-0.038752857595682144,88.20278849047907,13.376227855783961,70.22029004513576,70.1937262816281,1963.355537440711,2020.0,0.7596402736097532
1788706624272,90.05629652128445,13.033722404419906,-0.03847438469529152,88.16330601340297,13.309620893208132,70.28274167448329,70.46838647546585,1964.0016482624071,2000.0,0.7832761475937408
1788706624545,90.06153497170276,13.039022130290354,-0.038246456533670425,88.64906633736231,12.72499991214527,70.2424937499094,70.47364442151408,1963.8126129600575,2000.0,0.7835224249941262
1788706624822,90.05314383919784,13.025591992956448,-0.03735429421067238,88.17677489882578,14.098761442380368,70.47711289303042,70.00541348253466,1973.807841879996,1900.0,0.8775514025482568
1788706625084,90.06293829970474,13.036346435546877,-0.03833848610520363,88.38494844353643,13.606931437936856,70.48153314385497,70.49870816171378,1965.8116958593002,1820.0,1.0
1788706625346,90.01880075049213,14.907954659048967,-0.03472072258591652,87.8817855989654,27.50109514461073,68.45126813926777,69.05363883346811,1897.3969896977208,1800.0,0.9010893162534344
1788706625606,91.22946911909449,20.708536463459648,-0.03564721718430519,98.7406087193522,37.38200847432464,69.14968037477412,69.26620529322985,1835.487698349934,1860.0,0.7545720503527797
1788706625854,96.90408541461613,25.422894335168554,-0.010412994772195816,108.31250061448877,32.87674508559587,72.4628862540479,71.90919275709354,1829.1097517347562,1860.0,0.7473396154571044
1788706626137,107.11937130905513,28.565822811577267,0.029663261026144028,127.57543312338865,29.896512935177462,78.20532916850095,77.66769869522739,1772.7511019992132,1860.0,0.6559236855855667
1788706626404,120.46893262487698,28.32308070866142,-0.12279684096574783,138.50058511438,29.8370318951809,98.20725799054682,90.47821136099742,1745.998863198088,1780.0,0.7059749788360454
1788706626708,128.28458530696358,33.162567859559545,-0.26762181520462036,128.90789692628627,43.19078091446167,101.7337858314151,103.86873574975431,1699.85304115642,1760.0,0.6618415359178456
1788706627020,126.74898883489175,37.68427330677903,-0.1579769253730774,127.74368669695065,40.775591650094206,87.58688564532972,88.65431975270468,1721.1423417780773,1780.0,0.6524326697608139
1788706627309,132.68888218196358,37.112020657757135,-0.1372407078742981,146.54939727613993,36.690434684846736,97.17632273701905,97.31522094557175,1712.7050100652593,1780.0,0.6579287258781746
1788706627612,132.00337567667324,38.83103978915477,-0.04385120049118996,119.74159920387054,44.66134485876502,83.24830133760952,85.67807999918118,1715.6003699335522,1760.0,0.6828880166704492
1788706627897,123.8077575203002,42.698498823511315,-0.054379288107156754,105.9576393584951,49.604218257488185,75.5080449264021,77.2192292900092,1708.1197164222347,1760.0,0.6540818044520023
1788706628163,115.57097187192421,47.01716385488435,-0.4590490460395813,99.06524854933646,58.33023853837769,99.6166380284224,99.17466078775867,1638.125866974461,1740.0,0.0
1788706628410,106.47230253444883,53.34912878321851,-0.5427072644233704,85.68088469202655,67.22835185408844,90.57009578396023,93.4102577568103,1573.8553190054154,1600.0,0.648311647196098
1788706628661,94.79716143270177,62.29004867433563,-0.5438817143440247,73.90084740218227,78.9537333985526,78.71501566718118,81.67721638058461,1645.9242425532427,1640.0,0.7082792630064607
1788706628916,85.11046882689469,71.4534729484498,-0.7697694897651672,70.74412192807863,88.08620351346687,90.59474902620406,87.22427736917618,1557.3377219416707,1660.0,0.0
1788706629198,81.4801650159941,81.54009481114664,-1.1980942487716675,82.7636779703214,95.57397761072077,109.01196657786788,109.5897833722848,1524.5779303090437,1560.0,0.6214418870357481
1788706629445,84.39065768024115,85.70418230191929,-1.0860360860824585,89.09216602482223,89.58419758255961,101.97535044569113,105.41984635618853,1475.762584776095,1480.0,0.6211445614953346
1788706629698,88.6742779589075,85.46096441313976,-0.6134560704231262,94.50774069704877,86.21744184089233,78.45118480387086,80.88155599677236,1470.715391505711,1460.0,0.6407362876243949
1788706629957,94.93635042445867,85.13409471887303,-0.10145504027605057,106.1616031708837,85.2706535640083,55.5882064316898,58.2757527493814,1465.15959901782,1480.0,0.6216774783020022
1788706630255,106.55185008612206,85.16246885765256,0.060375865548849106,130.06234066617455,84.44818779505333,66.65097033001717,64.55218250611608,1390.954724169888,1480.0,0.5030158066127155
1788706630534,120.63688022883859,85.07576048843505,0.13293331861495972,132.96411500591577,83.1851303741426,79.1182711922055,82.03515714265382,1479.8181828101974,1480.0,0.6392688835466679
1788706630779,121.41549658587599,83.71722364050197,0.3410479426383972,106.79295021296728,77.40222751462704,49.87679689159751,51.51007458827604,1495.8206154035663,1480.0,0.5770429443613841
1788706631048,115.99071112204724,83.45289816067914,-0.004929844755679369,91.96055199819521,85.30433510288773,64.06589688473781,59.2493425685679,1493.563736129473,1500.0,0.6363930350791313
1788706631304,109.29532749446359,85.68068136380414,-0.5689919590950012,94.70413394630248,92.9901390434709,88.96185711429405,82.52531917265632,1388.5328205786802,1520.0,0.0
1788706631582,101.2246535894439,91.50067667322836,-0.9278572201728821,87.4471212837464,105.33005709130784,96.40414815840174,99.54042013401047,1432.5933173510425,1400.0,0.5915641084239254
1788706631826,97.14802419106792,98.42259204293799,-0.9456685185432434,94.51913336084124,101.20481637942504,93.91233954993612,90.48872384903885,1427.9168285686264,1380.0,0.6434913074962243
1788706632117,99.41002552903542,96.0297928457185,-0.5594432950019836,103.94189493264318,88.60891310668212,79.56734498060712,80.56529938275453,1430.951803879009,1420.0,0.6025429526707055
1788706632397,103.61459807148131,90.93676950049212,-0.06446916610002518,109.78621995328615,81.11501253249023,59.05620647513669,58.805751821973814,1474.864416595795,1440.0,0.6563331652251699
1788706632642,108.60235259288879,84.62613804133859,0.022636588662862778,117.8794570190499,72.55164601334981,68.16954958010433,67.06157182847613,1529.2314228182463,1500.0,0.6671280823262643
1788706632920,114.81636588029036,76.99134646438239,0.04441326484084129,124.19635590022234,63.09076372335871,73.85949283600513,73.64214123786178,1582.1109691666359,1540.0,0.7076676957322638
1788706633175,121.3309508796752,68.91743817667323,0.06832187622785568,132.53250064739555,54.60302776629199,78.84182731671717,78.9575810741058,1639.2683254827953,1600.0,0.7361532502963363
1788706633431,128.93264410063978,62.7329620601624,0.287641704082489,138.61999757589808,50.82578112328637,66.8861814282368,70.80879683492083,1651.1409296987347,1640.0,0.7039246146833444
1788706633676,132.81564307025099,57.32690045214075,0.5467368960380554,128.78462204344854,51.330165850360245,53.69975568869825,55.400347988688225,1681.6861707373916,1680.0,0.6959922538789922
1788706633955,129.8517854945866,60.13505590243602,0.5843440890312195,124.24643831239557,68.66569122027602,46.503864315876456,46.602154079331285,1562.5453128478164,1660.0,0.5785030635267067
1788706634228,130.62761441929135,64.3936661847933,0.6098715662956238,133.33041175292038,67.10408739994392,50.164271916083976,49.554007281981626,1574.9214810156375,1600.0,0.6393614887321445
1788706634485,132.7619129090797,64.87338328924706,0.6277996897697449,127.35255507025462,63.5569471440675,47.65188568331325,48.632198971260266,1588.5611348644798,1620.0,0.6532086559352028
1788706634740,132.5046905757874,64.74138395054135,0.6323825716972351,130.8513566663407,63.75734926629824,48.666824069445454,48.86596810279184,1589.7570162841228,1640.0,0.6178546755082178
1788706635002,131.98141263225887,63.0238402359129,0.6360399127006531,126.21841297713408,48.58208206889495,47.46232392088319,47.19468169437084,1664.7739840021102,1620.0,0.7387632822542215
1788706635279,131.04014479269193,61.40128068097933,0.6433131098747253,128.42762137313935,54.97835044850645,46.71651044769027,46.84944212924984,1617.38857992858,1680.0,0.6147029920211389
1788706635579,129.56445889210138,58.42420683132382,0.6513473391532898,123.52592705731553,54.19147983397546,44.902192363381346,44.913123677759984,1676.2381039666889,1700.0,0.7027420682688396
1788706635862,129.2205762487697,58.20287509227362,0.6509215235710144,127.59528324907474,57.02830907669117,45.725291555129274,45.973056898129755,1628.8423848227546,1700.0,0.6199422773922194
1788706636152,129.29220364788387,58.29612431563731,0.6510793566703796,128.68409441022214,57.517065635332195,45.75676709577726,45.981825196987415,1628.5673558366218,1700.0,0.6186022579521696
1788706636428,129.3894850362943,58.367612343134844,0.6501967310905457,127.1158462088215,56.38602990764174,46.23450522598472,46.35664276961904,1635.834438042078,1660.0,0.6583559734235076
1788706636755,129.36846395177167,58.34391436238927,0.6507503390312195,127.75141931737255,57.0274569002369,46.337870743839744,46.11348450613531,1630.821336118317,1680.0,0.6339339702774709
1788706637028,129.37717227485237,58.353785717581204,0.6505457758903503,127.7462971197805,57.26682352441821,45.804967250838445,46.042404302112345,1627.303392202251,1660.0,0.657067612095338
1788706637290,129.37222217950296,58.34428922397885,0.6501676440238953,129.64327280967254,58.56521601653819,45.60410673100387,45.97021294181434,1629.4679131145954,1660.0,0.6566813105826703
1788706637578,129.36765655757875,58.35650586706447,0.6514236330986023,127.75364584809519,57.00285263618526,45.98499703016614,46.52566757559106,1637.8246748408476,1660.0,0.6537146434483251
1788706637826,127.54549281803644,57.850413885642226,0.5901843905448914,113.15396612031118,56.07210871178917,48.297482306622896,45.31893425504893,1668.4292740604203,1640.0,0.7006660601710649
1788706638084,121.87918114849901,57.551961583415356,0.29814451932907104,92.83177128935255,56.06338491790844,57.08534354968549,57.73048311403414,1652.7801415348436,1640.0,0.6756259158926197
1788706638356,112.2200072281004,57.48550054595226,0.13526886701583862,79.04132904395306,61.416627807256276,60.01719687576008,57.29118804316619,1710.8599063581817,1680.0,0.7440072910855893
1788706638628,102.94443205585631,60.58730238065945,-0.3609183430671692,87.3941389271509,69.23875311581962,80.95098999431613,82.56864599992393,1580.8268787750385,1640.0,0.5888749684462083
1788706638875,94.23970380167324,67.17837836798721,-0.44930869340896606,81.02723819455245,82.21611937367281,73.81867500882149,74.67116294060767,1610.2322303458968,1620.0,0.6775281456304812
1788706639138,88.80313422736221,76.14559143546998,-0.45211678743362427,81.77037318397953,85.81094921721113,69.14577718302908,68.99801562515793,1546.3398701582964,1620.0,0.5829023136389192
1788706639406,86.99853131151575,78.14889021745817,-0.4406483769416809,83.63203831123002,79.25651423610822,74.03645962908882,72.99574646353976,1586.9874006249388,1520.0,0.741121881743185
1788706639679,87.24582461860236,77.83970149483268,-0.4395373463630676,89.00846945542003,72.02227168597224,76.01169535680032,74.80088703879127,1563.086344299739,1440.0,1.0
1788706639964,90.96498984990158,73.41904046967274,-0.4630149006843567,98.41427069097779,63.45572614394045,85.89471064135753,84.58412541166771,1528.570900865994,1500.0,0.6756004889789013
1788706640214,97.71813099778544,66.59730445681595,-0.4603007435798645,112.90516391276162,56.258208252295965,95.80865749535182,94.8987887541194,1633.0889013006013,1580.0,0.7538078106557775
1788706640506,109.76033849040356,60.924754705954726,-0.4637029767036438,130.75926998229602,51.142331933107755,105.77347606102491,104.44415759384991,1645.4802402713265,1640.0,0.6957789689253747
1788706640815,123.55858990526575,52.52913347379429,-0.4243519902229309,141.51945155194255,40.79012594261843,114.03109300062295,114.38792160877654,1698.6274131764708,1700.0,0.7041810624538426
1788706641100,133.35877906619095,50.73136457308071,0.06725471466779709,140.40219930520254,54.31838793327013,79.42195370897389,82.01970273357126,1655.0172467766345,1680.0,0.6823563247610639
1788706641401,133.73400590551182,53.86815348948081,-0.05490237846970558,121.14891064677848,56.9172457546715,86.48641991235553,89.71403452324454,1624.4655071905452,1680.0,0.6349869602805098
1788706641683,125.30190775713582,56.06298251414863,-0.3584216237068176,109.4404097023421,63.26588580876444,96.04344283478585,85.89125874010601,1611.1981414988932,1660.0,0.6555222211006002
1788706641966,115.59686615711124,62.103146530511815,-0.6138327717781067,94.99417564467927,77.88900038058208,99.0424624805353,104.94781159183496,1530.1507541862081,1580.0,0.6262129605375772
1788706642228,104.42605807086615,71.78715743417816,-0.6175320744514465,86.67543176947397,87.70378237271416,82.14290149778435,82.58257649853641,1507.6435081675615,1540.0,0.6090844218420884
1788706642503,93.07349017285927,83.01212821419784,-0.6119197010993958,76.52001747484272,101.57910780372164,68.68791491855112,71.21812757784781,1533.455191978622,1540.0,0.6407853879127795
1788706642760,87.58346918061024,90.22946335199312,-0.7456648945808411,82.34110586923371,95.63428640319916,85.07857359153438,81.77438987456182,1507.5037187292855,1540.0,0.6183752958650012
1788706643016,90.11043999138779,87.68665223609744,-0.752765953540802,98.36141511765727,79.15233604688159,95.805405673375,94.00834730165914,1500.029426477136,1360.0,1.0
1788706643278,97.85542645792323,80.28814360851378,-0.71052485704422,112.65861463524784,67.74798675140109,106.39690433412406,107.20020964202271,1562.3682077836422,1480.0,0.7372170794697399
1788706643568,108.03139994463584,73.46349040354332,-0.26106053590774536,125.59411827152366,63.77081776352557,87.30927252696242,85.01838027083161,1582.907862231635,1560.0,0.6870473170496565
1788706643823,120.78014463890256,68.13250684362697,-0.19888192415237427,143.883337576159,58.64006505541492,100.38106416566501,96.73027859691952,1620.3499314620074,1580.0,0.7013223042994441
1788706644124,135.8119213674951,64.41816194789617,-0.08999330550432205,151.3741080240844,62.69679075665963,82.9258488740176,86.34051563864776,1623.9282441242563,1620.0,0.6852076592300422
1788706644420,132.1282334215059,63.49000465212845,-0.02896052971482277,102.45585907217294,65.47769468087645,79.40715167514571,82.63102481226255,1573.0601942481571,1640.0,0.6323168434837257
1788706644754,119.68371293676181,66.59270038754921,-0.01937801018357277,100.59042703651969,75.16940094396196,66.99836304741451,67.7917958092164,1539.2475376161835,1580.0,0.6175177720255015
1788706645012,112.29287455401084,72.20805971641241,-0.2743270993232727,100.06813913901638,82.47844541761262,76.93033009182133,72.77734605610542,1498.7919826439377,1580.0,0.585735555214288
1788706645271,106.98631466843011,78.43690887210876,-0.8195627331733704,95.77402141106414,93.7613545813405,106.20112005031287,106.29499299240035,1389.0459748960275,1480.0,0.5507666912699596
1788706645552,99.93998369832677,89.43630428764763,-0.9221833348274231,88.48223800216536,107.49377819257758,87.80569571163181,89.72736288208482,1448.1452265147548,1460.0,0.6037892027995201
1788706645800,93.00293929933564,100.71723517470473,-0.9471381306648254,83.89437202044431,114.82851952402703,77.21037072299808,77.42174039385193,1459.5806894019886,1440.0,0.6270897513929065
1788706646090,91.77579624446359,102.83248300627461,-0.8683241009712219,92.98208557342778,100.2133055784464,89.22562857947156,89.24526399978336,1432.8468717113922,1300.0,1.0
1788706646352,94.76746086060531,98.31519900344489,-0.561847984790802,100.46094698240908,88.15800252985048,78.86429998536764,76.26585338176966,1417.768206140647,1400.0,0.5723887079587278
1788706646621,100.23609551857776,90.72803887795277,-0.5035250782966614,109.5127044016586,76.95823362346482,90.91430192021842,88.41362900412724,1510.5225945556897,1460.0,0.6722679117410799
1788706646902,108.47882128137303,81.72667976439469,-0.4807170033454895,124.4298176837259,68.94782596033816,101.72890593552127,100.30229578760849,1559.1193836930565,1520.0,0.6922380559417305
1788706647208,119.15269746555119,76.0415817621186,-0.09985096007585526,134.30145408755928,66.19801647598169,84.23297774815057,84.71861254612612,1563.4719402310072,1580.0,0.6324139309314778
1788706647471,126.80486243540848,67.62014794537401,0.09091918915510178,133.5416050806237,52.19634905885363,76.01852288839285,78.9667771509782,1644.8387853334054,1640.0,0.6907210093220962
1788706647735,130.81898606668307,59.29682213490403,0.4576365351676941,136.37565582066256,42.32705268069003,58.51173329368481,58.25560354480922,1696.3001219467765,1660.0,0.7372236903067256
1788706648011,132.06586222010336,56.94944366695374,0.5246245265007019,127.85357922947955,62.62895876535522,54.08977055669084,54.429742652553216,1610.7589267877383,1680.0,0.6259243096142515
1788706648257,130.8594711183563,62.06519900344488,0.5185315012931824,129.63077791583945,70.70113726164757,52.693330051473936,51.65298957328156,1541.6763348682398,1580.0,0.6049202596802942
1788706648528,133.27099417138288,64.69882754828987,0.486921489238739,130.02037520638223,62.64073648093668,58.28112003285639,58.84466975287933,1586.0123273338168,1620.0,0.6264370612804739
1788706648777,133.05677519069883,64.59172766978347,0.4903952479362488,131.75765975027016,64.05114143551965,57.50379323864661,57.26758972166857,1590.017780516954,1620.0,0.6450217570990282
1788706649063,133.05524690883365,64.59316463921014,0.49068039655685425,131.23438416319448,63.40642178487642,56.98845758108939,56.9780107263839,1588.9795324189367,1620.0,0.6415657609593319
1788706649350,132.94535479207678,64.54369252122294,0.495125949382782,130.8261368625313,64.07162100975518,57.25035602768435,55.91616631643285,1587.0456701683647,1640.0,0.6304441390714984
1788706649592,132.98630121186025,64.5685102808194,0.4943224787712097,131.414013707523,64.38215895097368,57.06554384697802,56.778537890023586,1594.5802873895325,1620.0,0.6464495947144057
1788706649890,132.97262356975887,64.55802857406496,0.4936344027519226,131.1481980621506,63.293743372902966,56.81301015457126,57.413514174375166,1589.4400687414834,1620.0,0.640852246046214
1788706650203,129.09151813176675,63.89939676119587,0.4937898516654968,106.1655400142486,60.84533984218351,49.53465568248174,50.80363606588253,1607.388598177884,1600.0,0.6848868577556753
1788706650512,124.85418845349409,62.58384884811762,0.48767632246017456,124.98600046372856,61.16508946443272,49.43287877217233,48.646849594549224,1624.1648492650388,1640.0,0.667853316864576
1788706650813,129.89561546505905,63.164110559178155,0.33122557401657104,138.9876210937533,63.49110826889858,71.1889471026733,64.0817345705268,1594.0370026051153,1660.0,0.6155687750671365
1788706651133,130.52693044106792,63.174722025713585,0.23085087537765503,110.97912442944525,61.228218288499704,66.80936888423491,73.09128131719524,1604.9525804935095,1640.0,0.6262393065203982
1788706651435,123.34859052042323,64.27582988588829,-0.20476800203323364,107.86205351059219,69.77269978315533,88.16230797167336,85.18572715707401,1561.5467361983224,1640.0,0.5978015329151758
1788706651692,114.80026605561025,69.0455062746063,-0.331167995929718,94.12673226957062,80.98453920579809,78.6790712558134,79.52122749077675,1525.2708679280804,1620.0,0.5589267637487412
1788706651965,103.72344249815453,75.68724624753938,-0.3480904698371887,84.65442257959714,86.86721792582854,66.49190864393252,67.93997736311141,1528.934445733046,1560.0,0.6119893120554191
1788706652245,94.12457323449803,85.22500346026084,-0.3111289143562317,82.52829995145902,100.27390823069263,54.76873693351912,57.26079248730863,1499.3626230004882,1560.0,0.58113246191369
1788706652516,88.79280150406005,94.13788562684547,0.14084738492965698,80.69939559240021,105.3134567235707,22.2,22.412006161574546,1507.5403026785193,1460.0,0.6898937733512177
1788706652799,85.9271865003691,101.60183163139764,0.8038589358329773,82.4325367369103,109.26594583450257,335.1918688190064,339.11758979136204,1487.2752882144123,1480.0,0.6432281634532536
1788706653086,86.27940260519192,108.62962137057087,1.2571183443069458,89.20329899949179,117.9514378212307,310.2404256210795,309.76910908242,1377.8682129705846,1440.0,0.5769237568571995
1788706653357,87.93946273683564,118.32729069266733,1.3116966485977173,86.48138690497817,127.09237153838278,297.2852081949377,300.42732525251296,1433.8710717103359,1340.0,0.6762259426081236
1788706653621,86.38015386626476,126.17419145238681,1.64547598361969,84.91174059272686,136.12324198346093,265.6051956781333,267.7492859773527,1488.6847274621027,1400.0,0.7149863770838888
1788706653915,86.83324618602363,131.7161451925443,1.7094179391860962,86.64777966054359,132.04923942775207,270.3326186644092,268.2495378012121,1457.970039490237,1480.0,0.6097075230661507
1788706654181,86.81037962906004,132.24605530265748,1.7028547525405884,86.86585620938767,133.51298032032022,272.66986960979006,273.52587477898237,1451.8701529984526,1500.0,0.563168373835284
1788706654455,86.72188345841536,136.72059547244095,1.613853096961975,85.59385518325044,133.87683212449576,271.82323050479897,268.6644181322802,1485.397425998713,1500.0,0.643215632759571
1788706654755,86.33040300504429,132.8064253198819,1.5946441888809204,84.30927347023295,109.59730508842935,284.8664624946168,281.38662934998524,1429.7801649864425,1480.0,0.5538890306724567
1788706655003,85.94759242741142,123.07989165538878,1.6343785524368286,84.41014030244868,86.46991215382286,296.58085554196987,298.2943658528811,1503.55896971243,1480.0,0.6734282102783874
1788706655260,86.12695889210138,112.95138141301675,1.8202883005142212,87.6580753397987,93.90933456731742,291.77207120935174,292.21918511695714,1470.1842725415795,1400.0,0.7460757417428648
1788706655523,86.57257320374015,110.28184785617619,1.8411756753921509,89.04879863085044,108.10223357409967,287.7788283067565,287.62841914224794,1456.0394206697545,1320.0,1.0
1788706655800,89.217269777313,112.37753560223918,1.7627979516983032,94.67652997883555,113.76868872551238,292.81813516804,287.7259898443748,1324.5535297117906,1360.0,0.5532910798054684
1788706656078,93.60810047059547,114.83753114234746,1.2318631410598755,101.58262606958175,117.56306822005133,329.9632457584263,323.3586579498408,1323.1100436290558,1360.0,0.5097678982970517
1788706656360,100.21698718934549,119.89987350824312,0.9573866724967957,111.4416445138728,130.39796238891148,333.09294926698897,332.81939161135807,1418.3609244456636,1340.0,0.6629071402779573
1788706656627,108.00945612389272,127.59247547059547,0.9521514773368835,122.01912161417859,141.15693964436085,313.8685577361218,319.04253696553764,1493.0896081658188,1400.0,0.7139680372801782
1788706656911,113.45139871432087,132.5822388656496,1.048319935798645,113.8043710012862,134.74597906585237,314.0367394441711,320.4323137649654,1476.6564701188988,1500.0,0.6192420343271647
1788706657186,111.1877153051181,130.75436569574313,1.3909279108047485,100.10457721874114,116.90337422564834,300.50421490438305,303.51429065259856,1306.246580045134,1420.0,0.0
1788706657427,107.86783533772147,126.76597294844981,1.8128944635391235,96.17003398091188,110.08329037464821,279.82584877782426,283.489320605398,1358.6978321492945,1340.0,0.6053205793828198
1788706657708,103.90771099901575,121.72725647453248,2.393048048019409,91.2274894358346,104.46582361597976,248.78322292230797,251.59871599524251,1428.3712925038794,1340.0,0.6929117650427709
1788706657957,99.43894754244586,117.45864027128447,2.9420506954193115,87.58431420810875,106.79213781673101,215.35372611689004,218.7728020432279,1451.6056857302165,1420.0,0.6757267338546895
1788706658224,94.2227004644439,113.87124369463584,-2.812748670578003,79.51009345774716,102.63282081331576,184.79827937119268,188.32353713423834,1511.83045280638,1460.0,0.6760428819095703
1788706658491,86.98526697834647,107.97468050258368,-2.5743062496185303,67.04585207932223,86.99126502611846,179.9420391726556,179.7383230267201,1567.4577249766587,1500.0,0.7359536216731173
1788706658821,76.22270719272883,98.2542984128937,-2.5083014965057373,42.438239846370934,71.97952005800927,178.98381993975937,178.82224023810437,1735.9299723515187,1620.0,1.0
1788706659119,61.41809178149607,89.11751814714567,-2.4853217601776123,21.2469112496782,67.91396081753761,174.9687443313939,175.55567465815244,1752.8396210979336,1720.0,0.7600208888238422
1788706659377,53.245590089813,85.26607483390748,-2.4268672466278076,46.80172472214415,79.60635931982422,169.87725937454232,172.64068252715663,1738.741198626141,1740.0,0.7527789441477608
1788706659631,55.510157787893704,84.82039323941929,-2.386596441268921,66.4791668206959,86.52382420060505,171.7244163642397,170.56544209134586,1619.8018895610662,1740.0,0.0
1788706659904,62.10344930333416,84.93122731606792,-2.3898932933807373,75.73984192520025,84.06672047308898,177.8616441308741,175.21785672955698,1579.8257023744309,1620.0,0.6010370453492598
1788706660152,66.5633025882751,81.55301311823328,-1.966067910194397,70.05391805626812,75.43728643402791,148.51481475472173,151.35879867706203,1668.9527493629419,1620.0,0.7382356728241971
1788706660411,67.72179791307825,76.14507239634597,-1.4436498880386353,70.6198219766392,54.961467119596435,119.49374424910692,122.88565639305818,1727.9411059862261,1580.0,1.0
1788706660661,68.33326925442913,66.39917568897638,-1.2392984628677368,68.41021589505603,30.335888914646965,120.61221278606662,120.17267863227374,1942.9549045426545,1700.0,1.0
1788706660915,68.04871086060533,57.54660298505167,-1.501794457435608,64.1791032439613,24.14208761537339,145.5084209666479,142.02626720107088,2005.5558868189887,1800.0,1.0
1788706661176,65.29300239142471,47.320080854761315,-1.8076692819595337,47.68634114605615,0.46821747894296095,159.00047303534726,158.57898026215148,1977.1539397859233,1860.0,1.0
1788706661476,63.24975682055857,40.13490691898376,-1.7830482721328735,68.4361790278418,33.94204569799161,156.2971492652205,156.43805732812274,2031.2373560100846,1940.0,0.8831522150740791
1788706661734,65.60817448172983,37.97165037140133,-1.16775381565094,68.86180855736706,36.70051046697285,116.69654539751451,130.94149996262195,1833.0436607432598,1920.0,0.6747410084763736
1788706662029,68.65055114265502,35.8621696412094,-0.8004747629165649,80.84876544139884,23.084302302851547,103.12148912171266,100.33003495327716,1986.078940009981,1820.0,1.0
1788706662313,76.26418226347195,28.68714580385704,-0.5265060663223267,102.45438770020338,7.940281751626355,93.81904960626103,92.26718592418922,1942.3081210162595,1880.0,0.883538882875797
1788706662567,85.14308178518701,24.633926031157724,-0.28187429904937744,102.0955340546733,21.000079164365662,82.43982719213183,84.81476308280953,1881.888517853769,1940.0,0.7307734931070282
1788706662850,98.86634165846458,22.520043080247294,-0.19140399992465973,121.90201360444378,20.263490857994583,88.50911322214137,88.15641835662355,1826.3283616614297,1900.0,0.7013728986757308
1788706663094,108.764388917938,20.484873854269193,-0.18312419950962067,118.96215755826253,16.358489807807086,90.12230062898716,89.16036313750296,1822.4953320384475,1840.0,0.7405490991900994
1788706663353,107.28151336429627,19.947067621186026,-0.1935964971780777,80.3482824781731,21.999208180697117,83.04219660625928,85.18546156899576,1896.5747816525316,1840.0,0.8259917005194443
1788706663630,99.67719611220473,20.08486529973548,-0.18929733335971832,53.608630735631756,21.315331062557956,77.02249306435944,78.27277050538592,1998.5104981616732,1880.0,1.0
1788706663924,86.74870047982284,20.445722444789617,-0.19019855558872223,43.60527669634463,24.914290398799672,70.99572538516358,70.4832888284079,1983.393417413632,1960.0,0.8057048178794799
1788706664178,82.27918730007381,21.054228534848672,-0.17885936796665192,74.05511325758042,22.65623281914909,72.58644330552261,72.3358294952517,2090.8805266658105,1900.0,1.0
1788706664448,82.01236274298721,21.12434447281004,-0.17448200285434723,84.0909215961014,22.532370596076493,74.03205420191608,73.78506420909943,1955.4777113618109,1880.0,0.9327436765495781
1788706664706,85.68426657849409,21.773028035802167,-0.10058081895112991,99.31521479654832,25.526180269511823,71.53104174924161,74.08742831445383,1879.8367172951646,1800.0,0.8653465575782601
1788706664954,93.44309408833662,22.722028597133367,0.09355770796537399,110.98913748123248,23.519615664010242,67.54139362801845,66.06673809617575,1857.2780241605485,1860.0,0.7867375698604655
1788706665263,107.60202002337599,23.243415412001724,0.0175546333193779,127.82599086968939,22.353841630795017,79.08122058553369,71.75505070297754,1793.8218200817284,1880.0,0.6866081090122621
1788706665529,120.79208253875493,22.214780792476628,-0.26692354679107666,144.85380110606164,19.794632929460136,105.06134896887765,105.029673668456,1760.8022383700024,1800.0,0.7022833862753315
1788706665802,129.34106060839076,18.57530128298782,-0.32414400577545166,129.9918148211816,15.059767211845426,106.94845827489884,106.64807068551353,1783.8590490546278,1800.0,0.7147918542684987
1788706666083,126.1880324956939,18.140625240295893,-0.3221012353897095,104.37408415700232,21.602988902983746,98.45563335679788,99.61546036377193,1870.6417489225478,1800.0,0.8191445604973633
1788706666385,116.58673143762303,19.762003740926428,-0.24125827848911285,96.30874157750355,23.444546920909485,85.85937801865792,91.43752959329656,1907.5779305821493,1880.0,0.7760321137864106
1788706666660,103.80157710999016,21.350037582277317,-0.2071014791727066,63.61207775105725,26.617104757899508,77.29481759001762,78.53287561088537,2049.2087112833824,1940.0,1.0
1788706666919,91.43445112573819,22.46813916784572,0.13056407868862152,52.11402210552536,23.18860232348337,50.74162728147623,66.8990524455246,2030.8279625577584,2000.0,0.7935239369411664
1788706667197,84.94977815883367,22.67039381612943,1.4011815786361694,67.7534415324866,20.355055335817088,326.79564580283323,332.2215324307938,2034.274212194472,2020.0,0.8208806201094875
1788706667478,82.08540308193898,22.482852485236222,2.8244822025299072,75.8571870977914,20.29354960100299,244.99884771847644,251.54003452498551,2062.46682956673,2000.0,0.9627758763137935
1788706667752,81.37887549212599,21.617592638871802,-2.6996421813964844,81.90031540597276,22.277609667467352,216.86525109292995,217.05532730185087,1954.696861607748,2040.0,0.7054792584626933
1788706668017,81.37205108882874,21.599777101531746,-2.7070465087890625,82.48307052672216,20.61663752427076,219.79849013378686,219.53802775916682,1947.6708845584678,1980.0,0.782551020940345
1788706668294,81.23727392962599,21.592846968042572,-2.7112197875976562,76.04175662241055,21.141464665978756,219.65808372912176,219.60248348549237,1981.2430012623568,1940.0,0.8242298167043187
1788706668559,76.30765659602608,21.10436386949434,-2.729970932006836,45.70887628125311,19.1106166982385,215.8272452834397,216.37727196739402,2031.7782189654265,1940.0,0.958029080154349
1788706668858,68.32431582953987,21.360235739880657,-3.0460662841796875,37.3920921651771,26.601111830083113,238.80717581750784,235.32803726566434,1980.5725041924227,2020.0,0.7860757600059894
1788706669139,57.22402978131152,22.69401730514887,2.933990716934204,10.11824299578624,26.876815093511834,243.8623983495279,244.8910698108055,1842.7529132762252,1980.0,0.0
1788706669452,44.95781845933809,21.245398333692176,-2.98317813873291,-0.11896161118837512,10.662581373457597,217.3395756580975,224.65202233369334,1840.8424733405122,1840.0,0.769709694911002
1788706669711,32.74681752122294,19.19430349755475,-2.9073009490966797,-10.841183097553955,14.781533522211038,211.6038157120103,212.2803878028709,1814.111615081728,1880.0,0.7056991734977995
1788706669987,17.7977061834861,16.462401142270547,-2.898662567138672,-24.472654151275545,3.747619928031157,209.08685208442046,209.1859882275579,1797.9791393569672,1860.0,0.6918071429345305
1788706670298,15.27273343304011,13.589626522514765,-3.062777519226074,16.720008701861637,10.811102837315417,223.00824627228778,222.66585808526673,1881.021195025006,1860.0,0.7829068004716355
1788706670590,15.257764200525962,13.855265219380536,-3.0701589584350586,16.714705741284337,16.849125486565217,221.62953319726262,221.96662835830867,1867.5507916241927,1900.0,0.7505670093172057
1788706670864,17.682289664200912,16.95996021661233,-3.04647159576416,34.55439452067233,24.784158195717637,220.07634248831985,220.27924375332904,1900.4416459182391,1880.0,0.7882777819739711
1788706671110,26.13501601331816,18.786390409694885,-3.030719757080078,60.50087892545874,23.503417678332784,224.50810867344842,223.9488554451615,2000.3157112275112,1920.0,0.9416017573869832
1788706671362,38.965357983206204,20.16184889425443,-3.027432441711426,82.76859660188143,24.811989683697487,229.60345866961939,229.40324807226187,1977.5484454410062,1960.0,0.8665005035095374
1788706671642,55.7685287355438,21.823944332092765,-3.024857521057129,106.58769422823842,25.691346701657608,236.60765954599015,236.000390115043,1870.1716451171974,1940.0,0.7119165699571309
1788706671906,69.67549481729823,21.068228173443654,-3.069626808166504,93.20402975158012,14.900075436497861,241.87618638456885,242.24669934305575,1935.3030597479685,1760.0,1.0
1788706672193,72.92813038262796,20.763725220687746,-3.074106216430664,76.78258999024742,26.67143365153322,237.8123561852904,238.17436466183898,1996.3655086172844,1740.0,1.0
1788706672463,72.68260565329724,24.33138869878814,2.958658456802368,71.37824832442168,34.40172841886646,256.262675298799,253.42969540687153,1881.448979700105,1700.0,1.0
1788706672719,69.71505232683317,28.83829432209646,2.52105450630188,58.82926217859389,42.49725118107155,275.4903549623785,275.8091971412288,1824.321124461146,1800.0,0.7873005779816256
1788706672977,62.857550673597444,36.223560243140994,2.450721025466919,47.56218814754399,53.95886673292794,267.27657377827563,267.452037589748,1764.4948828295308,1840.0,0.6660780299879469
1788706673225,54.64521753506398,45.02783587598425,2.454035997390747,36.68763010576906,59.854277941461774,260.7378351582087,262.0357813650084,1751.1418728342633,1840.0,0.6449170440097736
1788706673550,42.94725312961368,52.94267789585384,2.6510183811187744,29.472835111683466,65.3596885025961,242.5101529923582,242.48613096637283,1753.0171795429032,1780.0,0.7166325883846463
1788706673848,39.06066413939469,62.0174377921998,2.393824815750122,42.95445629891659,70.68944029588985,260.0392667217923,253.29277069908213,1737.6022541333327,1820.0,0.649665909016782
1788706674109,41.96445735420768,65.56699737789124,1.8669694662094116,49.624640390253305,67.04450907223973,295.55636357440017,285.9066325596168,1739.2127526089964,1740.0,0.729935822676859
1788706674379,47.74661086675689,66.44102081539124,1.4965490102767944,61.48787704782224,65.84384891552659,319.1249907617114,317.46139352929407,1719.1485722354053,1760.0,0.6922877997240451
1788706674624,53.79795344795768,70.88524044968013,1.4472888708114624,63.21731095131247,81.02288631668088,316.40123460105127,317.95493435441125,1679.4025811403171,1760.0,0.6390479335723425
1788706674913,61.83272714689961,76.40104999692421,1.410422682762146,74.13756049718286,79.72335578596405,321.94566856734184,319.2194896116337,1636.391039786996,1680.0,0.6525455500430268
1788706675186,70.07001261072834,81.95188507320374,1.3027375936508179,79.66872061012735,92.0353449851876,326.8614413817759,328.3212896811674,1550.6574365988163,1660.0,0.0
1788706675453,75.39181206170029,93.5063111312746,1.2787011861801147,80.18524351224141,110.99750486694522,316.6206159276896,319.12279735617574,1501.398673330157,1540.0,0.6112120575440345
1788706675719,78.57117660402314,107.90022722379429,1.2726396322250366,81.93540624337149,127.51720008973939,301.6093386252501,306.3831188838537,1470.6769760538775,1560.0,0.5306873793919338
1788706676019,81.72130674827757,125.1017989511565,1.2806237936019897,85.7757185621282,144.90791192842732,288.8974100294755,288.63938521467304,1504.052523092795,1520.0,0.6096180807780687
1788706676288,83.60888864111713,135.99730484128938,1.8436931371688843,86.39120034465313,137.8621667614909,246.76503922271417,252.18040587637103,1505.3879016007058,1500.0,0.6613074674771571
1788706676586,84.55080047367127,132.34366349347934,1.8742355108261108,88.30870324892145,108.66399071399121,269.1127478877879,262.9723358592624,1394.4640340721196,1460.0,0.5328993147535438
1788706676824,85.64550204539863,124.73779873585138,2.185314416885376,89.373423386786,112.23201889844701,260.97566531979544,268.4189858031238,1450.647671260209,1440.0,0.6416185015260538
1788706677080,87.80737689160925,117.39628829355316,2.7768166065216064,92.80790967079719,107.20367247082119,226.84618720305536,230.12070773517075,1406.7227391601773,1480.0,0.5292074762280821
1788706677347,90.22587813730316,110.77405073511319,-2.798707962036133,94.61971682783762,102.82693763375201,191.04383156931902,193.76794829176498,1425.5539631359222,1340.0,0.6943580334356271
1788706677621,91.22174120324804,104.32671013779529,-2.174480438232422,92.73412963659794,87.90942023391295,159.62189013946346,162.9060316824544,1432.2022959607723,1420.0,0.5954377023619748
1788706677901,91.7021407480315,96.67579470656989,-1.6978721618652344,95.73754179155344,74.87201801244913,142.81670011706885,142.49487367966543,1535.1034889555235,1460.0,0.7225808211461788
1788706678166,95.43977992741142,88.37881013164372,-1.6234512329101562,105.01974388733458,76.54745191195909,152.68758483262383,151.41976258019034,1524.3716042268618,1520.0,0.643652821139861
1788706678437,100.84370770792323,81.33020115649606,-1.2424888610839844,109.84195421268863,72.27158015919306,127.141625834395,131.48028552650328,1538.7517485485591,1560.0,0.6280806294724981
1788706678686,106.43570066437007,75.83268293245571,-0.7522754073143005,116.9181507082569,67.96145778606954,106.65095604287595,109.5884524691428,1558.849842572651,1560.0,0.6582951715333878
1788706678938,114.20829232283465,71.7598021499754,-0.30487436056137085,128.54087510243383,66.83673414110402,90.35769910315263,92.63643457831391,1570.036258914994,1580.0,0.6561752889475504
1788706679223,125.05339374692421,68.95599605530266,0.1876411885023117,142.57258844527317,64.93182098001655,72.06035380924192,73.69500954276606,1587.0574541882495,1600.0,0.6617325431680047
1788706679470,134.0487839105561,65.94758281557579,0.5038490891456604,140.7319487346626,56.67334079025334,49.670847199382536,53.50141591554819,1623.50969637363,1600.0,0.704081494127106
1788706679728,133.0982694851132,61.46860678364912,0.6989880204200745,126.92479173729853,53.42318488996234,43.152916815495814,43.331834908145765,1661.497304225737,1660.0,0.7175718344839982
1788706680041,132.42200956569883,60.908486674151085,0.7047749161720276,131.36347659999473,59.80698201781903,44.64468675601148,43.93148001855781,1612.7702895254452,1680.0,0.6181953266161098
1788706680285,132.46367687315453,60.93983087014026,0.7040348649024963,130.90601902577973,59.65416984126978,44.82524674105758,45.07422724734624,1615.772028383801,1660.0,0.6367180850532401
1788706680583,132.48912901390256,60.96817136749508,0.7027607560157776,130.93630303516838,59.62655994952964,44.879120382722476,45.199469370844554,1616.1028348234515,1640.0,0.6578763393445372
1788706680871,132.48465951033467,60.94966377798966,0.7037258744239807,130.9039249505646,59.865866165044146,45.379059393593366,45.64138399855523,1612.2554951732798,1660.0,0.6449182168223306
1788706681137,132.47344249815453,60.94749150313731,0.7036667466163635,130.86168429993253,60.13942031864232,45.22334809981879,45.04657060848842,1612.7150021554528,1640.0,0.6575233119501688
1788706681414,132.48037263164372,60.95489261657235,0.7050209641456604,131.0441214110332,60.45635306840078,44.73024370835964,44.81574338571545,1612.2261874769704,1640.0,0.6566537329118324
1788706681673,133.6664539247047,61.94610835999016,0.5695839524269104,137.14117151496782,65.04793571057539,57.033004200696325,50.8702521490726,1594.0752480491467,1640.0,0.6280994529847672
1788706681969,134.9101485605315,64.85837921382874,0.2410450428724289,129.0004903050716,67.55207887129845,73.03987437961581,80.97768565109362,1558.5766555566627,1640.0,0.5741599019885681
1788706682237,129.08304049274116,65.15987846795029,0.17229275405406952,98.80974117997268,64.9522760260411,66.88633146805523,68.52078440587547,1576.4069817636423,1600.0,0.650259681739687
1788706682499,121.48401936208171,66.16301288754921,-0.14960666000843048,105.25951998951662,70.3920238568844,82.12270139712885,75.52737690156926,1552.5584433226286,1580.0,0.6421293883085234
1788706682778,110.34657395730808,71.21638260488436,-0.34984010457992554,92.41586765997394,79.53901817975739,74.04455506212773,75.96729168856503,1532.1058511331555,1580.0,0.5997442037749307
1788706683051,97.9759781003937,77.71447850024606,-0.4673232436180115,80.7595478466446,89.45915681292905,71.70499849141639,69.06725722076008,1549.281723299213,1600.0,0.6168444493974172
1788706683311,91.73543614665354,85.74762779896655,-0.8121737837791443,87.83106580517708,97.83427548571257,88.13522835361825,87.15009623151076,1482.2945120659558,1580.0,0.5241515803603441
1788706683572,93.35717388964075,90.77618456262304,-0.8911895155906677,99.58778079459628,98.27855984960728,97.25432685298591,96.08155682874582,1406.051242090586,1400.0,0.5952371701868733
1788706683846,97.66592911847933,89.39117671936516,-0.8741340041160583,101.512803665299,80.13401597502947,106.12271366972466,104.83199611018568,1489.812827857094,1300.0,1.0
1788706684109,100.63567874938485,82.08552803580217,-1.0517215728759766,107.85627308585417,66.77005604373393,125.45946728444481,123.60274254229884,1549.0401961874238,1440.0,1.0
1788706684367,106.12212413877953,71.7375411386565,-1.05133056640625,115.53496316440436,52.021699649054206,133.59176981640485,131.98970135320195,1660.9697334543582,1560.0,1.0
1788706684649,112.21721979576772,57.702752060777556,-1.0521926879882812,121.54253115709405,35.05196729633451,138.3387409198214,137.06224952747453,1757.751166989796,1680.0,0.7753593993290039
1788706684954,119.33232344980316,41.49900901974656,-1.0608062744140625,131.65513245781082,18.102200625313653,144.30956078067908,144.28105108338303,1787.667592232859,1740.0,0.8007075495096195
1788706685220,123.50467711921752,29.128949022668554,-1.0951385498046875,125.17658267927546,20.85672079291347,146.70026844202255,147.8260960364879,1811.6739672638296,1780.0,0.7824314247901613
1788706685482,122.79803418737697,30.268071692759598,-1.0834274291992188,117.97701555940488,41.985863200401674,142.07859952557777,142.2480834562582,1756.1506018597652,1820.0,0.6941884350776698
1788706685771,118.82130059670276,39.73214457354208,-1.108266830444336,108.07916079266386,60.326376594300896,137.09822463274435,139.42889648798268,1632.6017541395026,1740.0,0.0
1788706686018,112.34262541523131,50.06506732129676,-1.125833511352539,98.14592842254251,72.45209940868453,128.99081677641016,131.24951948517628,1531.2818316659018,1620.0,0.593522228302994
1788706686278,104.32804618294783,61.82776743971457,-1.1312294006347656,90.55718021405171,81.03529530003846,118.44207840688776,118.9386612594051,1535.1539843142132,1560.0,0.6241888765707745
1788706686559,95.56091789185531,74.65257058932087,-1.1337413787841797,82.31436805410179,96.06753083990114,106.39498834975461,107.38915367754386,1510.9533108392511,1560.0,0.5958989631326216
1788706686821,88.99334284264272,88.82593350147638,-1.1201820373535156,83.07862848310081,110.81351447823025,92.53930050740654,93.36817237389822,1486.671252258546,1560.0,0.5702700101472762
1788706687068,89.63200126107284,98.54694036048228,-1.1167984008789062,92.03826072637186,106.61841586487407,97.79223441170592,96.89261903692832,1411.6456219676982,1340.0,0.6477246857829719
1788706687323,91.95385549950788,96.66665385088582,-1.0053234100341797,95.10877405844187,90.4903648075589,105.3518872199185,104.02498118765038,1394.319798085853,1380.0,0.6090503861578352
1788706687622,97.20006266916832,88.06817482775591,-0.9793948531150818,109.01353888481135,73.99029570689356,116.59189066496663,113.94213558012224,1522.529052111042,1420.0,1.0
1788706687893,105.29257466473918,79.04203640194389,-0.9072379469871521,119.67342842758286,65.01196775811749,122.67575839151462,120.03948536525058,1568.2972000354293,1520.0,0.686337352015074
1788706688184,115.30674251045768,68.57051819328248,-0.9777640700340271,126.62894372760051,52.28177571203958,138.23435611672068,131.43616869772274,1644.8963974675332,1600.0,0.7189619236565317
1788706688501,119.34067613496556,57.45052307609498,-1.7209625244140625,122.25928823268632,27.94167259539841,181.21228012919883,174.9076943007296,1699.6913274391034,1640.0,0.7681139352444921
1788706688750,118.21018969918799,46.76575668214814,-1.9790496826171875,108.83368739922065,9.148250015606234,192.98432712247495,195.41796704628078,1858.309959101031,1720.0,1.0
1788706689013,112.90927196112204,34.58434097410187,-1.9889564514160156,91.542794274789,-4.442948789835103,188.36232333142385,189.002150964334,1935.1657521112656,1800.0,1.0
1788706689261,106.52085191621556,21.11249788539616,-1.9809494018554688,75.88255001057699,-42.08264872826145,187.3494021130505,187.00648357395642,1893.2994242181142,1900.0,0.7919769432156792
1788706689520,102.70120455524115,16.533175490972564,-1.8762264251708984,100.63898629662732,26.98606881291481,176.53950685435478,181.08574386486987,1879.879573707072,1920.0,0.8484277767807142
1788706689773,102.23917322834646,22.96863225501353,-1.8449440002441406,99.77840293146012,38.36820316687647,176.09126392906194,176.32370815521426,1806.0745087817495,1900.0,0.7014702267365659
1788706690079,98.14268577755907,27.399118979146163,-1.5441093444824219,79.32181776840233,29.274043373063936,153.801633169048,163.29276731497316,1847.9440346471374,1880.0,0.6860561276182939
1788706690380,93.87538639579233,25.198770357867865,-1.025735855102539,75.01036704139308,12.821485536718964,120.30328513941839,126.68001553856482,2021.1174703003146,1880.0,1.0
1788706690654,88.45784825602856,22.471890186700296,-0.3856944441795349,63.771574156983434,5.670559196621939,80.05716639157214,87.6623832559823,1997.724217434411,1960.0,0.9348301115593793
1788706690904,85.37582277312993,19.907144861897148,0.2991238236427307,74.76520445694756,13.324865948188258,37.00559218061045,39.250296118161316,2014.3188534203084,2000.0,0.7864112169676741
1788706691161,84.31640625,19.432771938053644,0.35811811685562134,81.7879697259046,19.26967422828302,43.887928074619595,44.71248510999487,1960.700762133676,2020.0,0.7820164089444268
1788706691428,84.39508873646653,19.451278326079603,0.35662275552749634,81.72290849201278,18.601182239044313,44.71411425980489,44.46982149969813,1963.8205718638594,1960.0,0.8195219698132089
1788706691678,84.41436046690453,19.446584145853837,0.3558674454689026,83.4373222631908,17.732589029024208,44.29919296859998,44.555065195404836,1965.308085373246,1920.0,0.8600807364955025
1788706691959,87.82402459092027,19.87250741072527,0.309181272983551,96.96487467781061,20.18300364270188,52.67703875083498,50.36145064982486,1880.185378586921,1920.0,0.7459311724998243
1788706692221,96.46914985236221,20.37484957477239,0.17787174880504608,113.47897920522898,20.66265684969031,65.77331916320753,65.12945445786596,1848.853021185651,1900.0,0.7318618643853515
1788706692522,110.39580577940454,21.206821231391487,0.18327908217906952,133.72511271939925,23.21588848311836,72.0599185405581,70.69624311757747,1789.492975878815,1880.0,0.6716424053372823
1788706692780,124.92915115957186,22.088615837998276,0.18573574721813202,149.3996073056491,23.661910200193493,77.9542355578917,79.20046273420456,1739.062100423123,1820.0,0.6621968114678506
1788706693058,132.72239865280514,22.839492437407724,0.22376637160778046,123.53884775243438,20.867220525665502,75.01104167134412,76.21510265632634,1763.556944185101,1800.0,0.6823895014950678
1788706693342,126.1751526359498,22.25278839351624,0.21261219680309296,96.15520842126962,19.32959748136956,66.10130629350755,67.10102197511509,1883.2519444212428,1800.0,0.862112047736376
1788706693620,115.06947434793308,21.651834803303394,0.20920567214488983,64.00307333151088,19.05238926048159,59.597539963664985,61.355427317992735,2051.129925504829,1860.0,1.0
1788706693894,102.66166146345964,21.481493852269935,0.2044105976819992,44.52675327884489,20.17097050507273,54.37841208195164,55.13270747497694,2056.5152585515607,1900.0,1.0
1788706694167,91.3273176058071,20.983663243571606,0.2009296864271164,62.09447792072429,16.291751394453765,52.013383323740925,51.839728311261865,1995.381800592038,1940.0,0.9249540492575128
1788706694437,88.42292845718504,20.574290358175446,0.2211647480726242,83.65481698773662,21.33883383555367,52.75443414975683,53.047565009707796,1956.4760599193028,1980.0,0.8329345676038424
1788706694711,88.96320012610728,23.706232506459152,0.23217014968395233,92.61751184857714,35.33292607364141,52.06773005703559,51.950496058504655,1846.3115334711138,1860.0,0.7666980868556265
1788706694996,92.12950218380905,29.545271265225146,0.4504852890968323,97.53191471552725,39.2049529143368,37.342966760568515,39.834473495181896,1786.4333230405393,1780.0,0.7575455679457549
1788706695258,98.93128883181595,35.150528554841294,0.5905895829200745,115.5165996622991,46.86981463178735,37.610553586665674,37.055935950867706,1714.3204745295188,1800.0,0.6844691858443546
1788706695534,109.50386588029036,43.78641443928396,0.6133442521095276,126.79340763348503,59.91561270503981,43.13157940425151,42.07762571200391,1633.459287654188,1740.0,0.0
1788706695796,121.36463075172244,52.79563122846949,0.6013489365577698,143.09718740243997,65.8918897060518,56.2631253726272,52.468834342361276,1586.4452342442962,1660.0,0.5965640838886491
1788706696043,132.47191421628938,59.40915565791092,0.15966038405895233,147.47359697071394,69.56978225769981,82.37924465550032,79.9232783871089,1580.1931244834338,1660.0,0.5890868282192204
1788706696314,135.6163493479331,61.99239415446605,-0.16707415878772736,131.76571918870926,63.18903321888286,98.7019570561411,101.00688350324975,1586.0057235776744,1660.0,0.5909097365238928
1788706696592,135.0179164616142,63.0621001476378,-0.18477435410022736,131.040009647762,62.50988179439375,97.75306535278527,96.25486817220768,1576.8204958675817,1640.0,0.5995637838887181
1788706696899,133.6281507597195,62.67977016178642,-0.07558055222034454,118.16713730198936,60.637494793922876,86.65488833367085,90.20631020323394,1609.2280836414666,1600.0,0.6738915063494448
1788706697162,128.7432140440453,63.97150955800935,0.06793026626110077,117.03811740725804,72.03620435482581,71.92287208993366,72.7646656501276,1572.4109689607349,1600.0,0.6346274036467154
1788706697461,123.74574195681595,71.85971237543062,0.07989315688610077,119.60704802155394,84.01937583352813,66.93000368145681,66.9408918847792,1414.4011928932619,1520.0,0.0
1788706697710,127.42163470410927,74.83030784787155,0.12361149489879608,138.63351903908278,74.54839920266973,78.64877905915682,76.39868792596849,1516.189389668634,1440.0,0.7036997289367899
1788706697994,130.47091266301675,72.59303295706201,0.3258057236671448,129.60675046673637,61.670971241416126,60.809863206081104,61.797703319279776,1595.735243275875,1500.0,0.7711011533839491
1788706698259,131.8053622508612,68.93996351347195,0.6058521866798401,134.85844106374873,57.28982253721915,48.27232797835302,49.14789420686071,1602.4090237894968,1540.0,0.7281388998761538
1788706698524,134.13755882443405,62.80517578125,0.7086239457130432,127.91535827344285,45.719519578570896,42.30142104099252,44.10144734109531,1695.4057946518021,1620.0,0.7895695739043781
1788706698788,133.80797859251967,60.25027297613189,0.7941780686378479,130.29019859317492,58.385665243823915,40.37264122065062,40.27787085143683,1626.3528543713578,1720.0,0.6048993671326338
1788706699056,133.77273199126478,60.32463974840059,0.7982197403907776,133.0340979095058,60.77426295027765,40.42017256170857,40.582790724141205,1613.5457757371375,1680.0,0.6216137530233665
1788706699324,133.94220787709153,64.29947980745571,0.8068295121192932,132.49797930966844,73.37457651493335,39.675144704466504,39.66421398854936,1538.243484311264,1620.0,0.5789183027789322
1788706699583,132.64685923658956,68.30605334184301,0.4265022873878479,119.66371152223874,70.12548895968423,64.13736957633176,62.37040340566091,1539.9539852162884,1560.0,0.6325625900201284
1788706699860,130.8246186023622,66.23186727208416,0.3247089982032776,124.64661204757502,49.71110260475435,64.3044935096359,64.46796819070175,1663.0040562322356,1560.0,1.0
1788706700123,129.83920360174707,60.571769654281496,0.5589314103126526,128.30198185170184,39.38678357516588,45.90396729976146,47.86761943632189,1719.9803274183719,1680.0,0.769135839123948
1788706700412,129.77036363496555,58.13244436669538,0.6458778977394104,127.29995582254634,57.14619967908938,46.542424730492655,45.98361464658649,1633.830472764355,1720.0,0.6187254408907727
1788706700673,129.7828013502707,58.14551165723425,0.6454392075538635,128.15965601596585,56.82117749050414,46.722414480897896,46.52515687037908,1627.3057055714503,1680.0,0.6380440573731558
1788706700936,129.79137510765256,58.149111289677656,0.645698606967926,128.61512483780783,57.2234480437818,46.311619656879884,46.53908870854235,1628.1033303260901,1680.0,0.6382750584610501
1788706701213,133.1170894592766,58.45990999477117,0.6384506821632385,141.95251113371575,57.85098521215826,53.31934477832442,52.34861524915607,1624.1209661270148,1640.0,0.6715743203045037
1788706701462,135.15754759781007,60.436857929379926,0.3404141068458557,135.36899316623013,66.9958556106127,72.60205041769387,63.3096766719687,1589.1088872996195,1640.0,0.636494360522416
1788706701747,133.96279642901084,64.60871178334155,0.14671902358531952,131.98791721371097,71.07375278259201,75.50376246208583,73.54870651278071,1543.1843008610022,1600.0,0.6120994990630281
1788706702036,136.37147437869095,65.7155242679626,0.14688877761363983,128.43273467214019,62.686188468145225,81.48367625233573,79.76077738660996,1590.5768751592714,1600.0,0.653297311477252
1788706702326,134.95530496432087,61.38950137641486,0.1640968769788742,127.44044820180667,40.54570548646703,77.23415539218541,76.24803725857225,1692.4919361263333,1600.0,0.7769644613317707
1788706702590,129.61206631397638,57.34332707923229,0.1891670674085617,100.6921809259622,51.1407083264201,66.28337522865775,67.92895386740042,1690.2773744029787,1680.0,0.7526234889121173
1788706702858,121.39437938299704,57.468708669106796,-0.1684989482164383,104.6046881504879,62.028878320483045,85.41258894313202,79.24259069775849,1587.6872839652099,1720.0,0.0
1788706703117,111.91201517901084,61.08724278727855,-0.32129281759262085,95.02535637960142,68.86386239768161,78.74828807869092,79.92308081891989,1525.8552457553178,1640.0,0.0
1788706703384,101.72007643331693,66.63968304010827,-0.6936625838279724,86.96682984645656,76.50619517210188,101.03528188903323,97.16733240316273,1562.0834814409188,1600.0,0.6232429542407184
1788706703658,93.69076225701279,74.34863954078494,-1.3606948852539062,83.73791415365189,88.62025045922107,132.47912425789175,129.12606986134216,1531.0421605430824,1620.0,0.5696253586588761
1788706703936,89.2350324495571,83.30960491510827,-2.049114227294922,86.19362219940811,97.53640907121361,166.81074189528007,163.68336502864446,1484.2646238533287,1540.0,0.5681807993254756
1788706704206,85.00971756582184,88.64797997662401,-2.309316635131836,74.6906382259101,86.80196925675743,174.27556147938574,173.4045756165151,1525.91224150513,1440.0,0.7405658354253282
1788706704512,79.74738173597441,83.13273752768208,-2.3332901000976562,60.72480489007165,60.7278512513656,178.42963458223085,178.3526760429262,1709.5001696201018,1360.0,1.0
1788706704799,70.35963644192914,73.3046980730192,-2.3081722259521484,37.685270686357526,51.53962854676106,176.16392945158867,176.5306015617675,1787.539079298293,1520.0,1.0
1788706705071,60.332151397945374,69.27733894408219,-2.2848987579345703,29.28019949166938,62.949153070777825,170.792337449645,171.60919259923335,1752.1299910784796,1640.0,1.0
1788706705345,49.928689791461615,66.46588182824803,-2.2693843841552734,20.655532063513192,51.07847856268507,167.36019448125424,166.5903017107958,1771.3660945921217,1720.0,0.7792693051828364
1788706705626,41.362804502952756,57.35674520177166,-2.2771358489990234,16.87931363433702,25.74817521216483,171.81054690964288,170.94824229052094,1848.8334194878485,1780.0,0.8293772217679022
1788706705898,37.55758450725886,53.41170663908711,-2.313558578491211,42.00240428202723,57.23673350864338,173.4348223212014,173.86617107324702,1769.7510449132544,1820.0,0.7379444731371521
1788706706160,42.10194985697589,57.85787267009104,-2.3124847412109375,56.086999942096284,71.90676466720434,172.82169481544574,172.66716477744944,1733.5305942935136,1800.0,0.6673790034854353
1788706706448,51.83281845933809,67.45420440914124,-2.321483612060547,70.15745675170336,86.0946750469401,172.0431660747957,172.2658614214316,1602.6627878625404,1720.0,0.0
1788706706721,63.494166576956204,78.85094830370325,-2.3214054107666016,83.47790504037046,98.2271391112194,170.43861561456194,171.33488432817754,1524.016812598661,1620.0,0.5649297381946146
1788706706986,73.64160732960138,87.24241241695374,-2.3604354858398438,82.29233054065213,94.2486955808214,176.215421704698,177.75429946003624,1490.6656914494445,1420.0,0.6867100952709152
1788706707227,74.34747650867372,86.4447646253691,-2.162525177001953,74.9130327345672,77.34505813196596,161.3440424455905,165.18181828246816,1634.160478426572,1420.0,1.0
1788706707508,74.67709518793062,81.08565683439961,-1.6816520690917969,78.3467042468819,63.948214114909376,134.77157405773448,137.4012964845876,1680.8715352551524,1560.0,1.0
1788706707781,77.62725589782235,75.16208438422737,-1.1524848937988281,83.90279424095169,69.03234119957045,109.78190626913825,113.38212440440927,1637.830642570608,1680.0,0.6519472801162749
1788706708042,83.57756366879921,70.48899733175443,-0.6718959212303162,93.08188484547505,66.41070666287341,89.67562747209237,90.99630575161801,1548.0272847437132,1660.0,0.0
1788706708310,92.07413801058071,67.38318736158958,-0.34480661153793335,108.72902455644301,64.41592630777234,81.37507115380929,81.52935342951363,1574.5839399868878,1620.0,0.6238720960420658
1788706708558,102.7194382074311,65.77393539308564,-0.2555922865867615,122.59445043152674,63.29995798866349,86.72991720423322,88.02265735028817,1587.8575105770324,1620.0,0.640973314589937
1788706708852,113.86788916400099,64.9293578140379,-0.11511416733264923,124.40441013620553,69.19577200234497,80.88798984771103,84.98937435619874,1569.5350311311954,1640.0,0.6086815153125975
1788706709123,120.13143224040354,67.95607679472195,0.1335640400648117,129.99883148045444,71.27481676868337,72.00516028863467,71.313592020442,1532.1779359942589,1580.0,0.6008392359240937
1788706709397,124.8279096948819,68.97170660063976,0.5711804032325745,132.46183322486706,69.32643920332991,44.363764637761506,43.20073458445677,1555.425799504507,1600.0,0.6191163002336675
1788706709656,131.51532511072836,68.73104065421998,0.6554985642433167,142.8530907373037,63.26648784978166,50.5305115636055,50.970339745116405,1594.0886023628952,1600.0,0.6584422873399118
1788706709926,133.5407503383366,64.28679699034203,0.6921940445899963,128.98049016475636,47.36148868289932,45.024307486767725,43.19670918419649,1690.3850255184905,1620.0,0.7766364982338645
1788706710191,133.33389402374507,61.6399473655881,0.20674709975719452,131.57301573487587,57.836234327641044,77.74898787754285,79.56791107343236,1632.013604112175,1680.0,0.6420379920717385
1788706710465,133.21499561700296,61.482202725147644,0.19259075820446014,131.27096077473854,61.226723271662806,74.27184274670657,74.21265711389941,1604.866022031959,1660.0,0.6232415155113302
1788706710711,132.55882443405514,61.901696873462114,0.326515257358551,125.68726016062216,64.22303070872012,61.67452103124293,67.37273748067804,1586.2792049701025,1640.0,0.6392901279788772
1788706710997,130.7398710476132,65.59612604576772,0.4693813920021057,133.24854625569444,68.59874140862148,55.96026336289441,52.085886463462145,1541.3216605470855,1600.0,0.5848764421453216
1788706711319,135.90288777989667,66.88466470072589,0.17886929214000702,139.19018450898415,67.916520082497,79.62108814260108,72.97216707257917,1580.2705720439565,1580.0,0.6695564463491734
1788706711599,135.6067471241388,67.16862716074066,0.13921551406383514,127.43802358395763,66.58893102660669,77.70203355556816,78.10319131617325,1574.2315732324228,1620.0,0.6129875162125809
1788706711917,128.68640809547244,67.41075410617619,0.12025265395641327,96.46678834989821,68.49851262666218,68.61177625586714,71.3718068577794,1554.1810576273162,1620.0,0.6130091206251428
1788706712186,123.21934016670768,68.98548516701526,-0.06926532089710236,123.04537574011353,69.43112352280014,81.72844207576452,76.76397710062292,1529.2260637854877,1620.0,0.5709659648504769
1788706712485,129.84118363988682,68.10042734221211,-0.10208125412464142,145.6519775665492,66.04332141471555,95.43747567830634,92.50506030373687,1581.5896943432056,1580.0,0.6553014358223126
1788706712760,137.82290000615157,66.36625995786171,0.028482485562562943,124.86027994898922,63.26913997761794,71.38721284233826,84.49941267695556,1605.9666537256867,1620.0,0.6688212722121852
1788706713037,128.751220703125,66.26731091596949,0.01076893787831068,89.09310974051083,66.08904176768233,71.92695072805316,75.67856668651154,1531.5689923454331,1600.0,0.6206524532117792
1788706713349,114.03699018823819,67.40962471548967,-0.24332042038440704,93.82305467442842,71.29657158551089,75.98158286662954,70.68342551065508,1525.8782347251847,1640.0,0.0
1788706713647,101.37143593134844,72.57161778727854,-0.0991935282945633,84.32115181836147,80.8471611439804,52.4164339901937,63.62447166447825,1561.7730575419885,1560.0,0.6639973457741595
1788706713908,92.79389148622049,77.32178214966783,0.5336495041847229,78.84209061011295,84.45433906670422,22.2,9.77088025138903,1576.6742255659365,1600.0,0.6571006184943287
1788706714192,87.41839551550198,83.29568697711615,1.1875953674316406,82.14871578475272,90.30647917695573,325.131180015442,330.02949741899386,1537.4157478966185,1600.0,0.5987551062584973
1788706714486,85.36299097256398,90.56166761503445,1.8356895446777344,83.86935499923169,99.48682610790148,285.11628398055313,290.77762575809584,1501.1388374984765,1480.0,0.6508492907701514
1788706714767,82.50492125984253,98.03062138594981,2.4516448974609375,77.84819057695181,102.20343752489799,244.13016312157424,246.52185164978414,1517.8354255877423,1500.0,0.6551712797480346
1788706715028,80.95012995201772,98.56360728346456,2.789630889892578,86.75845277986478,98.09801748045408,235.3141997351695,235.65688909714055,1495.5140155016059,1520.0,0.6413880874719821
1788706715295,84.84280804010827,100.68681371493602,2.8201637268066406,92.57967175014721,105.79288666635608,235.73409641045475,237.02094877431392,1435.1912138600899,1420.0,0.6358108938890288
1788706715556,87.78185746801181,105.86468073326772,2.591236114501953,91.3049297467959,111.49825974856965,248.4617326030708,243.6937018068064,1375.9798704921047,1440.0,0.5427332948328356
1788706715806,88.42832069697343,111.01910448449803,2.031801223754883,89.43557724338397,117.2707355887604,277.9281425608705,275.0310661484524,1360.1589634379127,1400.0,0.5326003624553057
1788706716076,87.1828094242126,118.68322657787894,1.6614742279052734,84.8971904286519,129.36264399925886,279.37148744124624,281.2767856753811,1447.4467746371386,1380.0,0.6720953700446917
1788706716344,88.83571835014763,127.12876207246555,1.5502300262451172,93.87070414633601,131.79090350543257,283.10350109950235,279.47594184088393,1424.483600613151,1420.0,0.6304178228348005
1788706716591,93.6805160402313,130.25636687992127,1.0901813507080078,102.33803278488828,129.87176863706483,316.901060427293,310.9871282212776,1415.2255862196225,1440.0,0.5887952240657445
1788706716885,101.42067736528053,130.28661532664862,0.9258766770362854,114.54502815623073,129.53716892114738,328.2394201196012,327.6245456915683,1440.5578956488066,1440.0,0.5966056025736162
1788706717192,110.81265186700297,133.5964124784695,0.9384861588478088,122.30546896002937,145.06357736667212,311.9830367175321,321.2036979774029,1497.2086915972932,1480.0,0.6400594879827405
1788706717476,112.67707884781005,137.3797559362697,1.0090675354003906,102.89362444163402,127.7142040378136,315.11362065449936,314.1693217252862,1416.7729304283732,1520.0,0.0
1788706717724,110.09379229207677,132.83715435839076,1.3544158935546875,102.24444640511751,108.45850807276253,304.3183910826252,308.2026663180736,1335.2789516934884,1400.0,0.4946585859624435
1788706718025,107.37549789308562,123.99502491387797,1.910562515258789,98.19147733138263,100.10588085257956,285.6542937182831,291.19249910506375,1405.6288425067323,1400.0,0.6231707046285798
1788706718297,102.97538216658465,120.58874415600394,2.4311752319335938,88.54619121442003,121.83546507434835,242.4543667381944,248.40599614276573,1362.8117750000367,1400.0,0.572001621845673
1788706718569,95.77284925565945,124.22010526882383,2.73944091796875,86.63723365415214,130.37649092506027,212.7770435868404,213.18354864618956,1434.8172873389526,1420.0,0.6154653504452918
1788706718837,85.74328324926181,129.54285148560533,2.739126205444336,69.2650327042457,134.66069522920498,207.14357983644555,207.81262559551942,1533.825903197024,1400.0,1.0
1788706719110,74.55166553887796,131.23988834891733,2.7352161407470703,63.317903403885396,133.79190140787182,210.08342369858204,210.30328703413386,1642.877951027557,1560.0,0.7696981966493948
1788706719410,67.70240603469487,134.4060654527559,2.7500228881835938,63.33382663486613,136.48770563125206,205.21076951292014,204.10083669783987,1563.0167673753137,1640.0,0.6029018832049075
1788706719677,66.98312353900099,134.66997762364667,2.7499637603759766,70.20950245812197,134.51761758945602,206.54623937210042,207.05906894297,1546.2666289708936,1600.0,0.5946537130123256
1788706719957,66.01343350147638,134.87611305056595,2.755094528198242,56.34758543187372,137.18792467519557,205.97769371392917,206.98919374286322,1576.9127654606802,1600.0,0.5975648826082547
1788706720226,63.87123888871801,135.34604530634843,2.771333694458008,67.73632498716886,133.52294731368454,205.2057103653919,204.76596236017917,1562.869404779302,1640.0,0.6085118153163466
1788706720515,67.88746270607776,132.29216327817423,2.768655776977539,76.40207249331941,123.81466765995603,212.8773752880286,209.96046742414555,1491.5459899854238,1540.0,0.6068118463299613
1788706720771,70.89199757012796,125.48054372231792,2.776721954345703,76.00589083122705,112.52529830822823,222.81767823432682,222.4230709733835,1479.5057767210808,1520.0,0.582569617426976
1788706721047,72.6311294675812,117.27830301119587,3.0288448333740234,77.0252572785239,105.19683276192875,209.8074077980439,211.10050780496755,1532.8013796703601,1400.0,1.0
1788706721296,73.73713455800934,108.49582461860237,-3.0950520038604736,78.20056727900351,79.0680766447002,212.68468030849493,211.98256961279893,1612.9040466317826,1500.0,1.0
1788706721559,73.69880255751723,98.20710429995079,-3.070430040359497,71.69352497959586,67.71632934305451,216.7037045037077,217.27988677749607,1697.406087828193,1600.0,0.8081729457602013
1788706721808,71.39055387241635,89.0731306902067,-3.059149980545044,63.793313596731785,59.20579125472832,217.57094367865233,217.7144719427545,1717.4999201535732,1680.0,0.7560747501877415
1788706722079,68.11807947834646,80.18606591412401,-2.840846300125122,59.225727094625285,53.34713341938526,200.25096190421473,204.25163169819692,1740.5914417415722,1740.0,0.7284458948565523
1788706722358,64.73422313299706,72.62376199557087,-2.2593090534210205,56.32828287264788,50.69174438844922,165.52010364455228,168.92156865501192,1779.475480398898,1780.0,0.7271604832888185
1788706722617,63.10692494309794,64.91321473609744,-1.7127563953399658,60.91081077911636,36.041058160120016,138.6265556958089,141.60442512758334,1849.0601793465771,1800.0,0.7937723816745363
1788706722893,64.88523468257874,56.95636418860729,-1.1445896625518799,73.21393670952904,43.16140658796017,109.39882624153617,112.43613137718802,1749.421349748135,1840.0,0.6415931130883182
1788706723143,70.57471087598425,50.92772956908219,-0.6946651935577393,88.50033270438321,38.234943352393984,93.93526337952748,92.72897074955236,1806.2188161244937,1800.0,0.7480598462123735
1788706723397,79.82249823142224,44.57909291184794,-0.6201164722442627,97.79884603132378,30.989413026522804,100.9261896300953,100.17168913538245,1868.2002178261343,1820.0,0.8205495156748032
1788706723659,90.4448165292815,35.30380849763165,-0.603928804397583,109.86382005362333,19.393813842894417,107.56653456440216,106.94274917268963,1867.0846435926028,1860.0,0.7906665515076193
1788706723954,102.84498800442914,28.606353519469735,-0.3123047649860382,121.04835061372084,23.327938873577775,88.5570548114504,92.59947545254991,1813.6484426612383,1880.0,0.7029207133887821
1788706724267,116.53037724532481,25.620751568651574,-0.039614930748939514,127.96787085916262,22.806598127205305,85.6359113884569,86.940869295714,1781.2887657893957,1820.0,0.7012483938082744
1788706724523,123.66244578924706,25.255773349071116,0.05392716825008392,140.87650883281654,25.086967200131536,83.98929249469779,81.73940009226737,1756.97458800466,1820.0,0.6919889598354156
1788706724814,137.2130001999262,25.85765928734006,0.07653497159481049,147.87978876603114,26.520649569355616,81.75307265712087,81.13768661150903,1728.1150398117527,1760.0,0.6931609035899473
1788706725099,137.73357721764273,26.04215606929749,0.02123902551829815,124.88140171569933,25.56439587167516,86.73272726428183,87.94763686801957,1769.1566664062746,1780.0,0.7078814555505956
1788706725393,129.81212706077756,25.43605774406373,0.019741756841540337,94.87967705238437,21.789969686550545,77.84068457711965,79.03114592396167,1879.9208086412536,1820.0,0.8404837000438388
1788706725690,116.42371470533958,24.148165485051674,0.020495159551501274,57.7933643305784,18.686244831953125,69.36884047189369,72.16466256990935,1999.417301548254,1880.0,1.0
1788706725939,102.26203017347441,22.924915223609744,0.019526226446032524,33.43711427569306,18.29657534733973,62.552552219402344,63.22150494725679,1957.7150836265082,1960.0,0.8349185146295585
1788706726226,88.53593480868604,22.18371533972072,0.012242062948644161,50.24229502427079,21.478313342344165,61.0662017640239,60.37825533974291,2057.3844499004003,1980.0,0.8380926449286697
1788706726486,84.5304426058071,22.175547682394193,0.01920960657298565,77.49714797927803,22.39461251004931,62.36874370124127,61.99145913965134,2075.967191871912,1900.0,1.0
1788706726748,84.32022214874507,22.194985216996802,0.02006600610911846,82.42829259444603,22.381381439624825,63.54403714302447,63.47914911122956,1937.0323480950838,1840.0,0.9145975075744317
1788706727015,84.3569778081939,22.189201294906496,0.020281536504626274,82.26042913855859,22.05689480613523,63.277268685578974,63.1877347354025,1962.4609882900697,1920.0,0.857289945887884
1788706727287,84.35878483329232,22.189083549920028,0.0202548336237669,82.34735398725365,22.189284223061946,63.15458981261975,63.139614616719655,1960.581930035251,1980.0,0.7960274266239955
1788706727545,84.36246616633858,22.191851758581446,0.020657284185290337,82.30217414784721,22.11515746556781,63.14638360182141,63.22607393876143,1960.7078586878183,2000.0,0.7782140552915319
1788706727790,84.36406173105316,22.194422924612454,0.021029217168688774,82.41212628784805,22.285766484522618,63.11650495847675,63.12298821299686,1960.614328854509,2000.0,0.7766075177588778
1788706728050,84.36480184239666,22.195465808778298,0.02116463892161846,82.43553458886757,22.32191416395921,63.03355643378944,62.996958096541164,1959.282077376146,2020.0,0.7538913677923359
1788706728320,84.36612827571358,22.197421817328987,0.021479351446032524,82.29773952923719,22.106288887559632,63.03840423746664,63.07115318988093,1959.75260668736,2000.0,0.7760172537525226
1788706728592,84.36816598486713,22.19742902620571,0.021481258794665337,82.33326835604038,22.158527798939026,63.15959782312086,63.05915269002844,1961.4694811677855,2000.0,0.7754697757017339
1788706728852,84.36873308316929,22.198267658864417,0.021610958501696587,82.25733041538989,22.039734553835203,63.07936434744926,63.26898848412134,1960.3050017627827,2000.0,0.780105255750942
1788706729114,84.3701460230069,22.20052644023745,0.02192567102611065,82.32236579558894,22.140592366740016,63.021261216746154,63.094284278058524,1959.8531750336633,2000.0,0.7767888140555529
1788706729383,84.3721741203248,22.203631063145913,0.022394878789782524,82.42614954125463,22.30168858660138,63.09216961852229,63.03049620415521,1961.2173225288386,2020.0,0.7559291939883749
1788706729643,84.3728757843258,22.204822930764028,0.02259133569896221,82.3634341461655,22.203398946998743,62.900604565490084,62.9643574164694,1958.3871567185993,2000.0,0.7747629563820569
