Time,X,Y,Heading,ProjectedX,ProjectedY,TurretTarget,TurretActual,ShooterTarget,ShooterActual,ShooterPower
1788702559555,71.99544110636073,71.96800892747294,1.5702906847000122,71.9943220200726,69.93124076480458,316.5999134944025,315.975456815146,1699.9984753983922,1640.0,0.7753350617661351
1788702559825,72.00261634165847,71.9711135503814,1.5692349672317505,71.98131036933816,69.94308104320132,316.81282014578636,316.89501980504684,1699.9991578305878,1720.0,0.6954972061153468
1788702560070,72.0044570081816,71.97583296167569,1.5689587593078613,72.13235909843799,69.8466207556853,317.2319453437262,316.8588005173708,1699.9808427029336,1740.0,0.6754984393226354
1788702560331,72.00871985728347,71.97430467981054,1.568626046180725,72.08799525644184,69.87955547462411,316.4659347109463,316.9104838195291,1699.9902865432464,1740.0,0.6754980673843713
1788702560592,72.00441856083908,71.97392020638533,1.5689682960510254,72.0117209914808,69.92810575835067,316.8792621456985,316.76951895188074,1699.9984862805998,1720.0,0.6954993463429063
1788702560846,72.00074203371062,71.97643850732038,1.5695090293884277,71.78023699277448,70.08412717811895,316.29317999288537,316.78821317749635,1699.9778426221283,1740.0,0.675499367815677
1788702561106,72.00722521684301,71.97344442052166,1.5688518285751343,72.01871580203249,69.9248555771787,316.9797808945999,316.4976377392876,1699.9958155177271,1720.0,0.6954910354245192
1788702561373,72.00379379152314,71.9744200218381,1.569069504737854,72.04266934973653,69.90752808594809,316.6934536690002,316.75971094843044,1699.999069753939,1720.0,0.6954993702160555
1788702561633,72.02478604053888,71.9512603038878,1.6257344484329224,72.38502372444827,69.75463369271176,312.2238896040403,314.72003750889786,1699.8605223017203,1700.0,0.7154385110626734
1788702561905,72.08074134165847,71.8866927980438,2.0394954681396484,73.29010984532205,69.71422064141034,289.33801556623945,287.2682502972844,1699.482366156051,1680.0,0.7345006294990244
1788702562162,122.25929080031989,121.50092658095474,0.6979939341545105,120.70140697471504,120.15709103546978,22.2,8.584190614030604,1450.0147525446112,1700.0,0.0
1788702562417,122.27267047551673,121.50488665723427,0.7003616094589233,120.27349103222627,119.80768442874249,22.2,8.418300549654191,1450.3216490638422,1640.0,0.0
1788702562687,124.25000768946852,121.68451264148622,0.691817581653595,122.18341520997834,120.31937156302664,22.78402831268545,20.797070835204238,1452.740878979138,1600.0,0.0
1788702562934,130.46492448941927,122.7790892593504,0.6396145820617676,127.93907461934043,121.40396299344704,44.76393900323785,50.653240159068275,1467.0388539253997,1540.0,0.5505071545966437
1788702563213,140.83380751722441,124.97826763964076,0.6037742495536804,138.2211044832461,123.63487512670552,22.2,7.565355666923608,1494.5226087003407,1520.0,0.6067492048403433
1788702563468,151.80609275036912,127.62358898252954,0.5819687843322754,148.2514893413257,126.0163298643764,337.8,347.34887367394873,1521.0296369200346,1540.0,0.6240794511681147
1788702563746,164.276824710876,132.11058609128938,0.5849173069000244,161.30384394671088,130.31856953682805,327.4212919151045,328.69868640837507,1548.8247620944323,1540.0,0.6622299313546061
1788702564004,174.2996047613189,139.73013810285434,0.7570850849151611,170.84156292083364,136.42974806299952,328.1331093837891,324.40652409541445,1567.0833077767284,1580.0,0.6478400799554052
1788702564281,184.2503537155512,150.48202394500493,0.7985885739326477,181.6347097924559,147.7678336156644,335.2362690742379,333.922200635668,1584.7456513967263,1560.0,0.6933147013989484
1788702564530,193.5142408956693,160.17958753690948,0.585195779800415,190.8949770553678,158.10118040187712,337.8,354.7366254144045,1596.4031842308889,1600.0,0.6703705686907445
1788702564784,202.95792707308073,168.7400998093012,0.5155672430992126,200.47011181654568,167.1876145946665,337.8,358.13553787434154,1607.3706963572354,1620.0,0.6660349609975955
1788702565056,209.7387310839075,172.3797559362697,0.5134574174880981,207.36661370147507,171.1302808618409,337.8,354.849505082984,1612.8471323093688,1620.0,0.6737413652371925
1788702565305,217.88545383243112,175.59062807578744,0.6633438467979431,215.48383104801036,174.11922237595812,336.99164195784647,343.4302501505312,1618.153449941927,1620.0,0.6813285924001484
1788702565584,222.09434208907481,178.37056317667322,0.8544222712516785,220.31899308351387,176.37316862292093,336.60025317926005,335.6196511374478,1621.1591945685482,1660.0,0.6459850334988534
1788702565847,225.13781449926182,180.96003014271656,0.8547607660293579,223.31550259397272,179.0846301366326,336.55980346021136,336.2061285977263,1623.3294310395158,1640.0,0.6690064702114105
1788702566119,225.13902559055117,181.26097671628938,0.7728472352027893,223.4943484256336,178.8665644424192,337.8,339.6110351219352,1623.4608534021122,1640.0,0.6695135315444245
1788702566367,225.66271684301182,181.75027682086616,0.5014767646789551,223.87186960216823,180.60146398923519,337.8,356.7076659521209,1624.017295669063,1660.0,0.6500549190175917
1788702566627,225.29587152436022,182.26550965797244,0.5273441672325134,223.04777645260293,182.47978249905677,337.8,355.31409837715194,1623.9053718905068,1640.0,0.6704495675484308
1788702566902,224.13822204109252,182.57551058070868,0.5127876996994019,221.58849012193713,181.23518070750572,337.8,357.23402528820736,1623.1801464925404,1680.0,0.6289090433209072
1788702567198,225.40546567421262,182.87020946112207,0.5401934385299683,222.96590102904526,181.5511157806475,337.8,353.7932662706552,1624.1518851114351,1700.0,0.6103574700440395
1788702567472,225.27461014394686,182.82655250369095,0.5501918792724609,223.42141603874285,182.16214137482092,337.8,354.9132487467262,1624.182281721707,1640.0,0.6704636061232262
1788702567732,122.26813368909941,121.4815779558317,0.6992741823196411,120.69952763357199,120.30636247169969,22.2,8.656153134944475,1450.0556861887446,1640.0,0.0
1788702567999,120.45390932578741,120.81085445374016,0.6929768323898315,112.37336963826975,117.89179183364143,22.2,2.375601213595985,1425.2524303538248,1580.0,0.0
1788702568261,114.56353615588091,118.63497516301675,0.672956109046936,103.8570474671088,112.85900220553965,337.8,0.45614546021869273,1380.9066257345112,1520.0,0.0
1788702568519,106.38985220841535,114.40360482283465,0.6749097108840942,92.37359990606498,105.84121955395445,337.8,358.06870738246823,1415.327796287479,1460.0,0.5402446331587605
1788702568781,96.38955424151084,107.47911348117619,0.6621773838996887,81.18625456535445,95.42695510244702,337.8,359.727594156963,1507.9376386039373,1460.0,0.6729357263782669
1788702569063,86.2658306932825,98.66059070497047,0.865158200263977,72.92354133578439,86.18920093547314,337.8,346.28702685529413,1565.1881553560972,1540.0,0.6734156062243924
1788702569345,78.13996562807579,90.63172828494095,1.4000428915023804,69.94119026610166,79.22940727983904,314.34399214641724,318.2762518658079,1640.1218540794102,1580.0,0.722464846933906
1788702569605,73.88632947065699,85.03753421813485,2.2819478511810303,71.14029319559417,76.73159325180123,253.82749110732,262.82647552234766,1664.8842202704968,1620.0,0.7418423741941171
1788702569873,72.73528812438485,81.63126307209646,-2.6949257850646973,74.20646486290232,79.49472612669874,174.47436209243006,183.73003126156092,1639.5187648481772,1660.0,0.6672378422734049
1788702570128,72.80071588951772,80.58132862481546,-1.7685941457748413,73.56274494553568,82.32334933044184,139.6583232748259,137.35184737395258,1611.9931222008738,1680.0,0.6158828311407549
1788702570390,72.65526478684794,80.39432075079971,-1.7304233312606812,71.49079693065016,81.05321070977749,138.45464135202008,140.5963033125399,1621.667600550026,1660.0,0.6367315536168059
1788702570639,70.60673751230316,77.47446615864911,-1.5010522603988647,67.82567403826792,72.05635331695414,127.42697966024184,126.07344453234913,1685.088684889099,1640.0,0.7401881485430072
1788702570893,70.06245290200542,69.33701883150836,-1.4834378957748413,70.87414055339602,58.234594855664284,135.48960264691937,135.11517350793247,1714.4326510563724,1660.0,0.7627406612692681
1788702571145,71.57130444143701,57.59858379213829,-1.4741090536117554,71.24936991518307,60.93819118184517,141.0085308689607,140.78908335544997,1701.123050798774,1700.0,0.7128686609339546
1788702571401,72.38160140871064,43.27311838705709,-1.4586881399154663,72.94876353740256,23.72955857629952,143.59818218358132,143.4914672621502,2026.6172111744675,1760.0,1.0
1788702571659,72.91513037493849,28.096683532234252,-1.4576505422592163,73.56815357743142,9.215505067319537,146.46480281384987,146.46240306903513,2000.4861991805233,1820.0,1.0
1788702571941,73.03747462475394,14.461895800012304,-1.9566987752914429,73.1140151110403,6.406049129869057,183.6991914715186,160.94714582208277,1972.872464810194,1860.0,1.0
1788702572259,71.86223548228347,8.849581020084893,-2.6986546516418457,66.67427786960788,5.546988897307412,220.7505544390729,223.00082848893896,1965.5799645034006,1880.0,0.8974249845856317
1788702572542,61.93460299274115,4.767617954043891,-2.711513042449951,50.77341607736733,3.3834200916576425,212.7338625405502,213.6774526906984,1974.7582131467525,1880.0,0.9154948560363741
1788702572808,51.33097490926427,3.7427478700172245,-2.778221607208252,38.297878594704926,2.6131948923685733,213.69917514664616,214.33677630505755,1953.2269208437497,1900.0,0.8783730459560952
1788702573121,37.12332657941683,2.4674878157968596,-2.8096532821655273,23.24506733350145,2.258430578800663,210.77145146038004,211.66269021783532,1901.1108645957177,1960.0,0.7565866696087775
1788702573416,29.481391005628694,4.011305561215859,-2.8142147064208984,31.729594943685758,4.25316221505497,212.92041842725848,209.73499377922255,1923.3541362738501,1900.0,0.8290684730289278
1788702573673,33.406881497600885,6.557921161801796,-2.8107082843780518,34.54544465102528,6.8788799331899755,214.5026115806238,214.0186622008719,1931.2748792270875,1900.0,0.8298641196253572
1788702573921,42.362175888902556,9.254173819474348,-2.8016088008880615,41.39293770602306,9.16856195403712,217.35060522491267,216.54053833295677,1953.6191168364285,1920.0,0.832504816526222
1788702574195,55.61063030573327,11.011938861035926,-2.7835161685943604,55.67030158694339,11.84323433024073,222.07022700895396,221.3857692970448,1982.8107830868155,1960.0,0.8478782808956649
1788702574467,64.15833480714814,8.67481562096303,-2.7692453861236572,65.28011790202261,9.566816051389619,221.4269018818581,223.17266234805305,1976.6905085716614,1980.0,0.8191985179447268
1788702574741,65.27875284510336,8.731492410494587,-2.761601686477661,66.761790784513,9.392842777731769,219.1928525774022,219.26646759034588,1977.2674600607927,1880.0,0.9202465481242027
1788702575023,65.13588732621801,8.689703753614051,-2.763381242752075,66.95651281047509,9.836377059219394,219.34910638110748,219.56663462060283,1977.1295312064433,1720.0,1.0
1788702575278,65.14029915877215,8.694693497785433,-2.7629499435424805,67.04249582494138,9.484390138050706,219.59598734229746,219.45271479058314,1977.7544215538035,1840.0,1.0
1788702575540,65.14250988096703,8.69717395211768,-2.7631688117980957,67.03079841451792,9.422601590318747,219.51339163622606,219.4259804327639,1977.5448809735144,1920.0,0.8796144348503231
1788702575819,65.14274537093996,8.698236059954787,-2.763300895690918,67.03632554399812,9.446921101665135,219.4134170666314,219.49821171333278,1977.280178747728,1980.0,0.819817987871475
1788702576095,65.14301930825542,8.694191880113497,-2.7630250453948975,67.05284142498085,9.519832696227894,219.35282173970086,219.33032137017466,1977.1685340450283,1980.0,0.8192824501928415
1788702576381,64.12922536294292,8.723410058209277,-2.8794174194335938,61.42393597420857,9.227947558469287,227.84408807545174,225.2327586197643,1975.7596496992232,1980.0,0.817360126678419
1788702576654,57.19424270269439,8.334092267854945,3.1284708976745605,46.159013292786085,8.385061526255289,236.81630448466956,237.87638711853253,1975.2956037942563,1940.0,0.8601513824364757
1788702576971,42.045552411417326,8.708451639010212,3.1083762645721436,25.946574537138257,9.18822403261392,231.18529490760412,232.96270361923172,1920.3078630102214,1920.0,0.8244732902701493
1788702577266,24.109242356668307,9.067306518554688,3.125093460083008,7.243265238124014,9.7271982964869,225.09238429108493,226.49388777010654,1853.2257040518527,1960.0,0.0
1788702577557,20.541622131828248,11.2947479007751,-2.8677165508270264,21.847372916758175,11.371147168267902,211.3229092491361,205.61136493925096,1884.1736180055661,1920.0,0.757664621817411
1788702577865,25.742761807178887,11.951786551888535,-2.8491435050964355,26.08422381355194,12.407445012582075,213.64147311586476,213.8688247095358,1898.7445196965102,1880.0,0.8062309482367356
1788702578135,35.77241912601501,14.296425646684302,-2.8532161712646484,33.88374395852292,13.729692915846206,217.14623184045013,215.97977432900458,1926.6496764222768,1880.0,0.8360971658265752
1788702578402,49.10132701002707,17.709297720841533,-2.841278076171875,49.475304566971815,17.992117004551506,222.16084037593015,221.4613984800737,2029.980469447856,1940.0,0.9193591596661076
1788702578668,61.98538712629183,17.941735935962107,-2.839482307434082,63.01543929082955,18.853041775672093,226.72200901056212,226.3424001601379,1997.6679636635056,1940.0,0.8872076094127865
1788702578915,67.8592711921752,12.521281805564099,-2.822671890258789,69.5160188131872,13.757405761997207,226.04438568383432,226.21392656557316,2016.787149867806,1820.0,1.0
1788702579169,67.00000672828494,6.901543084092028,-2.7740745544433594,62.83438549129159,5.458243879399477,218.67060413733395,220.3055245444946,1966.507748834242,1720.0,1.0
1788702579443,62.89097583200049,9.7040756105438,-2.804871082305908,65.14138569455167,9.861057894607919,217.96002167660384,218.79775157259724,1975.6042749568765,1740.0,1.0
1788702579709,59.57906407634105,17.298495074895424,-2.8168625831604004,61.89276142166276,16.89854716880505,214.72403151856133,215.59254601881918,1991.9218457762122,1760.0,1.0
1788702579978,54.42606287678396,24.287904754398376,-2.8360114097595215,57.215519642022834,24.511694586143335,212.97182984873277,212.8706597002735,1997.607731982328,1780.0,1.0
1788702580257,44.5587158203125,22.727762057086615,-2.853729724884033,33.792615270291854,18.71284600212784,212.39136583155494,213.3535029534578,1964.486517531782,1820.0,1.0
1788702580549,31.890770619309798,18.642775167630415,-2.861316442489624,18.140432669612625,15.746542217525281,209.56621844565288,209.85213449449165,1876.6567402582455,1860.0,0.8148151278717252
1788702580838,18.432256743663878,16.913268322081077,-2.897982120513916,17.7167226286226,18.91188924582776,209.0627921026089,207.8966642912823,1839.9354370276433,1880.0,0.7361680561137314
1788702581111,21.896612212413878,19.848846675842765,-2.8694794178009033,22.97228709716408,19.635816130889467,210.69135956213302,211.07931787895302,1880.2603453289214,1860.0,0.8025975121606491
1788702581395,23.197742372047248,18.612255186546506,-2.843871831893921,23.19465722838315,14.564564339575032,209.79675097026842,209.30865253074316,1891.1973002616462,1860.0,0.8252969911726699
1788702581750,21.36934535709892,19.396325058824434,-2.8062984943389893,23.16442077751022,18.992705396139623,205.15776009792904,206.48373639816384,1886.1995491341531,1860.0,0.8169024870907714
1788702581998,24.793314295490894,24.113767128291094,-2.656559944152832,25.62336631732718,23.993714537583337,196.15026668851064,201.67091208870244,1883.6272233150364,1880.0,0.7886949607610978
1788702582291,30.588833065483517,28.001040961798722,-2.169304132461548,29.90991220350014,28.222567510354914,168.8951247529103,174.6937542840671,1889.4851068264543,1940.0,0.7356081423204076
1788702582532,36.97850985789862,32.5238349494033,-1.5852044820785522,36.185071252409145,33.669218711877825,130.8369781766218,138.32047158482743,1893.9518006942128,1920.0,0.7658691768754787
1788702582818,43.08041550043061,37.26342869555857,-1.1657966375350952,41.21755056310164,38.23320103983019,111.64760837860749,111.20655823179845,1874.9322215082352,1920.0,0.7425813325530888
1788702583066,49.421627014640755,43.20667657326526,-1.145987868309021,47.857957434341856,44.3648328290889,112.21734705630877,112.07600295335398,1828.6241336949442,1920.0,0.6823576088501112
1788702583336,56.35938749538632,49.96526282603346,-1.149147391319275,54.27430492279079,50.65236085434706,113.19814885735384,112.4443356563478,1779.2758626021543,1880.0,0.0
1788702583585,62.72087998277559,56.753664992925685,-1.2479733228683472,61.3984350017048,57.91373711815514,121.29238683780397,119.23954712890108,1736.3778626858154,1840.0,0.0
1788702583870,67.99466350885827,63.49877545214075,-1.7432845830917358,67.3032493752874,64.38679724588245,151.3016819173475,147.9557858426022,1703.716259504706,1780.0,0.6448028854487298
1788702584142,72.77412474624754,69.40427284541093,-2.3096206188201904,73.38440227191296,70.25999173458145,186.63471662753216,184.23883054892104,1699.6427779468866,1660.0,0.7550024558672694
1788702584426,79.08635177011566,75.05953570989173,-2.91213321685791,80.08077865154203,75.08919599045163,223.978660439648,217.2140125841914,1651.9174610240932,1500.0,1.0
1788702584684,82.95845572404036,75.03814456969735,2.870246648788452,86.4028662493719,70.79675970463887,254.49010915217752,250.94136504847222,1599.4711675899052,1560.0,0.719355234281304
1788702584940,82.5770965335876,70.97896545890748,2.424196481704712,82.95442905320496,63.9585768140692,277.60041232387874,273.4368972067157,1644.9136581690173,1600.0,0.7346648460449147
1788702585199,81.80999515563484,65.53067905696359,1.8541604280471802,82.88984873809152,56.92302850901483,319.4850036412239,314.590146143727,1698.2041229722172,1660.0,0.7438121019093169
1788702585456,83.98178941621556,63.66753525621309,1.315202236175537,83.04556491697463,61.64222121894721,337.8,342.85383709755143,1665.9921564442163,1680.0,0.6899286191707656
1788702585730,88.60217957984744,64.28277443713091,0.7989904284477234,86.81107367467648,62.68517252524725,22.66800385295994,18.95318580622302,1632.8442978131536,1680.0,0.6481016364354505
1788702586001,94.22771784264272,64.0257827878937,0.27929040789604187,91.36665465249725,63.552871000246114,54.78323592088202,47.91443842990935,1591.5899682429626,1660.0,0.6146972198920276
1788702586275,101.08175442913387,61.13564799151083,0.17701455950737,98.1648468519455,61.054000030689636,62.30640336322324,62.60772814301674,1581.316162065237,1620.0,0.6268594558505522
1788702586582,113.22087806040847,60.32034806379183,0.1523345559835434,107.49745561543475,59.94492010696806,72.50685846411102,69.14390994079264,1601.2660252579624,1600.0,0.6709175025596912
1788702586883,129.40046175258368,62.18568816898376,0.15608426928520203,124.18153022683568,61.209309912894724,75.5180356505316,77.83066448201174,1607.089205965195,1620.0,0.6697913863094447
1788702587127,133.15685362327756,62.57829320712353,0.2344561070203781,126.02831628003656,60.485620278847065,67.56365296711613,71.38611684752914,1607.2109255196076,1600.0,0.6904647156699046
1788702587400,127.29955477977362,59.42947027251477,0.25311899185180664,119.68856254220994,53.16462186568528,63.26168952201692,62.56839770421982,1657.9740262858452,1640.0,0.7104298505936442
1788702587671,127.81886303518701,58.39008962075541,0.3372272849082947,125.39793217353582,57.55146849071979,63.54176814787587,63.73592414776169,1627.277024003271,1640.0,0.675140123590521
1788702587958,131.63480022760828,62.714281457615655,0.33365440368652344,129.52909944444247,61.62001770291696,67.96956882075676,65.98253216923194,1604.73743800084,1620.0,0.668083345602289
1788702588235,131.93236343503938,62.99505278820128,0.21037347614765167,129.5963714261518,62.36299483164156,72.50663341915981,71.42198640611082,1596.8376747638433,1660.0,0.6116647789634322
1788702588497,131.84532826341044,62.58200818159449,0.20771078765392303,129.0891457199419,59.22282492030949,72.24689710305,72.78478734806532,1606.2468638220012,1660.0,0.6157955671685175
1788702588787,132.55260557640256,58.455137718380904,0.48104459047317505,130.23407248940384,58.56342859394315,56.40030716515855,55.872205984088055,1614.026555844542,1660.0,0.6771625106584394
1788702589071,136.26767616572343,53.48780834768701,0.4996826648712158,133.8846954660231,53.44647458560455,60.07206779186498,58.32767516613251,1640.602267174068,1660.0,0.6675129909052441
1788702589364,135.93133881336124,53.11876191867618,0.46943143010139465,134.12036452105465,51.898043063991295,60.63804699015628,60.64940086470483,1652.0568639627056,1680.0,0.672710283266614
1788702589625,135.88614396222934,56.57866710752953,0.36760270595550537,133.76892723764115,54.7936141467889,70.27588637283003,60.87468671954201,1644.5918264651073,1680.0,0.6652469165857667
1788702589894,135.6166761503445,56.98300339105561,0.30727049708366394,129.65096318624143,52.99323115221178,69.40578534230593,71.45244556330647,1636.8158890007867,1680.0,0.6363274936329915
1788702590165,129.79462390809547,55.900787593811515,0.21344760060310364,121.04320127547041,55.90172748517461,65.24288313079671,61.37395065558604,1644.590303126365,1640.0,0.7032954753961252
1788702590429,123.91087329293799,57.30996439776083,-0.24082033336162567,123.49008677167514,56.959558448069046,90.73811755541028,85.99997664612329,1633.850597564893,1660.0,0.6673318201329055
1788702590698,117.27139210137796,60.33107006643701,-0.7927054762840271,117.45173091412643,60.67378260059609,117.80551147563224,110.38245344251202,1615.6252655278363,1660.0,0.6456415976620805
1788702590966,111.04714220903051,63.91892801119587,-1.341936469078064,111.83482726490061,64.75531205773437,143.54016089544018,137.61277045983155,1587.214238045362,1660.0,0.609223012805692
1788702591226,106.32931686761812,67.6785110113189,-1.9610000848770142,107.64601125559062,69.0790141390448,181.9190166307767,176.0600742733378,1558.4642843229403,1620.0,0.6031474940688567
1788702591488,100.78226885457678,70.53245724655513,-2.5757839679718018,103.02127083629554,71.51539193269882,213.87916383375477,210.0940195205625,1540.2163900907328,1620.0,0.5764007050738671
1788702591735,95.04106176181102,72.22380390317421,-3.1342248916625977,98.21513976304371,72.10492834406882,239.50529666919272,234.12925747045884,1528.7442777998235,1580.0,0.6191737056256689
1788702592009,87.96838475024607,74.54450472133367,2.565229654312134,90.66125090111885,73.22601390214693,269.01418130118105,265.79740730989937,1543.5459008002513,1560.0,0.6309483566206653
1788702592250,81.45258865957186,77.56380336491142,1.983590006828308,83.54088037937765,75.15121587302939,296.0774359702563,290.0681730344361,1594.738550155002,1540.0,0.7172187118440866
1788702592516,76.57067006028544,81.6402693620817,1.3667343854904175,76.72121420768924,79.20577334689659,329.4599243108225,325.903415426906,1630.6233628558202,1620.0,0.6996284353110516
1788702592801,75.64614603838584,82.65961414247047,1.2524627447128296,75.21242244183384,80.74365144783984,331.5792294592346,331.4733080437918,1622.1043639075478,1620.0,0.681157210721805
1788702593087,75.6358902097687,82.61310246985728,1.2537988424301147,74.73226026135151,80.74729957729357,331.6074369020639,331.30374755370025,1623.4745116762183,1640.0,0.6686148564646247
1788702593365,75.6527541753814,82.45924581692914,1.5748313665390015,75.20994131981706,80.25170183041801,306.8130576060987,323.64370246187536,1623.735711245647,1620.0,0.6925724991227256
1788702593642,75.50811046690454,82.16062530757875,2.592965841293335,76.99585872618648,79.80834792064569,242.7273607407239,257.42823100982633,1620.087390117904,1620.0,0.6948090323142858
1788702593925,75.74651282603347,81.57863827202264,-2.556293249130249,78.71788843958123,79.97131904280464,175.5596473545418,187.29969127203404,1602.7542575997877,1640.0,0.6515385368253529
1788702594174,76.44908514548474,77.58854422982284,-2.1326208114624023,78.64981320563847,71.01401016232847,170.7168886083093,168.55324370371193,1666.285241160076,1660.0,0.704312210924752
1788702594427,76.86060147022638,70.67412609190454,-2.1060237884521484,77.83010548659072,60.734710314403216,173.46111912558297,172.2622500986128,1686.0517981471255,1720.0,0.6711915625956042
1788702594706,74.12798543614666,61.4595428226501,-2.086268424987793,67.41677820713684,52.3024975489656,170.89316576709092,171.70622449780342,1741.9402857521764,1720.0,0.751302440826253
1788702594967,72.52377968134843,59.558408241572344,-2.0484914779663086,73.2383600193728,61.21549016901074,169.02008588663347,167.91349424490215,1701.643738519944,1740.0,0.6785085801435679
1788702595240,76.88914862204724,62.566759004367626,-2.0629525184631348,77.327529601147,63.9381403515805,171.42050314934468,171.0453113730539,1687.6613069293724,1680.0,0.7215476278947215
1788702595516,79.73278135765257,69.97262549212599,-2.0957858562469482,80.8863493384095,70.84846631698682,166.17730983020834,166.2878525430279,1652.346596900229,1580.0,0.7743259557077778
1788702595785,77.69868144838829,68.67279773622047,-2.180727243423462,75.46312149312084,63.53137543002123,176.27940824346953,176.2002733131219,1689.6861190053398,1500.0,1.0
1788702596045,74.06662347748524,61.50872177965059,-2.1674838066101074,69.79087334503238,52.01434660477887,175.86207250065104,175.69668886277822,1738.7363888679454,1580.0,1.0
1788702596330,68.69093527005414,51.60985270823081,-2.1498310565948486,62.145524052299734,44.85069533953578,175.01757252988932,176.3876029939647,1791.0859691609667,1660.0,1.0
1788702596596,64.16994109867126,49.39675638994833,-2.0949761867523193,65.30625012827986,50.68967426520992,167.14918213334528,170.95050241404866,1755.2808464974305,1700.0,0.8028856414050423
1788702596871,68.1559693343996,53.65440068282481,-2.0665738582611084,68.61063612698682,54.944757553889964,169.6822489994729,169.52274718993957,1737.5694639427297,1740.0,0.7308707994706246
1788702597137,73.96862120140257,61.43815648837352,-2.083932399749756,74.10326346920213,61.663898106016326,169.129873207868,169.55654698232826,1702.8387685551527,1740.0,0.6878544189989765
1788702597436,74.57402747447097,68.29224593996062,-2.150456428527832,71.88044065734705,71.28108586302126,170.77751966112547,168.57198173893255,1688.7891355437998,1720.0,0.6793101323621106
1788702597711,71.23409241203248,64.24976739357776,-2.185527801513672,69.98266845136237,57.557987808335156,172.66105160699115,175.65639491707773,1715.2398346334444,1640.0,0.7879991612457911
1788702597968,70.17920306348425,58.45946785033218,-1.747434377670288,70.3444161288673,51.77453546168691,145.15933090439347,149.35612252018632,1740.5267449710518,1700.0,0.7667858402459437
1788702598225,71.63243571604332,51.73484501876231,-1.2392101287841797,70.68503532435642,54.50831224667109,120.24022358262152,123.1339188480988,1731.1994768169998,1760.0,0.6922757937931969
1788702598470,75.71880190391241,46.53762456938976,-0.7802621126174927,73.6261989602951,48.760901472528175,97.80896099854024,99.77361774230226,1742.986387123063,1780.0,0.6950957313329591
1788702598735,83.9344511257382,41.19578444112943,-0.48501312732696533,80.90101779542341,42.87316838478458,94.56090513591758,93.43412441250699,1768.8739905934622,1800.0,0.703296703063283
1788702599057,97.27687084768702,32.85438357375738,-0.46971046924591064,91.89211303042116,36.13027995563396,102.36139295634993,100.50924943811445,1819.7347961268458,1780.0,0.776932545492641
1788702599345,111.25365249753938,23.985307348056104,-0.4690304398536682,106.3417225539299,26.731014175930312,111.06874371461991,109.3792614052203,1864.5236059371343,1860.0,0.7842660854524057
1788702599647,127.3589751476378,15.939341868002584,-0.47903507947921753,122.12624072308033,18.309715136980778,115.04983281196921,116.186202832327,1830.8900289432188,1900.0,0.7092804617060865
1788702599953,129.86770269438975,17.357311098594366,-0.45248907804489136,129.22079837465205,17.40910936129154,108.87195114559353,110.03843156104992,1794.2839829655481,1840.0,0.706201904145785
1788702600201,123.6338986374262,22.470241756889767,-0.4648899435997009,123.31288915663434,22.03813752708126,103.08724265307215,104.29138927811172,1802.152122688488,1820.0,0.7329692476963681
1788702600475,117.8226212629183,30.239159291184794,-0.45789480209350586,117.19823465412071,29.043149166480745,99.98691287680471,100.85982911929163,1807.2984384557453,1860.0,0.7047947598267899
1788702600722,114.09731406865158,38.84067565437377,-0.4485039710998535,113.02568298239622,37.76244397507332,96.74042219001619,96.97808070328435,1783.4437894562695,1840.0,0.7062743284589864
1788702601000,109.23105314960631,48.51075179933563,-0.4485624432563782,107.8877323589601,48.597819149534395,89.25757201735428,89.48392519106453,1708.0265232394345,1820.0,0.0
1788702601261,102.69103523314469,57.55310539185532,-0.4423378109931946,101.5659549297729,57.562263213098525,81.678301066166,81.90591209213117,1629.5431840268154,1780.0,0.0
1788702601531,94.74120132566438,66.43646480530266,-0.4340108036994934,93.76657064136705,66.37556807956925,71.81505788836861,72.7655691833453,1543.4303185978686,1720.0,0.0
1788702601816,86.7546309824065,75.9317136749508,-0.7933425903320312,86.14546177276658,75.83416440668574,91.90445622293016,89.56694303099756,1581.890729257144,1660.0,0.5878570218657713
1788702602093,83.24614757627954,84.18995294045276,-1.3837411403656006,82.92460260184535,85.28382144138239,124.77822947040465,120.8330436607625,1558.6953426072037,1640.0,0.5866736942268307
1788702602362,83.94624484805611,91.75845649298721,-1.9866933822631836,84.19168248654698,92.52154100351991,156.6366352821753,151.39771188644536,1516.6016280553674,1600.0,0.5697261513808084
1788702602650,87.26840282049704,94.18020653912401,-2.4923322200775146,88.54682554201311,95.65058421079242,193.0680563568957,190.11064651828616,1457.520914881347,1560.0,0.0
1788702602920,88.09922105684055,90.65005805548721,-2.9085283279418945,89.14590623921296,85.81384572042191,220.77675534763495,215.9509992508043,1487.8531712832505,1520.0,0.5790888800334436
1788702603188,87.46036078986222,85.67627914308562,2.8462259769439697,88.66293835733967,78.24788644378444,253.25733014745617,250.1622544012469,1549.1510466332015,1520.0,0.6842601705088218
1788702603475,88.27115757258859,79.94373231422246,2.276820421218872,91.4125959786063,71.07256148649613,291.9701130970981,288.29010629611344,1544.9470024476277,1560.0,0.6462498846229494
1788702603733,89.56980307271162,75.16348771222934,1.6521261930465698,89.64136750828256,73.38371309368843,332.5178184766277,327.9280038661675,1558.1909785199884,1460.0,0.7456242115046544
1788702604001,91.13757035863682,78.88150913508859,1.5540350675582886,91.01386354532023,76.2065677992409,318.198941964823,321.1130028569418,1549.9514748897545,1380.0,1.0
1788702604278,90.95159095103347,85.84770623154529,2.0057241916656494,91.75538392968383,83.09102331060612,282.4940603653843,286.3872628391383,1519.5590931960564,1400.0,1.0
1788702604566,89.75109190452756,92.90486012856792,2.584851026535034,91.60762687582707,90.87922706811675,244.15900512205013,248.14708101312027,1432.7728807379167,1520.0,0.5366875604687673
1788702604812,87.66313207431104,97.60874830831695,-3.034400701522827,90.11342594952824,97.24543066157877,198.274145523048,202.20636162179443,1430.8131058836746,1480.0,0.5561720708557718
1788702605071,82.66999492495079,98.26378529466044,-2.393735408782959,77.5926228846873,96.2720291643583,162.2568922536739,166.7823104915922,1530.498193331007,1480.0,0.6963045329500498
1788702605337,79.03885007843259,93.46487450787401,-1.881941556930542,76.90203230221447,86.82805390331049,141.1162525939726,143.78090090372257,1553.541229484353,1520.0,0.6885766805463683
1788702605583,78.0954772468627,86.37923113004429,-1.4200892448425293,77.27769043779053,77.08565197767899,122.02629220867917,121.79256177886901,1629.4996941240724,1560.0,0.7484033555118852
1788702605874,76.18026613250493,76.9916059839444,-1.3787508010864258,71.62771106169356,67.0391235465089,127.18907929391706,125.86887131744705,1698.6869492416233,1620.0,0.7945955376457495
1788702606120,73.66819366695374,68.79737193190208,-1.7107999324798584,70.84082516054576,58.23899992561766,154.87777365658854,151.80241778723476,1705.374604373636,1680.0,0.7362073409824499
1788702606412,71.2995970718504,56.39926219549705,-1.7888140678405762,67.04421863542898,42.704244263297866,156.89570420892082,156.36257836676987,1745.0252804951529,1740.0,0.7356907574693273
1788702606671,66.8504225362943,45.189679964320874,-1.949172019958496,60.81170273974172,35.98692867803033,165.90360228693118,159.87326677493715,1863.8466096048799,1780.0,0.8218397228898028
1788702606972,58.869105061208174,34.394144373615894,-2.2204198837280273,50.33476915215477,23.627262982799493,180.85518239581694,182.43334123198937,2015.6035417354722,1840.0,1.0
1788702607221,50.26268666184794,23.196161225086122,-2.2249367237091064,41.11071334798935,9.458511106703671,179.98278312941548,179.77512912093937,1976.1922352868683,1880.0,0.9466543542611997
1788702607526,40.65524844672737,8.717288520392472,-2.2250335216522217,30.56733168648008,-5.796852034776499,180.6289207064005,180.8274205711622,1922.9019856604802,1940.0,0.8051136608792866
1788702607818,32.22613477331447,6.818959994578925,-2.0991744995117188,34.78606055875814,7.711055526398324,165.8565291549923,169.36021498906487,1942.3297859532092,1940.0,0.8247032883807647
1788702608081,30.03876693605438,13.094371885765257,-2.208909034729004,31.193023156363466,13.925413019802956,177.4392606160793,169.09022698248393,1924.9406724981447,1940.0,0.7874614057399798
1788702608382,27.59575070358637,13.74857624684732,-2.7725038528442383,25.84181462302201,10.250514404815261,210.5732671475547,211.0296200400921,1905.186698612232,1940.0,0.7581641086901127
1788702608646,23.034600685900593,8.979775736651083,-2.771453619003296,15.419063142953645,4.526768680218518,207.3962030468354,207.87020654111518,1880.5275644167805,1940.0,0.7373930189200619
1788702608968,21.592118871493604,10.09550680325726,-2.8115594387054443,22.52614837643115,9.9435415052247,209.13661493003056,209.09808865363885,1887.2616857564274,1920.0,0.7549583577689621
1788702609226,28.99768018347072,12.996152141901451,-2.809178113937378,28.813474087526526,12.985318777069946,212.66410948330912,211.4347059818638,1903.816993503466,1900.0,0.7885767333412617
1788702609476,40.13712244709645,17.34471959391917,-2.814470052719116,40.92994931028179,17.482295259295675,215.84288714184527,216.00775322866264,1974.8914310075463,1940.0,0.8445150095534792
1788702609731,49.36088501937746,23.96055446835015,-2.8219192028045654,50.172235843111615,23.38353028183239,215.46967796379295,215.69232641257517,2058.310137641485,1960.0,0.9460769932477043
1788702609998,54.22489196296752,32.90360578401821,-2.830068349838257,55.85364172833409,32.70594476915705,212.57911546714658,212.6529284823071,1943.8690482684149,1980.0,0.7950349495274271
1788702610274,57.61574572465551,43.1048583984375,-2.8290905952453613,59.233744911081935,42.76895344898297,209.47648842658805,209.8438449329408,1822.7376949617615,1960.0,0.0
1788702610530,61.10298216812254,52.49145027220719,-2.8181729316711426,62.71009724967788,52.35144891622757,208.21068912813928,208.2933012060127,1755.3007903667672,1900.0,0.0
1788702610809,66.11818328617126,62.383442075233766,-2.794804811477661,67.41735575667614,62.06207805842209,205.11772904623783,206.59148292075056,1713.5244211355946,1860.0,0.0
1788702611080,72.33299916184794,69.37529316098671,-2.322417736053467,73.23051049878451,70.30141364816572,168.74550649387524,174.01791466088548,1699.661800621007,1800.0,0.0
1788702611351,77.85468634657973,72.69343338613434,-1.4238755702972412,77.29039442859673,74.5009227509831,114.78108517116411,126.90111665596896,1669.1866967342858,1740.0,0.6397067400967253
1788702611627,81.64218211737206,72.54743921475148,-0.4349716901779175,79.44195294330139,73.78287680015595,66.8710780996258,70.06774749370939,1651.3523548352284,1720.0,0.6286251364525552
1788702611889,85.55016224778544,73.85714793768456,-0.060974329710006714,83.24298173180634,73.51483829984929,51.84318761039527,52.563576955714815,1622.6991082842812,1700.0,0.6165120097570229
1788702612148,85.65749761626476,77.2933166984498,-0.41878795623779297,83.76793591649145,77.7821887542165,84.23904070201493,77.17621020079494,1595.4251202857463,1560.0,0.7124732004683616
1788702612423,85.40871447465551,78.26498196819637,-1.5159509181976318,84.94052892311424,80.76108284933613,153.24343191954924,146.91231936390366,1569.8784361172932,1520.0,0.7206548430342342
1788702612684,85.3465835691437,77.94224055733268,-2.5817067623138428,86.99269871044444,74.50041207883291,211.30216900464296,208.45950428012287,1573.431548761947,1500.0,0.7377146907635993
1788702612949,84.28230345718504,73.75136007474164,-3.128679037094116,83.82619840109555,67.24352989189973,241.73861042119498,237.78327312029745,1623.2570960859532,1580.0,0.7160921971241111
1788702613219,83.67882435716044,67.89147564745325,2.6488242149353027,85.30348004917015,67.55276235784217,271.67753115615835,270.8377745555228,1614.1987614218747,1620.0,0.7365000252453051
1788702613459,87.9337052472933,64.37649464044046,2.5585007667541504,89.39481232320564,63.40741930129941,274.9254956418255,275.364233994028,1600.9129049769629,1620.0,0.6604898937704924
1788702613745,89.95234451894684,65.16028216504675,2.3640506267547607,91.17540915492025,63.48649685350482,289.5838935665704,286.65185056414185,1587.271109478543,1620.0,0.6434953397583426
1788702614013,93.83221964197836,67.43284210445374,1.883614420890808,93.9308235266754,65.39987137374396,322.7509175203874,317.77263272538573,1550.067397049024,1600.0,0.6124220248324908
1788702614278,99.06640240526575,67.48605322650099,1.3531769514083862,97.35273901990496,65.40739761371198,337.8,348.25442235125007,1540.5249865964454,1580.0,0.613864007012213
1788702614534,102.59239857591045,71.6254623292938,1.1748427152633667,101.33177715317802,68.23029634980561,337.8,358.3273224138299,1542.1222281018654,1540.0,0.6583273993534617
1788702614778,103.2046340581939,78.51686012087845,1.4291681051254272,102.73371072312253,74.93537219079563,332.25831571157266,340.6011695799227,1535.1638671273,1560.0,0.6291148715680419
1788702615050,101.95248100701279,85.05992979515256,1.9568251371383667,103.00884687332724,82.01968343032975,294.23705955607227,303.41199389520347,1505.7903023371152,1580.0,0.5783124768219664
1788702615299,97.03342227485236,88.78695750799706,2.578766107559204,99.25783428066912,87.40041609110497,249.42564302749548,252.82213289436646,1446.724749039393,1580.0,0.0
1788702615579,91.22531680610237,88.30184816375493,-3.0981972217559814,86.06649025993094,84.27196945699463,214.05109673784858,218.38586850662054,1528.8010345804275,1540.0,0.621301788076174
1788702615825,87.20280204232284,83.84380190391241,-2.434474229812622,85.00920666063587,76.93858920198448,179.3258844624985,182.89667422671937,1577.6871891205278,1540.0,0.7032321079417052
1788702616077,85.6892166738435,78.1186994417446,-1.9138352870941162,85.44472783903275,70.8520340709679,153.7087475727172,157.45869302529488,1599.6338794039534,1480.0,1.0
1788702616359,86.65858952079232,70.65283587598425,-1.363571047782898,86.08677994380774,73.5038219211028,128.16108850494766,130.69773684749208,1589.2728241716752,1580.0,0.679627757292061
1788702616620,89.931121585876,63.53311373492864,-0.8026348352432251,88.0145016915533,66.28614190627371,101.10700293465943,105.39396684188624,1591.3244882936783,1600.0,0.6640262275273761
1788702616863,95.01060185469981,58.09238223578986,-0.22502905130386353,92.3220118479501,59.07485707244688,70.52078746009015,74.59056669154835,1619.2952206310301,1620.0,0.678496029976184
1788702617127,104.21005128875493,56.67522280234991,0.06082460284233093,100.64226701480348,56.604034271892544,72.29770464421034,70.12208948666745,1630.5789661494118,1640.0,0.6795901879917042
1788702617386,117.0447065698819,56.95006363035187,0.10419663786888123,113.41907355549574,56.623551235124,80.224523436977,81.73255836761035,1635.8399234453088,1660.0,0.666400787341932
1788702617642,125.4785444605069,60.81883227731299,0.5381045341491699,122.97068075440926,59.04671107125519,49.193358276384174,49.596549846297876,1622.232254665159,1680.0,0.631476247841371
1788702617894,127.66488142839567,62.616019661970974,0.5648712515830994,126.48291517237361,62.06749706151363,50.04455980577751,50.915518565260925,1598.3228826012303,1680.0,0.6062302366166273
1788702618160,129.4390532726378,62.449451356422244,0.39601069688796997,126.96086095863443,61.650856600845984,66.57013578505052,65.00553461114839,1601.4500006348658,1680.0,0.5990644522872848
1788702618443,130.4398375984252,62.69399087260089,0.3884589374065399,128.26734092316366,61.76506009669966,61.300937701621706,61.35078668272615,1600.2779602386374,1660.0,0.6159800674921557
1788702618690,133.22707769438978,63.1775863527313,0.40342220664024353,131.03650186628138,62.30380468354329,65.82475327982303,67.10791327899574,1598.6719470693167,1660.0,0.6159467724768559
1788702618943,133.5245928426427,62.91702390655758,0.4455292224884033,131.01501980919898,59.68187172666146,59.70646868919118,60.98800759287502,1607.5213367175986,1680.0,0.6028968041879789
1788702619217,134.48848694328248,59.20717734990158,0.446094274520874,131.83675428475235,59.83157797455342,61.96405150564112,61.340891848489605,1609.9379815188033,1660.0,0.6712158001180825
1788702619489,136.18588905634843,56.55968373216044,0.40399450063705444,132.9353906429529,55.58074929968165,65.56564588611195,66.74236115639314,1637.6897363713338,1700.0,0.6423277522751116
1788702619772,135.02352977362204,56.276922751599415,0.6323211193084717,132.64002993576835,55.08607093238908,47.486786839259025,46.394475542265354,1638.2410098258613,1700.0,0.6302437690885743
1788702620012,135.23137610728347,58.382914385457674,0.6197896599769592,133.46270861838158,56.53822046218344,52.16911034970951,51.75280705024744,1634.605187131634,1680.0,0.6491344394748133
1788702620320,135.18155796321358,59.389537901390256,0.6130908727645874,132.33054108297463,59.727056428567316,51.284729183299305,52.81046492971234,1614.5875122504565,1660.0,0.6457002438950277
1788702620568,132.8440748800443,61.00488377368356,0.6189547777175903,132.01332014794295,59.59357734712457,46.40021605469872,47.9607658275653,1616.3827072716163,1620.0,0.6675668988829088
1788702620840,127.57907657172737,61.71581358421506,0.6080849170684814,123.53916997772431,59.97652712910297,41.017175139640244,42.26726998954376,1608.5761525645905,1640.0,0.6377656181903406
1788702621123,129.36509019746555,61.555223840428155,0.6320329904556274,126.55776958023316,60.369790091867586,49.79131666985171,49.00630379054081,1609.6323692948404,1640.0,0.6506066003170398
1788702621449,135.29120978407974,58.5937163585753,0.6562172770500183,132.67688126892028,58.46341657137996,51.4098864786165,51.43157194253894,1613.6271239390226,1620.0,0.6721269557897602
1788702621689,135.18484521099904,59.57621897299459,0.661838710308075,133.52457030666162,57.69804738646453,49.801053458523256,49.30951446961336,1627.4960099270097,1640.0,0.6773898613539231
1788702622001,132.09419791154036,60.768725778174215,0.5147878527641296,123.24410045181796,57.90323080150151,53.955791766534105,53.512413446717574,1622.5123806807806,1640.0,0.657707593987761
1788702622290,124.94818259411909,59.886565921813485,0.2414240837097168,114.61343564987939,59.285873780881786,64.01899706024932,57.0376113874907,1622.1585044507528,1640.0,0.6732250030907551
1788702622551,118.28595018762304,61.67070043368603,-0.29124587774276733,116.99002598316608,61.797229086014816,93.13161171300352,89.62823559490542,1603.4839861449293,1640.0,0.6467636498349404
1788702622833,111.58856729822834,65.76221856545276,-0.9110175967216492,111.00465372220545,66.71267368897061,122.98040175733024,120.18183121435746,1573.031130252723,1640.0,0.6045079464493283
1788702623089,105.59123362143208,70.93573622816191,-1.542488694190979,105.9284448756164,72.41430172075084,155.3741445098583,151.6022211159744,1542.5884899358985,1640.0,0.560469676491612
1788702623380,101.07018177903544,76.50909664124016,-2.2999250888824463,102.88832556905959,77.30160925159936,194.97737406011274,188.71509799902822,1526.3262124337928,1580.0,0.5970882635758945
1788702623645,95.65636341966044,81.48266409325787,-2.661487102508545,98.3100644578383,81.81349722299178,200.64057287871637,201.81304016644884,1505.9772293632677,1560.0,0.592077509182536
1788702623906,89.22509381151575,85.67104069266732,-2.87738299369812,91.97990964476466,85.79101701598141,211.43142758293658,208.16225175776785,1480.8915417946218,1540.0,0.5729860757038345
1788702624172,82.98270638533465,89.31640625,3.08225417137146,85.963943403184,88.79020271135423,221.7747926153127,223.29686177170873,1504.4419029290937,1500.0,0.6372968758711581
1788702624444,73.09413158987451,90.47646830401084,3.0392119884490967,64.46246118156658,90.35963544790883,220.1178513861377,219.47218183391996,1592.8209931269348,1500.0,0.7701599278119223
1788702624706,69.18915515809547,90.54598109928642,3.0220677852630615,69.92842773979754,90.51910867431148,222.36130237367757,221.94976025938604,1545.803948514554,1580.0,0.6304360827105192
1788702624955,69.07231849009597,90.56565652682087,3.0224123001098633,71.37537615722388,90.38601178000786,223.61082219608167,223.40134255038765,1536.0575474891996,1600.0,0.5884892774742846
1788702625240,69.09814068651575,90.56631974347934,3.0224478244781494,71.14512629749048,90.35635471298907,223.28632281850727,223.04313412170376,1536.9715023556328,1600.0,0.5911988814933502
1788702625490,69.10314845287894,90.5729903574065,3.0211105346679688,71.12301957157432,90.32438414256842,223.51249552255064,223.62065710635608,1536.052069243923,1580.0,0.6077332663696285
1788702625760,69.09057136595719,90.57954562930611,3.0218355655670166,71.16688229979808,90.39724638703264,223.5975160925151,223.38416745801086,1535.687213227861,1480.0,0.7092646251300428
1788702626025,69.10241795337107,90.57728684793307,3.0213682651519775,71.10758055462247,90.31763871824374,223.39439362569942,223.17703368178013,1533.700757601939,1380.0,1.0
1788702626282,69.11194328248033,90.56995301734744,3.021695613861084,71.1336679862875,90.32407595255533,223.60543908586325,223.55801206546528,1535.9068438141721,1500.0,0.6881550080698012
1788702626546,69.11300539031743,90.5712506151575,3.021491289138794,71.17708393090216,90.37372175197717,223.3820672838735,223.23637916666752,1536.8198888903626,1560.0,0.6303558815773909
1788702626806,69.11289485420768,90.5735670675443,3.0211503505706787,71.16201280646169,90.35791086641554,223.48723153379336,223.33076931622176,1536.399746184323,1560.0,0.6299518796669604
1788702627075,69.11802757443405,90.57711383489173,3.020549774169922,71.19592787022917,90.39425805522917,223.430358537558,223.48181891409104,1536.7325920730555,1560.0,0.6290373543432578
1788702627339,69.12750965028297,91.62610151636319,3.0010735988616943,71.15880745957311,90.93237112892214,222.68910270842528,223.39508113170947,1534.297114917788,1560.0,0.6282853340027562
1788702627613,70.76741376261073,96.15049827755905,2.7836248874664307,72.41673426361962,95.07397308423381,238.71116623239539,235.1221931848432,1520.6823638240107,1540.0,0.6264197263465152
1788702627876,71.60770926888534,101.58831739050197,2.534119129180908,73.3957153619974,99.62616103695731,241.6669192776047,243.02136163463337,1533.3417920530621,1560.0,0.6224571857908127
1788702628124,67.73008331539124,108.67458553764764,2.49060320854187,70.19792138110164,106.5224263373237,234.02342638921954,234.74433427675814,1538.8447363509274,1540.0,0.6531420627274948
1788702628424,57.28924128014272,117.6359786386565,2.533534288406372,62.18674303210855,113.78964627872703,224.27389118882746,226.91864192202132,1549.2259855324696,1560.0,0.637832097079847
1788702628706,45.21951510211614,125.9934889425443,2.678900957107544,50.69715658741632,122.78809043066109,207.45169972712714,209.70123712744925,1616.5215160114253,1580.0,0.7081104877437977
1788702629018,38.16758764071727,123.9371520515502,2.736685276031494,39.818678942033515,123.84183020197361,215.032423254646,214.69875083457097,1669.5627875556631,1600.0,0.823355977055683
1788702629304,43.76686877153052,122.18466450848919,2.7287611961364746,43.6507162620232,121.79218711536393,216.95603347504198,216.35798098810326,1647.8970879158862,1660.0,0.6956233221804241
1788702629563,51.303355299581696,117.2363569605069,2.776017427444458,52.300364004030655,117.81768390211055,222.97141348591475,220.47733304625268,1621.3785127948017,1700.0,0.6071461725745986
1788702629828,54.46757158895178,110.98325233759843,-3.103348970413208,55.74624099623995,112.34772457093888,200.15452267682076,209.51773799926897,1618.086120722994,1700.0,0.603702072633838
1788702630098,56.323088398129926,105.89772622416339,-2.220954418182373,59.19308844169735,103.95462351733006,140.92302856069153,155.73583168986767,1621.175165042749,1680.0,0.6193562748259952
1788702630343,57.237419068344,104.28077517531989,-1.0908384323120117,57.982948381043705,105.25419386534291,76.71447834267319,93.43166187602094,1629.5896456436237,1660.0,0.6563886973641837
1788702630632,57.65539935254675,103.98682601808564,-0.16135084629058838,55.381955315819766,104.39006256244781,28.919915436138993,24.87836318905564,1644.3002385713878,1680.0,0.6548040925236006
1788702630898,57.64880563330463,103.96821750430611,-0.1737990379333496,55.860373272857956,104.18631173005522,33.427726680491475,32.84920023301018,1652.0506680051476,1680.0,0.664096294300064
1788702631173,57.63914093257875,103.97236981729824,-0.17344695329666138,55.67818399079514,104.37150056641813,33.21281289917898,33.472622473633756,1648.7815627184793,1640.0,0.7061807021708497
1788702631438,57.65820120263288,103.97019754244587,-0.17357873916625977,55.71367479170992,104.3819387118259,33.18733195981829,33.07159006030443,1648.3091115218665,1620.0,0.7232110831991382
1788702631707,57.655740572711615,103.96527628260334,-0.17435884475708008,55.63303872552854,104.30312193981342,33.183919488210556,33.2368772863104,1648.300621475343,1640.0,0.7042002521027767
1788702631968,57.64906515286664,103.96071066067914,-0.17518532276153564,55.592641900212605,104.26464891102536,33.363579905638204,33.48651188607427,1648.9534503397583,1660.0,0.6856344546382358
1788702632246,57.6482817882628,103.9599224901575,-0.17532551288604736,55.55804869750581,104.22889643724703,33.201312512921334,33.40613641170799,1648.2467714535608,1680.0,0.6650831359493022
1788702632510,57.677496962659944,103.98781603715553,0.15451392531394958,55.51516802470048,104.16963535180446,22.2,11.405356443193021,1645.7834088012776,1660.0,0.6820464062587633
1788702632784,58.145852877399115,104.16673074557087,1.1742546558380127,56.949540720647484,102.3159474251244,304.39591514082485,306.9670432412438,1634.0826951558859,1660.0,0.6701588954098178
1788702633033,62.93596883458415,104.57714651513288,1.3413275480270386,61.81853728290139,102.54421242570295,311.13968088122704,310.32380093780847,1609.2793532580463,1640.0,0.6581906878646886
1788702633302,70.30635323111467,104.52132097379429,1.3304264545440674,68.88186515465526,102.56161843084872,317.37515115299686,316.8800264956042,1557.7858253900718,1640.0,0.5848281946881168
1788702633562,79.05871774267963,105.01269723486712,1.361429214477539,77.7287608460078,102.95372982649873,319.97546863480846,318.9301385258638,1527.3940225943468,1600.0,0.580942229037201
1788702633810,88.44898614357777,105.95469557394193,1.3737084865570068,87.0561608287094,103.82694137462313,324.075826897424,322.932798634317,1475.9315627593994,1600.0,0.0
1788702634089,96.4635942113681,110.12222410187009,1.5166527032852173,95.76855827326702,107.41253346992019,303.44376683565264,305.7190908015397,1410.796362617641,1540.0,0.0
1788702634357,101.26036155880907,118.66307055856299,1.555983066558838,100.80975783049473,115.7778967982092,291.8276887943781,292.28768826696665,1324.1284617502388,1480.0,0.0
1788702634636,102.30069858821358,122.35167015255907,1.584165334701538,102.33810380234024,121.45875827758236,295.65525759920956,294.75453901495484,1344.0959314260194,1440.0,0.46984708860936847
1788702634899,102.29507566437009,122.43771530511812,1.5839494466781616,102.36049767966529,120.10730267405494,298.0631508599205,298.14278803093924,1334.1654286956798,1400.0,0.5109872821144062
1788702635174,102.29943943774606,122.43873415969489,1.5833053588867188,102.3361054991184,120.3933359920306,297.7953052479607,297.6572666954642,1336.523982338442,1380.0,0.5317284241985509
1788702635491,102.31704832062009,122.43975301427166,1.5830440521240234,102.54723028388679,120.46122338795577,297.6144103578897,298.00735037764264,1336.0868907183806,1360.0,0.5526899298415929
1788702635758,105.5000749723179,122.66063299704724,1.5667716264724731,104.21531465632316,120.51867196962812,304.6938777001962,302.1944041217979,1345.4445856380185,1340.0,0.5793660378882959
1788702636065,110.5777770515502,122.9859647976132,1.5974650382995605,110.56954315843909,121.9558105797078,307.12550571663246,309.54115737933563,1402.4002440923557,1380.0,0.6049272814401011
1788702636351,110.6420513964075,127.23496324434056,1.846482276916504,111.0043760602657,124.47357504733876,264.3195837039691,277.7470674276043,1417.4515510230103,1420.0,0.6006018309198441
1788702636618,110.54581769808071,128.86379452202263,1.9044885635375977,111.29811469699818,126.6282036638885,275.5431771673859,271.7513727245051,1429.3742907119183,1460.0,0.5790464871804437
1788702636909,108.09356929749016,132.541244386688,1.813171148300171,103.39760479475225,130.2390971722817,270.87679331054346,254.58239170746248,1428.7041354804367,1460.0,0.5878370161902802
1788702637157,102.31988381213091,132.47583584522638,1.6735996007919312,92.5637267965523,131.50885291821587,275.16237389058716,278.9785663927264,1411.0644844954309,1440.0,0.5604974200608973
1788702637414,95.32626414862206,133.3276943897638,1.64650297164917,91.59816128990828,131.8475438311956,272.96434996550164,273.78528124281047,1408.0237569516742,1440.0,0.6333977125214179
1788702637713,94.26690529650591,131.4374404066191,1.7602026462554932,93.60945065182338,125.12788785789652,273.9281472526628,279.2764812049721,1369.8030629958887,1420.0,0.5576158510396305
1788702637961,94.01526743971458,126.81580070435531,2.213714122772217,95.56939432209256,117.89072268955826,253.6028376596364,256.4381978901836,1281.1991535405887,1420.0,0.0
1788702638213,94.87405611774115,121.50536724901575,2.711505174636841,96.45499664836156,121.27642632791341,230.89710101949797,233.67599349408908,1322.089686418369,1380.0,0.4845334739673431
1788702638511,96.60152405265748,115.39108636811024,-2.887974739074707,100.27853091824585,108.76195103705028,198.81920202577697,201.9591423789579,1289.4611593728628,1200.0,0.6433658658421161
1788702638789,97.30800358329233,109.46791761503445,-2.2740676403045654,98.18721454204785,104.24190414205009,165.36500854000911,168.305748457675,1418.2172512280263,1320.0,0.7034368551896539
1788702639061,97.22295806163879,103.48686638779529,-1.7173322439193726,98.12528570360132,97.11541547658912,137.75836347862605,142.14957291072628,1399.507383202395,1400.0,0.6103446170244244
1788702639310,97.63946773499016,96.25022107221949,-1.1268032789230347,98.0012857319844,87.3073853210498,107.22854959610699,110.90302123479137,1423.723175023342,1440.0,0.581811820137925
1788702639594,100.26500792015257,86.70431302288385,-0.8280318379402161,98.29709387920745,89.29069054919115,110.40929840050174,107.59826559894626,1403.0346363513204,1420.0,0.5650051113776771
1788702639864,108.20687361589567,77.91435662217027,-0.6769803166389465,105.60683281174005,80.11896947248184,108.57335893170712,110.96154746350194,1498.9147403656839,1460.0,0.6689745903909823
1788702640113,117.34293299397146,72.12640717273622,-0.28820115327835083,114.39058553081148,73.2559334497625,97.33515484824291,96.2510145858961,1525.9115651129575,1500.0,0.6711307085413791
1788702640365,127.1429106945128,66.58623642808809,-0.1026194766163826,124.31680009170239,67.53458212204225,89.60272809717694,91.51896211667547,1558.174419420169,1520.0,0.6922966471729074
1788702640648,132.3847733144685,58.72027059239665,0.09748905152082443,129.9441879373315,59.26985337737244,75.79140752887952,84.50238652954049,1610.3672570155443,1560.0,0.7236141646504245
1788702640930,134.10509004367617,56.29225362942913,0.4903208613395691,132.9546327636178,54.87136050809825,57.38010261942918,59.50255430602556,1641.8320979461757,1640.0,0.6936315205682835
1788702641178,136.38808363065945,58.97761787955217,0.7086798548698425,134.3420631548884,57.170912943893214,45.853332418082175,46.35350434287864,1629.1595369043378,1640.0,0.6800229808882227
1788702641453,136.1752199187992,62.42554672121064,0.4993259310722351,133.78549574392468,61.586727968472154,61.32055070231576,61.31436708116104,1598.8895419837495,1660.0,0.6258811838541231
1788702641750,136.08317698080708,62.40417961060531,0.49716252088546753,134.51629679996864,62.528229361173366,59.04804466207662,59.06097665247262,1602.4467861866003,1640.0,0.6433141724737907
1788702642012,133.92155204232284,61.977202648252955,0.451276957988739,124.99696953132995,59.15885087363626,55.9100969524668,57.4783965957414,1617.8826545984443,1620.0,0.6786160191340255
1788702642261,131.52399498646653,61.13444651205709,0.4574963450431824,128.984804401761,61.40526548290751,56.94123196950625,57.05392035290953,1613.2503554368063,1640.0,0.6592542198683483
1788702642512,131.91898375984252,63.48181056225394,0.4622146487236023,131.0812427695205,62.94429463755774,58.877212158957605,59.05925333106484,1590.6982725229407,1620.0,0.6545620610690749
1788702642777,132.66265148252953,63.5408080093504,0.4596864581108093,130.50468549752114,62.62670814694652,60.56217209992553,59.805578226480065,1595.9822507666227,1620.0,0.6497707670430449
1788702643049,135.63355453371062,63.42162124753937,0.5417692065238953,133.55976718024388,62.08816585913841,55.272475741495384,55.22346388729562,1601.5232364131396,1620.0,0.6617820627088843
1788702643292,135.5151078832431,63.416416438545774,0.5401760935783386,133.7647169662063,62.32445246100457,56.21737160463891,56.33717870681926,1598.578897851531,1620.0,0.6554877249682981
1788702643545,135.51830862450788,63.41546006090059,0.5398113131523132,133.76592932184641,62.29669991977069,56.401707250029915,56.18908795992388,1599.0685968051885,1620.0,0.6548149117127786
1788702643812,135.511215089813,63.407621608944396,0.5393540263175964,133.75553659673633,62.23170310125295,56.40532392438689,56.264330265556964,1599.0739965703372,1620.0,0.6550568713434083
1788702644080,135.50938884104332,63.404411255843996,0.5390889048576355,133.76077650203445,62.37422256117176,56.18254895260611,56.46151509350375,1598.3376307680162,1620.0,0.6559057987750531
1788702644334,135.5076490987943,63.40099424827756,0.538791835308075,133.74935858590294,62.1881704451788,56.1557462143702,56.211563566988275,1598.257024751982,1620.0,0.6548366204825729
1788702644592,135.5077163816437,63.40143158679872,0.5388399958610535,133.76129948461835,62.4177734962315,56.58775978098515,56.49745685539273,1599.5596385949323,1620.0,0.6559867576134484
1788702644870,135.50768754613682,63.402229369156004,0.5389363169670105,133.75990896476864,62.391596233081934,56.27271423837931,56.147271581111625,1598.5923908277834,1620.0,0.6545684127273634
1788702645140,135.5059189683809,63.39931698296014,0.5387045741081238,133.74858058570135,62.206733037523385,56.34457931812892,56.17095654743423,1598.8337486044977,1620.0,0.6546551896399806
1788702645398,135.50601508673722,63.39930737112451,0.5386998057365417,133.75018411370073,62.236938490808726,56.410541472952275,56.15068660545228,1599.0276275062533,1620.0,0.6545366254613008
1788702645661,135.50586129736712,63.396024929256896,0.5383040308952332,133.75598221810702,62.35188785485173,56.31486879673537,56.21098636135997,1598.7017014483351,1640.0,0.6347242169770787
1788702645910,135.50599586306595,63.39842308224656,0.5386053919792175,133.75313296794437,62.295775982923615,56.29962158277078,56.55248721912494,1598.675687749398,1620.0,0.6561666341578997
1788702646165,135.50593819205216,63.39759646438238,0.5385028719902039,133.76115955932755,62.45097430516696,56.58758482246759,56.24275252235873,1599.5206506674272,1620.0,0.654908959989831
1788702646431,135.5059189683809,63.396952471395174,0.538428008556366,133.75119213762062,62.262092021437844,56.19591728868494,56.590163033463796,1598.3373686101497,1620.0,0.6563446047413848
1788702646685,135.50425612081693,63.39813472717766,0.5386964678764343,133.7546508200797,62.362013454577976,56.45487748327338,56.28719104407327,1599.11014507105,1620.0,0.6551184170273662
1788702646946,135.5042080616388,63.39822603961615,0.538702666759491,133.75259056746887,62.32074607258069,56.19763388441817,56.20444218433687,1598.346032720942,1620.0,0.6547604043753047
1788702647197,135.50402543676182,63.39514064037894,0.5383254885673523,133.7583871231781,62.43645234122228,56.5593863961343,56.36217795379497,1599.4167275857799,1620.0,0.6553867190601438
1788702647469,135.50397737758368,63.39462640717274,0.5382577776908875,133.7473503896677,62.22566563514518,56.19035154847427,56.182984305455534,1598.308582286938,1620.0,0.6546324323822866
1788702647738,135.50406388410434,63.39645746186024,0.5384718775749207,133.75877510381437,62.44524945275614,56.31311272699111,56.16827799388892,1598.6512627727022,1620.0,0.6545889492381944
1788702647994,135.50402543676182,63.3961546890379,0.538435161113739,133.75709331687332,62.409052543541286,56.70188067748171,56.443479256887315,1599.8766720079245,1620.0,0.6557754125005003
1788702648253,135.50384281188485,63.39557317298228,0.5383602976799011,133.7477662614946,62.23636969869132,56.19748898514149,56.53091805752655,1598.332768201167,1640.0,0.6361051362528521
1788702648527,135.5039581539124,63.39736097440945,0.5385786890983582,133.75244381011117,62.32518451131007,56.482344412644466,56.128620085803675,1599.1973749747813,1620.0,0.6544125903335436
1788702648791,135.50403504859744,63.397553211122045,0.5386011004447937,133.76113880603938,62.48787839329543,56.48786549218323,56.3034444568309,1599.2171408362367,1620.0,0.6551751396823244
1788702649053,135.5041215551181,63.39840385857529,0.538709819316864,133.75391534079074,62.34571834883089,56.22633925128616,56.41024535957473,1598.4544207597055,1620.0,0.6556009674537053
1788702649313,135.5041215551181,63.39845672367126,0.5387112498283386,133.76055085135238,62.47327493931057,56.49433067294291,56.2146037966765,1599.2601079208491,1640.0,0.6348047025771589
1788702649582,135.50237220103347,63.39692363588829,0.5386454463005066,133.75336065199053,62.365374965322054,56.49515262683667,56.194565293233154,1599.292848599219,1620.0,0.6547536820404943
1788702649855,135.50240103654036,63.39745228684794,0.5387093424797058,133.7519903312952,62.337936950574786,56.42016959690693,56.20690110447822,1599.0728401801014,1620.0,0.6548023638342717
1788702650121,135.5024779312254,63.399470772330226,0.5389568209648132,133.75144098080415,62.32791575199475,56.45779182840886,56.21481887769875,1599.183994304829,1640.0,0.6348851029001503
1788702650381,135.5025356022392,63.39943232498769,0.5389553904533386,133.7499491295068,62.297476172794475,56.427986040905864,56.3013016673782,1599.0986148138193,1640.0,0.6352553917900534
1788702650627,135.50254521407481,63.3997543214813,0.5389973521232605,133.75918430497043,62.471965594273364,56.51700061753462,56.19974423177024,1599.3829063045866,1620.0,0.6548201287351859
1788702650902,135.50240103654036,63.3978271484375,0.5387679934501648,133.74723126589708,62.246328262273096,56.10768171222662,56.38404855889797,1598.1208141179782,1620.0,0.6555968548019538
1788702651162,135.50230491818405,63.39716873769685,0.5386897921562195,133.74714479341944,62.248281327125575,56.13575826250292,56.30206708018363,1598.1951372212377,1620.0,0.6552262000534097
1788702651412,135.5024202602116,63.39874507874016,0.5388786196708679,133.74884951396427,62.27959131447792,56.30395378186665,56.31202747217196,1598.7088312872233,1640.0,0.635285473558119
1788702651674,135.5024490957185,63.39940829539862,0.538958728313446,133.7502058829977,62.301809571799176,56.1506018061724,56.41518509476629,1598.2707329572609,1640.0,0.6356836931106606
1788702651923,135.50254521407481,63.401143231729826,0.539167582988739,133.75589053827113,62.40918344240518,56.372613879518724,56.25357033280471,1598.9479560266104,1620.0,0.6550533531966402
1788702652195,135.50240103654036,63.39884600301427,0.5388872027397156,133.75175741727463,62.330528172856205,56.43380261636594,56.13807652139718,1599.1391969664278,1620.0,0.6545716751951277
1788702652468,135.5025356022392,63.40012918307087,0.5390493273735046,133.75364786943794,62.368188081181856,56.35005901149174,56.51067264747712,1598.864729475915,1640.0,0.6361172053748445
1788702652735,135.50249715489664,63.40000903512549,0.539038360118866,133.7536380061406,62.36849407486535,56.38595527202324,56.335743302363085,1598.9697658086957,1640.0,0.6354013783657474
1788702652982,135.50259327325296,63.39916799950788,0.5389358401298523,133.75270990119964,62.344297152342186,56.200765062581524,56.45226074169028,1598.4397299299087,1620.0,0.6558665665514273
1788702653240,135.50256443774606,63.39887483852116,0.5389067530632019,133.7540205501411,62.369985856190006,56.329621410924915,56.20599638480189,1598.8284235665924,1640.0,0.6348468249680643
1788702653491,135.50267977977362,63.39957169660433,0.5389968752861023,133.74995417477032,62.291849995764395,56.213299989612324,56.373855720059055,1598.4727245269767,1620.0,0.6555185148364704
1788702653764,135.5026990034449,63.39925450602855,0.5389592051506042,133.75687440044965,62.42658412363034,56.33320141118884,56.43217853004023,1598.803484238188,1620.0,0.6557913330598654
1788702654037,135.50271822711616,63.398519200602856,0.5388800501823425,133.75490810327418,62.38717750569785,56.529873005756826,56.31970485963507,1599.4157591437931,1640.0,0.6353342028840676
1788702654303,135.50280473363682,63.4003646730438,0.5390955805778503,133.7540451825154,62.36956945118207,56.45904037395968,56.12151729777179,1599.2047259415933,1620.0,0.6544967171994168
1788702654569,135.50278550996555,63.39900459830216,0.5389286875724792,133.75014009118644,62.29130965986604,56.36680271701647,56.387074512448294,1598.9518287356825,1640.0,0.6355909010443067
1788702654815,135.50288162832186,63.400595357098915,0.5391270518302917,133.7528990052956,62.3460717602429,56.37360591375108,56.33195376327774,1598.9454402680187,1620.0,0.6554011790071245
1788702655098,135.50293929933562,63.40067705770177,0.5391342043876648,133.75930745622358,62.46402142804786,56.275509114033866,56.45961070705539,1598.6706083027245,1620.0,0.6559401073463007
1788702655363,135.50289124015748,63.39963897945375,0.5390068888664246,133.7505168652647,62.295291924342955,56.176737002058985,56.318790885859585,1598.3803619554465,1620.0,0.655321424367425
1788702655638,135.5029296875,63.40024933101624,0.5390731692314148,133.7481052649784,62.24754135021425,56.11276623137394,56.474821822455226,1598.1862671567083,1640.0,0.6360152627667289
1788702655880,135.4983929010827,63.40796763502707,0.5403944849967957,133.29891986112344,62.7491247225813,56.177596798984496,56.50541779096733,1598.4023612573574,1640.0,0.6361537941622392
1788702656146,135.35531111589566,63.07204359159695,0.6267134547233582,133.59176530856607,61.612663876516365,51.55873387325636,51.018351224520416,1603.1732264130455,1620.0,0.662759974149947
1788702656409,136.1455674058809,62.686657042015256,0.6213752627372742,136.09161273458022,58.893719796046405,54.23802038501867,54.042081848809744,1601.793952546213,1620.0,0.6591709204785832
1788702656665,133.8190994863435,60.46401136503445,0.3851863741874695,123.65118472855808,58.33555454234601,60.96956761594805,62.46328841590497,1623.202852521556,1640.0,0.6737047355027401
1788702656943,128.50571519746555,59.88016924520178,0.3746878504753113,123.78852407970658,58.12040757884536,58.25009909639948,58.08565481021162,1621.9091477259647,1660.0,0.6477252963764698
1788702657295,130.54739403912401,58.90574537862943,0.364149272441864,126.9308549964669,58.65490340501288,64.7357230715125,64.7204118121183,1619.2258000434535,1620.0,0.6832129084499603
1788702657557,134.52750138410434,58.336686261995574,0.4079577326774597,131.18197821681898,57.14269547452039,61.886953390888834,65.12522478075186,1629.586881520407,1660.0,0.6506588502192959
1788702657805,132.4115999477116,58.258542038324315,0.40988701581954956,125.44441698406338,58.947523472757794,58.92961687958666,60.62841622309321,1627.8594596097155,1660.0,0.657096158176959
1788702658110,132.90607121985727,60.59064729945867,0.42541617155075073,129.81646024241067,59.30919013239116,64.07424920721718,61.97348989052972,1617.848150622801,1660.0,0.6457747666254753
1788702658376,136.41492948757383,60.925600547490156,0.4464508891105652,133.69511227393792,59.417111825039996,64.76510198904668,62.71362305151081,1610.1032971127051,1660.0,0.6318146082819608
1788702658633,132.6643431656004,60.93756728284941,0.46916502714157104,131.8506857941344,59.7657368017238,53.323898787586245,54.78150693573366,1602.4916560736476,1660.0,0.6430454882321546
1788702658928,134.8294187530758,61.78337037093996,0.4770771861076355,132.02718456794676,60.71680588878299,62.14611358252512,61.126547101296296,1608.0727546087455,1660.0,0.6286133895905713
1788702659168,136.03665569635828,61.13441287063239,0.5166251063346863,130.30654240833135,58.3989857045037,55.588409248222035,59.09463016002883,1619.3246256123211,1640.0,0.6542741915227529
1788702659452,131.0585418460876,59.96130274975394,0.4378129839897156,121.64783768643555,57.69281982187886,55.72926848188615,50.60929398896792,1629.1713355767395,1660.0,0.6489386351942655
1788702659715,123.43698096087599,59.619818259411915,-0.11950666457414627,112.23375755862754,60.41907011333608,82.63702529954782,77.63681163642957,1618.3523656388588,1660.0,0.6418157357036384
1788702659998,114.80203463336615,60.79751322588583,-0.7608116269111633,115.02760928683443,61.59825872841076,114.23439008562357,109.4242336189875,1578.676913637978,1640.0,0.6225871756352257
1788702660267,105.7766555425689,62.77180829386073,-0.9311850666999817,105.38984018324199,64.22813886990868,111.4159527851194,111.89202142580075,1576.9595875309806,1640.0,0.6097527581864824
1788702660542,96.03458915169784,66.48788812592274,-0.924274742603302,95.87108170483211,67.40139604457478,101.39673815491014,104.65414880436333,1536.4394795819214,1620.0,0.5782311434514595
1788702660814,87.30676365649606,75.76392947219489,-0.9120858311653137,86.73479449506534,76.55987801518854,92.57327309471668,92.41433965638095,1573.433053312281,1600.0,0.629243232108221
1788702661092,84.68166561577264,78.97622896930365,-0.9324167370796204,82.57918733919558,81.54302908840546,99.67409527212766,99.14443886629026,1577.7183328348376,1460.0,1.0
1788702661358,85.12642447404035,76.2790709968627,-0.9528802037239075,83.77793088945542,78.53522719693348,107.45796322810821,106.51147087351553,1600.582160177373,1520.0,0.7666840774440863
1788702661627,87.2352035402313,68.49614180917816,-0.9754999279975891,85.13052024659638,73.55091970989092,113.91686869699089,111.27309334625602,1596.8334215608227,1560.0,0.7097453147506454
1788702661906,92.3584657203494,57.33802134596457,-0.9650667309761047,89.82900638713339,61.526045028120535,123.19213267349487,120.59933278474654,1600.8484062406947,1580.0,0.6931861144746885
1788702662187,99.78996216781496,46.086728554072344,-0.6688526272773743,97.02318510819762,49.12753383829975,107.31821173823955,114.10680932559804,1679.8817755599666,1620.0,0.7315189598224775
1788702662471,108.48492479699803,36.34891299750861,-0.3160575032234192,105.28238947733972,38.49584367477266,93.87664835716696,102.76677532688522,1781.2831391562586,1680.0,1.0
1788702662718,108.6291792261319,32.51147893470104,0.12177913635969162,100.2975391806637,31.75703195450671,62.574409604308926,64.89975961514898,1857.855727151871,1700.0,1.0
1788702663003,102.41420475516733,34.03068482406496,0.06170433387160301,101.55194797033617,33.25778937303328,63.88441130422177,58.85928913924863,1844.7410175315154,1760.0,0.8535656982914386
1788702663276,97.6961775652067,37.7888572873093,-0.4875090718269348,96.46545629589087,37.77260043988313,97.87261234395166,87.11169373100668,1829.6783334014078,1820.0,0.784945124168476
1788702663526,94.90466020238681,43.14651128813977,-1.013027548789978,94.03615892702982,44.076053396724156,125.86040050280086,123.07909693771444,1769.659387835258,1820.0,0.7006052549709738
1788702663781,92.68171175258367,50.080018531619096,-1.5855482816696167,92.79343538605565,51.31106125329174,158.54084965064027,154.70915880085423,1707.3398516254638,1820.0,0.0
1788702664035,91.37972133366142,58.398519200602856,-1.9792598485946655,92.25848563637905,59.15573267981926,171.27883947873823,171.63467392241694,1633.6400717779477,1780.0,0.0
1788702664292,89.31636780265748,68.14406027005414,-2.016902208328247,90.45998511750703,68.99350951516647,163.50945208296173,164.35007266148142,1553.8612797990252,1740.0,0.0
1788702664568,88.06367648868111,76.79147314837599,-2.0247557163238525,88.93388836667354,78.22986709552212,165.2084164027376,164.24447658395485,1558.6289291934945,1680.0,0.0
1788702664844,88.4817913385827,78.01351231852854,-2.0267040729522705,89.00699259008582,78.2184111163782,167.1223691081763,167.08769612383782,1547.4856793692893,1480.0,0.719171886877364
1788702665111,88.34352508304627,74.66038020577018,-1.7860358953475952,90.34130264425126,70.37171451426354,150.5414981532487,153.55523307842847,1559.1964557130825,1500.0,0.7280847426119774
1788702665388,89.99507874015748,68.66632897084155,-1.2711085081100464,89.22731984700005,71.3758166435973,125.0380453016316,127.74626245219005,1562.9441264983805,1520.0,0.7064427805687613
1788702665663,94.22473817359744,61.37257012795276,-0.7857688069343567,91.96455468965769,63.90086816110434,107.34907190955165,105.93311333669706,1569.6863151318246,1560.0,0.6702643973330502
1788702665947,103.60227569820374,52.51972829263042,-0.7388613820075989,101.07787575952055,54.829303587763945,119.51471379615812,119.03992306283335,1640.0772733191488,1580.0,0.7388557942301884
1788702666193,114.32842104453741,42.42798812746064,-0.7315018773078918,111.82762850061214,44.77376537772444,126.40258987062946,125.80579760933122,1718.558155834186,1640.0,0.7912953943709911
1788702666486,125.73693943774606,30.014694093719243,-0.7573674321174622,122.10245932528234,33.80967879180794,132.4142808345207,130.7170850358818,1762.445087405578,1700.0,0.7936530136683816
1788702666808,133.4159502645177,17.00579545629306,-1.1082972288131714,131.27939713848156,21.402139572127076,155.54335539782056,154.96327979100704,1778.17786068276,1780.0,0.7400019073972841
1788702667073,136.19399183378445,14.229975422536294,-1.2082947492599487,135.4736729548537,15.847973907102983,157.8310893051779,158.53551901957607,1781.7722421356125,1800.0,0.7309614490442735
1788702667407,135.46051265686515,19.824499896192176,-1.212053656578064,135.05233949717265,19.149715491910555,157.0800011420306,157.2272558222215,1777.4684134029596,1760.0,0.7649627279919201
1788702667706,136.30430687130905,21.926327202263778,-1.2533897161483765,135.32389271034793,24.366325977028033,161.3973806146523,162.34976827282003,1761.8063703079206,1780.0,0.7186770932717874
1788702667984,139.65253214197836,16.31653432770977,-1.2038363218307495,138.27537198862973,19.651680974662415,156.55195641709918,157.70477285780314,1764.0610830366227,1780.0,0.7231293826954609
1788702668251,138.32642562746065,16.360384723332924,-1.1240285634994507,138.1274736940234,17.511124093492995,151.3417999382993,152.5562942727022,1770.447172397676,1800.0,0.712493860788101
1788702668544,133.26585183932087,24.92367001030389,-1.1096690893173218,133.69541636898907,24.108880993022744,146.6286821658084,148.32323421630423,1769.8311551840075,1800.0,0.713595363375645
1788702668790,127.67862635334646,36.75783893254798,-1.1018627882003784,127.58186422807816,36.851230284609954,139.69679854637107,140.25293067409814,1742.5549626214122,1800.0,0.6807862992106574
1788702669066,119.95536263533465,50.36311592642717,-1.106666922569275,119.93061755520101,50.8052577526382,130.67175741358693,130.98259009277155,1680.6818050925244,1800.0,0.0
1788702669342,110.9819259042815,64.04985563022885,-1.1083816289901733,111.5255837790155,63.72697440036751,118.27469849544248,120.06680979006788,1596.0321334682237,1740.0,0.0
1788702669600,102.65529842827264,75.11689914493111,-1.4549201726913452,103.0560130510798,76.12256197144988,138.96385235401576,134.486546207061,1532.9064127192814,1700.0,0.0
1788702669871,96.86665692667324,83.98923858882874,-2.1238319873809814,98.26043089140444,84.99956991628277,176.04021295519223,168.79715191427107,1483.3489686451148,1680.0,0.0
1788702670131,92.74103600209155,89.94388610359253,-2.836897373199463,95.30421438063708,90.13405138776714,212.78195306816082,208.29157521349433,1410.1235983322351,1500.0,0.5223741473179028
1788702670391,89.05808816744586,88.20205808624507,-3.0084288120269775,87.83263564972124,81.38834729524069,221.42537829281025,220.19338132480095,1534.2742853209731,1340.0,1.0
1788702670640,87.65634611835631,81.3821531280758,-3.010160446166992,88.38623154124325,70.20553247098168,226.80200070006575,226.5093967126755,1566.00114454915,1400.0,1.0
1788702670919,86.88365065206693,72.76785302349901,-2.7959604263305664,88.0007667970908,62.39879289371293,210.5097025925043,217.05746507671375,1608.0778256099222,1520.0,0.7559235851467313
1788702671168,86.28220926119587,66.17016889917569,-2.2542173862457275,86.53040403867598,59.174113126390154,177.7907809787854,181.97559001766,1649.7630161702182,1600.0,0.7399126003880432
1788702671419,85.89621716596949,61.62605345718504,-1.416368842124939,85.19210679482127,59.852678112848736,120.42306764936356,131.21235243668042,1655.8135609034387,1660.0,0.6985948095902487
1788702671693,85.90895284817914,59.989946019931104,-0.20846301317214966,84.12543200312612,60.501949439205134,48.00031237944435,54.681633837230294,1668.9053570223405,1680.0,0.696878245516402
1788702671964,85.50991749200296,59.57087479238435,0.2612091898918152,82.9260723861572,59.528450560315235,41.12253327940067,41.33190561491722,1679.1172253909344,1700.0,0.6842680133798151
1788702672242,88.62823726624016,60.3555129644439,0.26201266050338745,85.99006884944521,59.6228115770386,46.19792877170005,45.66211526844478,1661.890203839401,1700.0,0.6684232092609513
1788702672546,95.51862581508367,65.12156088521162,0.33671635389328003,92.07887764895477,62.612110491254384,43.51798741668961,46.26411175838399,1601.4572514704157,1660.0,0.6353934685306097
1788702672810,101.58982644869587,70.75987327755905,0.6751548647880554,98.62075560466165,68.77441056738347,25.016276716497032,23.321522700023934,1524.9840171330545,1640.0,0.0
1788702673100,109.14018285556104,71.61694143700788,0.6411435008049011,105.92314456514922,70.6409924172404,35.03975151866541,32.62772751559709,1543.67558113436,1600.0,0.5919123692712365
1788702673381,111.13904096948819,67.25538839505414,0.21911877393722534,108.91994069477992,67.88643365874701,61.96636472409341,61.02206202943012,1599.0238434969954,1560.0,0.7064602746126604
1788702673656,115.78614242433564,62.85299466350886,0.16052550077438354,112.18716004626415,63.03183925520798,70.40451112587357,68.13311948756268,1588.9307826789066,1580.0,0.6765002245586869
1788702673909,122.20221572034941,62.81083234651822,0.14139384031295776,119.94984080386374,62.4959822849521,72.84723406328555,72.42842245625815,1596.7827595933888,1620.0,0.6529742451463916
1788702674178,126.68197511687994,62.96028677872786,0.13527077436447144,123.84664221455412,62.67662876219005,79.52980213199817,77.67321516512561,1595.2205622111342,1640.0,0.6305734582279692
1788702674443,129.6763791061762,63.16176527128445,0.42739933729171753,129.30013794799723,62.60002269354836,49.7947882010759,55.51033428136191,1595.5898628661384,1640.0,0.6301842412984676
1788702674700,132.4971356729823,63.33899310254675,0.49128788709640503,130.05414086991536,62.31665814862955,61.696757960254615,60.542806157667655,1598.1360686861763,1620.0,0.6545134661723415
1788702674945,137.3537078617126,63.713042492002955,0.5749351382255554,135.01899240650926,60.84869339540733,53.96408306937167,48.6016941822225,1596.5487994587315,1600.0,0.6723279732847468
1788702675225,135.5320054902805,62.63562780665601,0.5642516016960144,129.1404172551138,57.811606409119605,51.849233462210066,52.80630606984721,1617.5545304236375,1620.0,0.6686161555473874
1788702675522,134.58420160248522,57.96118548535926,0.5347177386283875,132.20742670344208,58.292286208701746,57.0602387197373,55.75745403588337,1654.9600066303758,1640.0,0.7094142669221274
1788702675761,138.32892470472441,56.32216085599163,0.5279561877250671,135.27949240377552,56.362091925055005,55.347291208758804,57.23834099187718,1633.9340687860556,1660.0,0.6566429115642325
1788702676026,137.54396453617125,56.948174904650585,0.5262033343315125,135.82545722052805,55.474645226260364,57.853485271735735,58.7421912668936,1636.7246364082316,1660.0,0.6646998923289633
1788702676319,136.5198618971457,58.97015428918554,0.49117058515548706,134.86294903223907,56.31183558675177,59.541731625040086,57.48169029680355,1621.4479893391228,1640.0,0.6781107527467725
1788702676587,137.7704097717766,58.39817317452018,0.4968826174736023,134.42499710496386,57.34204616029085,59.83554351884669,60.12936857218301,1629.287098081808,1620.0,0.6902668696561811
1788702676847,137.86722979207678,55.960568405511815,0.4971582293510437,135.7559787663119,56.33144244198708,60.97584885226439,60.45180369607226,1658.177045549919,1640.0,0.6978449505631492
1788702677092,137.07909771776576,52.401050958107774,0.5158607363700867,129.36924143508713,49.27552068089131,57.88398757713924,58.70357326240753,1675.4441830550047,1680.0,0.6900345553655557
1788702677392,129.41010242372047,50.93022864634597,0.5258418917655945,119.29212040881166,51.60030675252791,46.26867902839376,49.62186006479044,1683.4806440854418,1740.0,0.6617094888489202
1788702677648,125.27809924028053,54.125808355376485,0.5331036448478699,123.7916325520474,52.26249643213296,47.232493099655244,46.58518124890861,1664.430291080199,1720.0,0.65005941558706
1788702677936,130.44928603284941,56.979682501845474,0.5662104487419128,127.23726477068816,55.50196204184886,56.74711413141864,53.42097282381184,1641.1942325194304,1700.0,0.6381683351549068
1788702678227,135.47918845349412,57.96036847933071,0.4344326853752136,131.3195076746673,56.44801860699594,65.47032511529778,67.25821901773668,1630.9263335857822,1700.0,0.6191809641765562
1788702678488,130.64923143762303,57.244320366326285,0.46008843183517456,120.21286433926718,55.02801402873392,52.24055935673732,53.85317666962271,1637.0568645232674,1660.0,0.6672319433168272
1788702678769,122.92150782787895,57.26052111528051,0.11471384018659592,122.16647696763495,56.64558946059568,71.41910159888295,64.18596832590924,1628.8143859929753,1680.0,0.6512768272686748
1788702679037,116.31163109005907,59.857480507197344,-0.4366610646247864,115.09185240881142,60.21039134885608,100.85378883904913,96.99703929597337,1614.6469639569227,1680.0,0.6221970189134124
1788702679283,110.24141086368111,64.28375484436516,-1.0064138174057007,109.81926043512071,65.26719688279314,127.87414100343747,124.06921339780273,1581.3978640889743,1660.0,0.5973057217287268
1788702679535,104.57071619709647,69.95548278328002,-1.530903697013855,105.01950924309509,71.18512763518248,150.45576217436934,147.39963398361746,1546.8868562488844,1640.0,0.5682608576956092
1788702679806,99.59387110912894,76.60166342427412,-1.9928773641586304,100.85389716292298,77.90312547501898,170.9041651147239,169.33227701627357,1526.3539485563658,1600.0,0.5777159018028618
1788702680062,94.15680171936516,82.40894708107776,-2.2939982414245605,96.16575155484112,83.22985315884414,177.96649331196616,178.36402515813907,1499.140807166095,1580.0,0.5636216469515093
1788702680339,92.99491341658464,85.58810977485237,-2.3332033157348633,94.05772447484316,87.15579254155233,186.6178327703005,185.44511399244593,1450.9652033249206,1440.0,0.6328322499341589
1788702680615,97.27594811146653,83.0156173105315,-2.3169920444488525,98.28668737915079,85.00151489985436,193.07922388395755,192.49158758636523,1463.324871326343,1360.0,1.0
1788702680905,98.74554010826772,76.27516859159695,-2.2615325450897217,99.7571624474927,68.74440255297966,191.3718448616284,192.48507958039653,1533.3377674386345,1380.0,1.0
1788702681164,98.06252306840551,69.57149475578248,-1.8501847982406616,97.73874263981918,61.993604160676846,161.1808246049566,165.1959570419055,1556.465913957323,1500.0,0.7081819864719735
1788702681427,98.07273083784449,62.18497208722933,-1.2841418981552124,97.54083224655076,65.18139610766958,130.58711594250286,135.14382615954747,1649.95564135033,1580.0,0.7570196876938091
1788702681687,101.64717066006399,53.96093653881644,-0.9485209584236145,99.79058415028898,56.71178292175508,125.83144122947242,124.20291660263437,1619.1268784481028,1600.0,0.6840362625098156
1788702681967,109.72070889210137,42.73413951002707,-0.9280303120613098,106.52794571223212,47.09923918283817,132.43932353862817,131.6386314013859,1698.247454880323,1620.0,0.7524357197380206
1788702682271,117.06650621309056,28.903191033310776,-1.254851222038269,115.34620166365633,33.1964948596974,157.5825593465376,150.02664336953615,1784.966250367266,1700.0,0.8175120479723434
1788702682536,118.47296767347441,19.798319658895178,-1.8385719060897827,117.70370608541107,10.994267187608221,191.87849598084125,183.19600956137947,1834.9401753691423,1760.0,0.8362801085052981
1788702682821,114.31981845164863,11.443590779942792,-1.9186877012252808,116.23251347704397,13.281902338305084,187.25438340615653,193.8814324330662,1871.0352966293551,1800.0,0.8476678905282484
1788702683103,111.63419468196359,16.709261916753814,-1.814461588859558,112.3849731650278,17.065084102724366,180.0353036107522,178.81888513594555,1855.3916290745801,1840.0,0.7901101638262513
1788702683404,108.61425204539863,22.170842688853348,-1.8681477308273315,107.92987961352169,22.164232967060823,182.93525027433805,177.64352682675175,1852.1674908008172,1860.0,0.7651774576118998
1788702683708,110.41627898929626,18.249009500338335,-1.8903497457504272,110.36675246165335,21.076898664670143,187.3166762549842,186.24688490000239,1856.5856337552862,1880.0,0.7521553994010983
1788702683972,114.5095656988189,15.249210868294785,-1.9330390691757202,114.83702831356885,17.401093776289958,192.4422981402314,191.1418200488234,1846.7941066454357,1900.0,0.7220155004016683
1788702684245,114.43320927657481,15.531646247923845,-1.9757932424545288,114.90664227284174,17.26787032223854,192.87691284946428,192.75058796862976,1846.1381998637755,1920.0,0.6974869040852505
1788702684532,118.18103700172244,17.86042461245079,-1.6314929723739624,118.11243894002551,19.531500184155547,168.4648753013543,183.14835333302318,1832.3599714915372,1920.0,0.6841696520939484
1788702684778,119.65831846702756,18.956159456508367,-0.7640917897224426,120.16097914313194,21.940177997244497,116.03745033262066,127.29579076580092,1826.8967468244764,1900.0,0.6913515638747904
1788702685068,124.00850070743111,20.005479947788512,-0.3976147770881653,120.87004914359756,20.87507021867105,107.415582736791,104.75191265490376,1821.3564363328683,1860.0,0.7270220097988014
1788702685334,132.34120286355807,17.6993278443344,-0.3661544919013977,128.60812448739136,19.3585624242629,108.80888838106823,110.21220066766756,1798.3412395002508,1840.0,0.7210518745044615
1788702685582,135.4518812284695,14.937567523145301,-0.2999785542488098,133.62446161003038,15.16444724472741,105.5173576843028,109.4404916530038,1788.2022285492083,1820.0,0.7164174347842527
1788702685846,136.7543426273376,17.648624209907112,-0.25395041704177856,133.84666934587034,17.67966070880518,103.70095377648198,102.78252355617059,1783.6709856595999,1800.0,0.7343047446273537
1788702686147,141.10947496309055,15.602944441667692,-0.30140572786331177,138.0711771311874,14.03674527616467,107.2720840114518,105.2496755229397,1770.3482310027605,1820.0,0.6965445281352519
1788702686416,140.83525890440453,15.448436586875616,-0.263536274433136,138.9492727521488,16.29235646595887,104.7275653576287,104.65186971766722,1770.1788035603554,1780.0,0.7332864382739542
1788702686706,138.71828094242127,15.004802313376599,0.017194923013448715,130.22094522990045,14.597589961722418,83.39256757110134,87.36989479352327,1789.0285195688896,1800.0,0.7350108899967622
1788702687031,131.96910948265256,14.21574029396838,0.6251842379570007,121.84921501501701,13.733991171530432,41.53358346174866,50.5037250356487,1813.9297827841324,1820.0,0.7510474866233239
1788702687292,124.68969149852363,15.604698601670153,0.6703535914421082,124.68450442288693,13.698571621162344,40.79620681067786,40.63936339274238,1811.2093880507089,1840.0,0.7722954277679285
1788702687549,118.924560546875,20.926578551765502,0.6380369067192078,118.6364252725953,18.080586216398498,39.2421222180904,37.505695853673615,1827.496697967802,1840.0,0.7482060212332361
1788702687829,115.53537924458662,26.859844538170524,0.15856093168258667,114.22799901224673,24.606994560806392,69.04686002870636,60.94651838598827,1833.770321748122,1860.0,0.7402292744846559
1788702688088,113.76430241141732,32.73672269085261,-0.4267328381538391,112.15709835995322,32.370146860307436,104.35274096493946,94.71965370022386,1820.153596954001,1860.0,0.7294166030592109
1788702688363,111.40241487758368,38.743574487881396,-1.0314077138900757,110.56841372328758,39.635920947332025,136.99955342693198,133.71777866957902,1775.9170818425266,1840.0,0.6876505414628094
1788702688647,108.08987835260827,48.152720533956696,-1.2679589986801147,107.9631251869888,48.740984109207695,137.27657491790285,138.64161198657217,1711.8281602082175,1820.0,0.0
1788702688907,103.50266824557087,61.28791388564223,-1.278673529624939,103.41868881324773,61.838896797927156,128.03934832734978,129.18004549210082,1599.5618210646373,1760.0,0.0
1788702689185,98.47009373462107,75.94955324187993,-1.4630440473556519,98.67235360743662,76.49662492320266,132.30540594032746,130.8426333608344,1531.0128896225906,1700.0,0.0
1788702689444,95.29680387241635,87.74798535925197,-2.0256245136260986,96.21510807019853,88.45624240216603,164.8630509488686,157.45028767208592,1446.5586611732172,1700.0,0.0
1788702689720,95.17627145361712,92.02681894377461,-2.2285115718841553,97.36030646516183,94.61826857937429,175.5072612255796,175.10389293887403,1383.6068869535598,1620.0,0.0
1788702690006,95.19660048597441,91.62385234682579,-2.2246201038360596,96.08907179218257,90.13417398803752,176.59487354546948,176.98408335399498,1393.3844648584525,1560.0,0.0
1788702690299,94.24595149483268,86.53607706385336,-1.970739722251892,93.7622455597382,81.08082849567315,160.17910674080977,164.18609893580538,1511.4333013494463,1480.0,0.6626648501551982
1788702690582,94.29522176427166,79.23741137887549,-1.423871397972107,94.66378976724805,71.72689944067989,134.953316463579,139.31578425377953,1527.637657166784,1420.0,1.0
1788702690869,96.21744471272146,70.91711329662894,-0.8008726239204407,94.40082914962422,73.77754635959357,102.26054665678807,105.42573164837722,1535.0497780291266,1460.0,0.7296024906100882
1788702691197,101.72314260888287,62.96429491418553,-0.0958607867360115,98.18001861031475,65.22038767242009,72.06733516235894,75.50078618700368,1533.4034945057247,1540.0,0.6341967508667445
1788702691485,107.97080693282481,56.73640213613435,0.08246629685163498,104.40673918237775,57.84380467042993,70.72608596483866,68.70540697970057,1610.1824198474028,1560.0,0.7093940692597738
1788702691780,117.79047928457186,54.58998312161663,0.35045260190963745,113.85968952558149,53.94992872727887,60.49159148783633,60.02965096141054,1653.382415465824,1640.0,0.7051695143972245
1788702692054,129.04794768085628,56.113555187315455,0.3847772479057312,124.95103213737528,54.61192006310881,65.60376413427633,66.94590163761677,1648.6468159662904,1640.0,0.7072948807071485
1788702692345,135.1116318590059,61.23518816129429,0.3954760432243347,132.57536176479033,60.023330255561504,66.25137635527796,67.05438630300881,1615.5499019101796,1680.0,0.6273975513530315
1788702692640,138.41075026144193,62.820487435408474,0.35122746229171753,134.81702050966206,62.4194812838637,73.26345568074004,63.53390491961045,1605.0479350132441,1640.0,0.6463701643406273
1788702692886,138.36297943836124,63.06302288385827,0.34546583890914917,136.68173048330317,62.29200706818796,69.9668808722634,68.41401629616121,1593.4524955462075,1620.0,0.65466532884621
1788702693145,138.38126114972934,62.32036440391241,0.3427678942680359,136.5115112546422,58.651203850286095,69.54230314698373,69.50895594532011,1609.0433677626395,1660.0,0.6238897024848852
1788702693435,138.62584391916832,61.73864649975393,0.19806259870529175,136.9625198158834,60.995301846679176,78.99706390243199,76.6317421155382,1609.0047811773031,1660.0,0.6226536824303357
1788702693728,131.97331946665847,62.07743967611959,0.19873970746994019,119.23565076770115,60.539435545754294,66.0682286491732,69.21099762034277,1605.6904111065212,1640.0,0.6374578603995282
1788702694029,119.91605022760827,61.52286078986221,0.13459175825119019,104.71148902145669,62.52466220061034,59.26071040953008,58.73143170650235,1599.6169436599434,1660.0,0.6234873425412891
1788702694318,109.97954601377953,63.738047682394196,-0.38975411653518677,110.0224454113222,63.422785965030286,87.39676973808798,78.00781640466359,1597.2812353471234,1660.0,0.6201770540633665
1788702694589,103.15652682086615,68.70424766240158,-1.0000494718551636,102.71694048465729,69.56460904321273,120.59907363804359,115.9072311742948,1546.8693355252863,1640.0,0.5749075585718731
1788702694860,97.79395876906987,75.43130228838584,-1.6113590002059937,98.25925833023965,76.6050317323301,150.41015828855998,145.86520062948495,1530.9088553175911,1620.0,0.5614300685794995
1788702695124,94.7619340551181,82.11024967704233,-2.245872735977173,96.1297443581964,83.06833920941197,185.52157522314607,180.27314464497047,1502.3901923885362,1580.0,0.5687116503846519
1788702695406,94.32070274052658,87.99648014579233,-2.891045093536377,96.12811620078129,87.96010456604762,221.36502224390978,216.33635903484208,1439.517217391214,1440.0,0.6258761146973735
1788702695664,95.19480307271162,92.9407026636319,2.821777582168579,97.1135215621503,91.8880889215773,252.91603984181756,249.09389477721666,1392.5228844972892,1280.0,1.0
1788702695934,94.95159479576772,98.2583738312008,2.2429327964782715,96.40586569162552,96.18296067181736,280.0740954289525,277.0198379579507,1384.923487656321,1360.0,0.6165215984375846
1788702696226,93.70103730930119,104.8416257843258,1.6622053384780884,94.13355050852213,101.86828002626359,303.3646245690562,300.8700841234221,1422.8994079461372,1380.0,0.6415065506507603
1788702696494,94.33261180487204,112.21627783587599,1.0564000606536865,93.17613059686059,109.71419825858422,334.70831897972425,331.64343083341487,1397.610296625409,1420.0,0.5915392197897417
1788702696754,99.41169798843504,116.11645315575788,0.8035913705825806,96.73285468194379,114.20834634616683,337.8,349.1109867554658,1312.998929226073,1400.0,0.5093896298575135
1788702697073,108.37375430610236,119.4779523714321,0.7820838689804077,104.95152349881204,116.71797587824231,337.8,355.7219648783722,1347.1148459899746,1360.0,0.5435997463414116
1788702697349,115.02655750184547,127.24683386134352,0.7797622680664062,112.38428435928827,123.91757542727409,330.50087892093836,335.3737031635838,1413.530806933271,1380.0,0.6195317306736658
1788702697662,116.20140255905511,128.5329070804626,1.150799036026001,113.74237354816161,120.78717788222363,329.11021329373887,322.37669177279804,1436.2204383067344,1440.0,0.6293411891319247
1788702697971,115.73397899237206,122.16643085629921,1.6799486875534058,116.45659741566338,113.15633202059823,311.5837499604602,317.63888421720776,1425.0227504268332,1500.0,0.5392967834896385
1788702698230,115.82613727239173,114.86577071542814,2.2961511611938477,115.67824140887758,105.85303805553689,277.41182260488426,280.7911041425653,1398.0525747703064,1460.0,0.5394427124986305
1788702698476,112.40225724347934,112.45628537155513,2.6455795764923096,106.59078058492331,112.91827994067526,249.3479814539405,251.6040036234258,1404.2673700620007,1460.0,0.5558311448880904
1788702698733,105.4881851316437,116.40099232591045,2.661341667175293,108.17523419065668,114.81953431562239,229.36276082211378,231.1382625230786,1402.8604793430543,1360.0,0.651803174667384
1788702699064,95.68202702079232,124.95590089812993,2.6377646923065186,100.16838013993852,121.5358927611998,217.11753905132994,219.27469015499804,1327.0655539605607,1400.0,0.5135608403443984
1788702699343,88.03531196173721,129.04122900775099,2.6196320056915283,85.16851550644904,126.00122344627137,224.55346803533317,210.4791158112249,1418.8143518415131,1380.0,0.5723962675133967
1788702699619,86.33493017962599,128.26597679318405,2.644200325012207,87.89806711285773,127.75771294316678,224.17442909595326,222.60484904939318,1403.7039208734018,1420.0,0.6272175260860635
1788702699897,90.41631743663879,123.91487181656005,2.679490804672241,91.54214075007513,123.78146478726605,235.56803578469882,237.84360003821973,1373.8596636628563,1460.0,0.5329402084064739
1788702700144,93.43821127583662,119.15428341843011,-3.10105299949646,95.17076606340737,119.64331716912639,203.17032264266157,206.83339740591322,1290.9236971452758,1440.0,0.0
1788702700425,95.11029581385334,113.45178318774607,-2.4615237712860107,97.5204905454294,107.3186224129027,170.8913081046625,175.66586554111728,1392.9899698760441,1300.0,0.6913084463665221
1788702700683,95.25777020792323,108.08742733452264,-1.9075373411178589,95.58343287341542,102.46464122842877,142.3849290413449,146.21711832892424,1422.7634393025635,1380.0,0.650632913886496
1788702700983,96.69376883919783,101.09013594980314,-1.3320764303207397,95.94606397049898,104.12831915110795,119.20298504759685,123.62742408064281,1418.6738034216132,1420.0,0.5977476563070027
1788702701240,100.71570689283956,94.86162801427166,-0.7896354794502258,98.78958208743768,97.0672682143502,94.49649484914318,98.28105069267758,1401.9950416809038,1440.0,0.5675904239644314
1788702701506,108.54447973056102,87.73977685162403,-0.6065385937690735,105.7192306141521,89.85621557325808,107.54969830206069,105.1930424608829,1430.4748758254498,1420.0,0.6120520714395407
1788702701771,118.69141586183564,78.9909927488312,-0.5922754406929016,115.71061459706374,81.31551238146027,118.4050900480243,117.15504803038458,1445.221156708385,1420.0,0.6362839662505609
1788702702019,126.53737466166338,70.64280592550443,-0.2458999752998352,123.75962874629595,72.11032868015164,93.11056573088963,96.12914058892986,1521.2195847294336,1460.0,0.6943234066292074
1788702702295,133.05328609436515,66.59690075971949,0.0924794003367424,130.8336675169249,66.51452064340066,79.92898765320479,82.23064873054892,1570.795282618493,1520.0,0.7146385820104748
1788702702564,133.8124480960876,66.08797809270423,0.17269009351730347,131.68131673878025,63.44262286723996,75.15021742343652,75.53857411159743,1584.000286265636,1560.0,0.6895813004038501
1788702702824,133.1333142378199,63.363950233759844,0.4461461901664734,130.45323136885068,57.04560268541405,53.00557701544028,56.272851726383635,1621.0350199772747,1580.0,0.7227867471655174
1788702703100,134.578857421875,58.84539746862697,0.7508456110954285,132.3089400874806,58.29608142714018,43.65168985723568,44.17403106253278,1615.324292443796,1600.0,0.6866101176609856
1788702703415,138.0634842519685,58.29877718227116,0.7973544001579285,136.9778241967705,56.38925969585327,43.02593844039018,39.194687814134795,1627.4517304013812,1600.0,0.7202402136288606
1788702703727,136.5403062715305,61.36902336060531,0.7544957995414734,134.38623610631282,57.38608122740527,44.10955460848777,42.88153464008957,1615.9806143096491,1640.0,0.6661812434213433
1788702704040,134.2203551765502,56.31201075756644,0.7686383128166199,126.3172073219989,50.29529547031139,40.13900227550664,42.82641426831867,1672.7830525482707,1640.0,0.7217334034918249
1788702704311,131.67223832738682,57.06991841473917,0.7707673907279968,130.24587861043162,54.75407418132523,40.134124204131126,39.38717977849058,1643.718733535601,1680.0,0.6575208011157802
1788702704644,134.55006036232777,59.88421582800197,0.6698638796806335,133.74471633235746,55.40004360127302,51.583905564566635,46.0794036963386,1619.7025466749512,1660.0,0.6508896731340016
1788702704910,134.8944043737697,55.57387945220227,0.40479010343551636,134.64446874991108,50.543243356078534,66.68811869995534,57.10333148111715,1661.5574918581644,1660.0,0.6962376358822443
1788702705179,138.91303595595474,54.3882018562377,0.1022145077586174,135.5033105649612,53.820145666461464,82.0531430154906,84.10714942549396,1644.6312684340396,1660.0,0.6766196480620141
1788702705466,140.50133412278544,55.37351112666092,0.09413402527570724,132.42546978697933,55.22808961081897,83.02055014905619,84.93715818167323,1641.5390028581003,1660.0,0.6657867317157252
1788702705728,133.63938699557087,55.27657095841536,0.0890161320567131,119.51140637265543,55.7215214926901,74.14368244791865,76.2602169576478,1644.8466818365814,1640.0,0.6958672177648855
1788702706014,121.61001130351872,56.51025967335138,0.08422773331403732,121.98526416558396,56.012140065730186,63.706421320863114,65.03287185133524,1626.1147121509591,1640.0,0.6798661970413559
1788702706287,112.06252691313978,59.09592996432087,-0.2408316731452942,112.29032328654232,58.44432118223877,79.94404699546331,73.64040725752339,1628.1412982791203,1660.0,0.6630518167744961
1788702706557,104.72837913693405,63.9652282234252,-0.8339326977729797,104.02986126776888,64.67179201556709,114.31046677064828,110.7601433272036,1573.6923267025359,1660.0,0.5898294319082069
1788702706843,98.7800369863435,70.6929749015748,-1.497230887413025,99.26983642379345,71.54157478889553,144.65950888437152,139.8367145447808,1529.7070646237175,1620.0,0.5652379220578528
1788702707085,95.42768823818898,76.90544548935777,-2.1078789234161377,96.61816051381749,78.00663041589652,180.13456983053604,175.46217794760327,1530.7788759047312,1600.0,0.5820424007420785
1788702707343,93.81588913324312,82.13633619894193,-2.8732688426971436,95.7960568538166,82.58026368472977,231.10203922674788,222.742049588008,1503.3013904966924,1560.0,0.5875226271315523
1788702707613,93.39295875369095,84.19983390748031,2.3228707313537598,94.49879692245804,84.34463162832142,294.15454504315755,287.6389164512722,1500.5718597842276,1460.0,0.6781907047906995
1788702707882,91.68735774483268,83.22285809854823,2.1929831504821777,90.18885137257445,77.67724173932544,282.0259000152422,285.1643942252953,1549.1094460544114,1340.0,1.0
1788702708148,90.78174020361713,79.49025552103839,2.623429536819458,93.18772365631574,72.13802457776976,258.42220900879755,260.6315905575573,1535.8752856341532,1460.0,0.7347632742814815
1788702708395,91.60536878690945,74.97033306932825,3.137782573699951,95.30099780548221,68.26399642869839,230.23213107552797,234.98341355567266,1522.9617159713328,1520.0,0.6477431365332406
1788702708672,92.5090255136565,69.02988223578987,-2.518700361251831,94.62149475182247,62.655674234393764,196.18796410790446,199.0491241527563,1567.1030106021692,1560.0,0.6681716145617779
1788702708959,92.64636903297244,62.86468746155266,-1.9018224477767944,93.68109630539274,56.64238032642215,162.01443535543993,166.05061750874614,1643.1936110688118,1580.0,0.7282524811944806
1788702709222,93.15216304749016,57.850423497477856,-0.9951432347297668,92.79750692192894,56.06450032358197,100.13344906007706,107.65408851460842,1655.512627934859,1620.0,0.7411358591905511
1788702709497,93.71596449003445,56.31486547274852,0.20352095365524292,91.43799879201308,56.165934008452055,37.03844100355815,37.76589077035425,1659.530279060074,1640.0,0.7230321881411402
1788702709789,100.04795344795768,57.57566437007874,0.35886114835739136,96.28576080842973,56.58616197278179,48.91447496010312,46.80559831484294,1643.2241188958571,1680.0,0.6702645842545477
1788702710061,110.17771322896162,58.79820816160187,0.3551599383354187,105.758760202442,57.83022802501543,57.85482186895638,55.588516853340195,1622.742248920801,1700.0,0.6100239554347178
1788702710326,121.56652735912894,60.34914992925689,0.3562242388725281,116.79101967560311,59.152104142794535,67.46544151127665,65.9404809455279,1619.7854155648636,1700.0,0.6060843086692471
1788702710590,128.9047024944636,62.303207277313,0.35687321424484253,126.5677186670974,61.46113979137256,64.71238961114432,66.53506337271028,1603.8397904352887,1680.0,0.603950292894037
1788702710854,135.89034433439963,64.39370943805365,0.3770982623100281,133.16539766226938,63.469719437132056,61.656316363392875,63.16732064760242,1592.8456367619574,1640.0,0.6282851043931298
1788702711103,137.9020919199065,62.05444816529282,0.6178266406059265,134.00733774963783,55.03666587586713,50.01783124511866,52.11186754985454,1629.7154517758013,1620.0,0.687128618340171
1788702711469,138.03548497477854,54.51420821542815,0.6372110247612,135.4400831542316,55.4094730679249,53.221770550958695,53.56440152176447,1633.0619541744077,1620.0,0.7602770366713425
1788702711762,138.40470441683073,50.874124361774115,0.8400699496269226,135.206321024437,47.607632340610905,38.46320188480024,37.88133624311098,1677.6680329643143,1640.0,0.749427083261702
1788702712069,138.37567667322836,53.31957719457431,0.845660388469696,137.06497032970228,50.65515114916122,40.95642429610541,40.48241682643095,1662.6659367453522,1680.0,0.6868395673313755
1788702712327,137.95720618540847,59.07117948757382,0.8161246180534363,136.64751131754642,56.262885402465685,42.57757171874994,41.42303199438766,1637.0494219024147,1680.0,0.6572930643654779
1788702712635,135.2310877522146,63.73836006705217,0.5484301447868347,134.81938923982366,61.411335545630266,54.88949560431706,53.0782785142344,1611.1714244710895,1660.0,0.6373707161469653
1788702712881,129.86740472748525,67.30012187807579,0.48586052656173706,129.37387470895513,65.60712309057709,48.53008976918221,49.80947218551228,1583.1210159604916,1640.0,0.6185972381427531
1788702713165,122.90461022084155,72.90117879552166,0.44571322202682495,123.07431065032941,70.006585815796,42.49863036697735,43.553682281472675,1558.3575808300754,1640.0,0.5878729490650034
1788702713452,117.09422674704724,79.90143062561515,0.03825729712843895,116.11881776498096,78.26960153611688,63.3674214911008,57.310532462599156,1493.3060235948508,1600.0,0.0
1788702713719,112.38356222317914,85.3795425535187,-0.5567315220832825,111.14204129462081,85.70690241014533,93.7013405628754,91.75273353818281,1438.1231636609537,1560.0,0.0
1788702713977,107.67948180671752,91.39063076710138,-1.1205519437789917,107.18589110198953,92.5116918261954,118.77938080471023,115.71107608709661,1423.2962285858946,1520.0,0.5131679566706013
1788702714226,102.9451048843504,97.81996839628445,-1.5342973470687866,103.63318379908767,99.13122186701536,128.51390173780555,130.0517459433236,1420.008766999996,1500.0,0.5279561566239885
1788702714498,97.94493187130905,97.65310692974903,-1.6187013387680054,94.83945575488139,92.80048988401164,139.89820917239444,137.39880679784164,1385.5304390460615,1400.0,0.6025905544874222
1788702714763,96.51550773560531,89.03318390132875,-1.634344458580017,95.71785430321593,75.81199743441267,150.04254492587512,148.69058144455755,1532.6315800832238,1280.0,1.0
1788702715012,95.81107552595965,76.72839067113681,-1.6222375631332397,94.70527381989345,61.04385519754955,154.29526528065688,154.59558294205868,1588.3663571001357,1400.0,1.0
1788702715265,95.03664031742126,62.48703843965305,-1.6077874898910522,93.60112544033419,43.19232640134938,157.80919612347273,157.29738378074666,1753.3914260747972,1520.0,1.0
1788702715525,94.43003737081693,45.82684374231054,-1.5972689390182495,93.91808610493784,23.377002740341663,159.90075765604217,160.27404125520775,1880.2610327690838,1620.0,1.0
1788702715788,94.09925565944881,28.385538416584648,-1.5886186361312866,93.70855109801067,6.0391183379383655,162.23997618215006,161.98010199481843,1961.9710173644883,1700.0,1.0
1788702716102,93.8056717519685,10.693605678288018,-1.5723918676376343,93.06265224320612,4.787820888531208,160.99558318100907,162.80951458618108,1941.4416245898938,1800.0,1.0
1788702716400,93.74472310223918,11.40293151374877,-1.6134241819381714,93.80070343103411,12.33672982617086,162.11526104350497,162.62258296456392,1953.4771496889807,1800.0,1.0
1788702716671,94.16698065329724,20.655152328371063,-1.6156505346298218,94.12411710867421,20.119244934547712,159.7076352229894,160.5204104066657,1902.7043850104546,1840.0,0.8760445517409405
1788702716932,93.93276905450296,31.759590689591537,-1.5832456350326538,94.01071463738491,33.31890912180766,153.82348705927853,153.02739487255624,1855.2284969335226,1840.0,0.798818880941531
1788702717191,94.31338813361221,29.587520088736465,-1.5006521940231323,94.3980994699289,22.751499471486714,154.43391009929977,154.2440452005566,1881.1432654363891,1840.0,0.824965498950741
1788702717447,94.6200729730561,22.222715362789124,-1.8368796110153198,95.11813506995685,16.698942511976433,188.64624516748253,182.10588741208176,1905.354727046926,1880.0,0.8178274729384059
1788702717694,94.32266355499509,18.79657655250369,-2.8115885257720947,92.61497014334867,17.379932662560318,245.01080375511665,241.42266807334641,1907.6927919202658,1880.0,0.8178743534793396
1788702717947,87.84821758120079,17.644206369955707,-3.0408403873443604,77.33343759216216,15.170216705738312,238.18509827664977,239.1752262406599,1994.8135947727496,1880.0,1.0
1788702718202,79.6797913078248,14.035654143085631,-3.0590641498565674,73.17515987545545,6.190005892779498,238.9822156541294,238.63961226069307,1967.2979392566754,1780.0,1.0
1788702718477,72.79470849224901,7.847542349747785,-3.061096668243408,63.29827971193246,2.3695364192739,236.84264362636563,237.2486196166223,1961.7664945406239,1840.0,1.0
1788702718765,60.88760015532727,6.167842234213521,-3.044865608215332,47.044782155240014,6.365148488550544,229.87797122465503,231.2114697187072,1976.564995327766,1840.0,1.0
1788702719027,47.86589374692421,6.769720362866019,-3.053145408630371,32.64315669964927,7.235444469286416,226.1814595179578,226.77560559640926,1938.1331153072626,1880.0,0.8882481707276457
1788702719316,32.90276234544168,7.783466849740096,-3.0518546104431152,17.0338288610032,9.284858995630223,221.11310256262803,223.17587000265146,1883.8396001255703,1920.0,0.7727308369372973
1788702719603,23.529879352239174,10.725146916907605,-2.9214837551116943,25.565790209795274,10.381382284195189,211.40608203278245,215.97883510107664,1906.4443885253756,1900.0,0.8229851034065737
1788702719866,28.584179014671506,12.651943897637796,-2.849309206008911,29.18959909008443,12.99254865458088,213.33080099209138,213.58993183285435,1911.1159188320848,1940.0,0.7601751395670314
1788702720111,35.40475680133489,13.638991708830586,-2.8376529216766357,36.244462689220946,14.06158330048214,215.87909191002404,216.27252674496435,1940.9348437695708,1940.0,0.7939449924114208
1788702720403,33.95974467119833,13.492741622324065,-2.8146212100982666,28.179816595502146,13.270174466550984,209.8966518773604,211.56620614196657,1926.5942930287206,1920.0,0.818855343873162
1788702720680,28.722728819359006,13.29501775306041,-2.8067846298217773,31.29445635188246,14.727116607233041,209.4656354742532,208.72937561100014,1910.3971999119583,1920.0,0.7729262482937853
1788702721022,34.45212296613558,13.995159479576774,-2.803515672683716,34.38270678436132,14.459283195499273,213.31933124062525,212.57136204438484,1933.110352054397,1900.0,0.8313596986989726
1788702721268,42.39449568620817,13.505902628260335,-2.8247592449188232,43.10774135305772,14.774628408752946,217.50765969118083,217.61747448324414,1982.9153635661173,1920.0,0.8713065814356474
1788702721524,41.87087171659695,12.248093011811024,-2.923902988433838,39.667870676897245,14.104224108809674,221.78984097552896,217.92742809199729,1969.1199311173084,1920.0,0.8726503890776537
1788702721802,37.257017601193404,15.776012751061147,-2.994049310684204,40.50466368771545,14.970807396407565,219.68730463133429,220.70932983941128,1977.4141281837528,1920.0,0.8820207115841
1788702722077,31.024883600670524,19.442210760642226,-2.9965832233428955,35.07699535967983,19.032410392342143,217.094619933748,217.25400106138989,1955.3536740187174,1960.0,0.8210954957542214
1788702722339,28.105158768300935,20.56978481022392,-2.891676425933838,29.726819095861973,20.97020959800854,212.41419403931027,210.59443099521295,1910.6217136955286,1920.0,0.7989658780500319
1788702722607,32.882570281742126,20.875758373831204,-3.1177899837493896,33.68405350920539,21.073015206388376,234.05273907868397,229.17849623989963,1929.2166149823145,1920.0,0.8067398406877245
1788702722852,42.39176592488928,18.99858249454048,3.0598433017730713,43.36450581199846,19.166132724973462,241.67224507679705,241.4011456428331,2003.2626158104008,1940.0,0.8843359420607596
1788702723112,51.97106549120325,16.05195413424274,3.0588643550872803,52.39055935866462,16.324138466732666,246.26109853496123,245.24527187223634,2022.7545645206676,1960.0,0.9098294897638945
1788702723394,66.6384383073942,13.271784744863435,3.0517654418945312,66.91707087568267,13.328666396287641,253.87964242785824,253.10736324562555,1994.0751833563172,1840.0,1.0
1788702723679,77.44280477208416,11.838750163401206,3.095937967300415,78.32794395798625,11.87545169866869,250.35438134530577,251.2926112818672,1978.1560124748564,1780.0,1.0
1788702723947,76.88027209184301,11.630342738834893,3.122077465057373,71.35054950836798,11.523726618209082,243.3469337507957,243.93575537677822,1989.8029713864833,1700.0,1.0
1788702724206,68.03744098332923,11.89910888671875,3.128931760787964,55.358731766176625,12.285009646632714,237.10326565550625,238.29869056906074,1982.0533464264265,1720.0,1.0
1788702724464,55.05650798166831,12.312988521545892,3.131309747695923,36.693604989319184,12.943910935618955,231.72246343945346,232.41326357417853,1959.0004053997318,1760.0,1.0
1788702724749,38.070414385457674,12.506688636118971,3.1351518630981445,19.083607520931412,12.413811367434295,226.9189098617616,228.2250989425692,1889.1579819864871,1800.0,0.8938017612720213
1788702725076,22.974774217981054,12.930353119617372,-3.0732789039611816,15.468836571390721,12.966838925879163,220.70568936039194,220.53435701799148,1862.46273619139,1880.0,0.7660538333862389
1788702725337,22.35788901021162,13.522060123954233,-3.130326509475708,23.970936477087115,13.955132774048364,226.94897417521588,229.1503103726031,1892.6254914330102,1860.0,0.8292099308943254
1788702725620,24.743726835476135,13.732943797674706,-3.1328554153442383,25.78533051427478,13.695519135301874,229.25931216732047,228.3204888412327,1897.1929608263902,1840.0,0.8458116886698758
1788702725866,28.731139175535187,14.697835126261072,-3.052830934524536,30.3069106144387,16.096891967979783,222.65709367286956,226.63570737522218,1924.7856759849342,1860.0,0.8475295119959426
1788702726141,28.714652474470967,14.67239500030758,-3.035169839859009,30.09459690126227,14.870292562450045,224.3035525767719,222.74274631537605,1917.7801818996345,1860.0,0.8625056505659676
1788702726432,33.58283816360113,12.57905975101501,-2.8433027267456055,34.86735014387856,13.915473766015559,214.0710010076416,214.4797306689477,1939.7957936588696,1900.0,0.8376131108333669
1788702726703,31.405183086245078,8.762843815360482,-2.7776405811309814,24.657253913959487,6.738041113558638,208.36342480105003,209.5980304101364,1909.1553957573224,1900.0,0.8177756387047703
1788702726991,23.412110336183563,7.038530364749939,-2.8387813568115234,26.34834529127848,8.16122757180245,205.49954597855378,206.0712165456315,1864.7958783827132,1920.0,0.7400222762848679
1788702727259,25.67516657311147,6.391812422144132,-2.868720531463623,26.905283023158233,6.75273134589841,214.58275603673158,215.52978849768306,1903.340251122696,1900.0,0.7948898414947566
1788702727565,34.27667332446482,8.765630046213706,-2.891890525817871,34.11419422980088,8.582775709682656,220.42078808579237,219.09413703328073,1924.3102260276055,1900.0,0.8116714655640312
1788702727873,45.58331827479085,10.606774758166216,-3.1232059001922607,46.04610715318353,10.673856101581046,241.6164046334593,241.4878734124751,1976.6023926040439,1940.0,0.8550705484262056
1788702728122,59.45815679595226,10.417892576202634,3.1215455532073975,60.04498178006769,10.411927168735074,247.15893951239116,246.64166213533446,1978.2069536328227,1940.0,0.8618069546540417
1788702728376,69.8485366941437,9.765069916492372,-3.1216323375701904,70.85433538845638,9.991193468754211,244.56913226700973,246.25149126289108,1982.1175414896513,1840.0,1.0
1788702728637,68.63702728992372,8.668279572734683,-2.9813783168792725,64.659723054281,7.710756759561258,230.21905647481105,230.0696646831287,1972.711608671512,1840.0,1.0
1788702728901,70.18501341812254,9.09639373539001,-2.939743757247925,71.31998253806265,9.351185329374058,233.41626686506558,232.24955711542816,1977.5849852450126,1720.0,1.0
1788702729166,76.72619436669538,9.960610096848857,-2.9187605381011963,80.48868229855654,10.68647043407019,233.220324873661,234.24757475846644,1969.1025987493315,1700.0,1.0
1788702729454,73.22732279619832,9.668879471425935,-2.9059197902679443,67.35964352147508,9.333593228883734,228.2947229111699,228.54779203613495,1981.1186292063264,1660.0,1.0
1788702729712,72.03810323880414,9.764965988519624,-2.871816396713257,73.59981587365873,10.20517049293946,229.28553010051135,228.5092866651778,1979.965958280881,1700.0,1.0
1788702729970,76.64715143639272,11.232413945235605,-2.872159719467163,79.39537732883673,13.091310583848669,229.55978600991398,230.86465799269598,1973.7882625007423,1760.0,1.0
1788702730253,73.77504844365158,12.286865955262673,-3.0677857398986816,67.70580409832428,13.423708418015783,238.2887971353826,239.1451802114276,2011.1669708101028,1780.0,1.0
1788702730500,65.67724513256644,13.159248171828864,-3.09639835357666,53.323315627657024,14.243588833934838,233.45895647296288,234.35983709889697,1991.0474771268268,1800.0,1.0
1788702730755,53.912065160556104,13.721387968288631,-3.1044163703918457,57.19143862122545,13.652929002133337,229.3924062955498,229.66202792558474,1976.0208627441841,1840.0,1.0
1788702731064,42.66268512395423,18.926314706877463,-3.100142002105713,47.96812540607568,16.658187664579142,224.96078818311426,226.56446691903082,2006.6457932213739,1880.0,1.0
1788702731370,32.03001487912156,23.69380200003076,-3.098494052886963,19.270494032936888,24.245831524578204,221.5091460293839,221.3909164209696,1965.8153654785808,1900.0,0.908092270070121
1788702731616,24.180776040385087,23.892601193405515,-3.090189218521118,24.184600716147706,24.196756298660848,220.2845870956004,221.18748676150753,1855.6792345319193,1940.0,0.6919072443420736
1788702731871,26.83151365265133,24.344556913601135,-3.035877227783203,27.62233592719886,24.500962184761978,221.82871622162412,220.00280992788137,1887.3866146216512,1900.0,0.7723060806925997
1788702732156,36.797168160986715,24.654214213213585,-3.0403037071228027,35.154080842811474,24.74239446754689,226.303764144401,225.33378670588937,1917.7257649562748,1880.0,0.8221135739125845
1788702732422,50.15738419660433,25.27159923643578,-3.0419726371765137,49.512419943175324,25.254160506692482,233.2341293727826,231.82411167035355,2034.9853561396476,1880.0,1.0
1788702732682,62.13087667630414,27.519033837506154,2.936110734939575,60.74908497687854,26.64579555635851,253.23132076688523,243.62046584401318,1988.4874365870928,1960.0,0.8847353892423824
1788702732947,70.84130474901575,30.862460399237204,2.378922939300537,71.82179374464825,29.04914695332605,291.3728107913968,290.0985068755195,2002.7910023434688,1980.0,0.8665359496990528
1788702733229,74.38087283156987,38.10362327755905,2.225334405899048,75.02771300040027,33.75459297280695,291.1573445447274,291.9313347977224,1928.2142252384042,1960.0,0.792154685974632
1788702733496,74.29503433347688,46.05167899544784,2.519068956375122,75.98134415650615,44.008579332930246,260.91696823092076,265.153715437523,1756.452268468828,1940.0,0.0
1788702733755,73.86349655511812,52.07152359128937,3.096646547317505,75.80547341351674,51.26378902479769,225.86196139779366,228.02462043635828,1742.3577986360042,1880.0,0.0
1788702733998,75.7963501937746,57.19418503168061,-2.621675968170166,77.32867410563854,57.59874289995154,194.14770665464596,196.90228259807975,1712.1039452505754,1820.0,0.0
1788702734295,79.35843400129184,63.177201879306104,-2.005707025527954,79.69166080911756,63.75451998929341,160.74174213921344,167.87774268194212,1680.9218254808015,1760.0,0.635295766301263
1788702734542,83.89776274913878,67.62632354976624,-1.424540400505066,83.22930644603703,69.49923718507002,127.77107138363652,130.71757375896343,1635.4193679163889,1700.0,0.6321637564003532
1788702734826,88.681640625,65.83753690944881,-0.8143709301948547,86.51358801522102,68.09930330476243,100.64534296308015,105.71986309772758,1609.3988677176399,1620.0,0.675975859628738
1788702735089,93.6677322988435,60.74119267501231,-0.3105223774909973,91.15781445306911,62.062689576604264,76.74488052453138,77.04286340431398,1594.6657377164472,1620.0,0.6463228433424866
1788702735357,100.53699403297244,54.312811423474415,-0.17065364122390747,97.77290626851348,55.32983452198177,81.3081231741322,80.87914752851837,1641.0719180038018,1640.0,0.6811082287993004
1788702735601,107.93696365957186,48.41575322188731,-0.28593045473098755,105.17746092195925,49.55477415216713,98.37171076798974,94.86478217786271,1690.6265928463922,1660.0,0.7361707839111611
1788702735883,114.85423651267224,42.432861328125,-0.8106730580329895,112.25072630980414,44.83278258415442,133.85762085703686,120.59585032769562,1716.9243221490417,1700.0,0.7294234070575316
1788702736154,120.15609621062993,34.6576888917938,-1.291119933128357,118.59773970431394,38.59854419713773,160.89890079627943,159.04248893963165,1745.1678844052478,1720.0,0.750026383645067
1788702736447,122.52502921998033,21.374252199187993,-1.3416084051132202,121.81859915880885,25.785005922731724,160.6714445287908,160.4373698241091,1825.936910623878,1760.0,0.7669543079078186
1788702736756,124.9372923843504,12.892493300550566,-1.2072309255599976,123.76041792744395,15.107583492151749,151.3056781165311,159.98875239690602,1817.0885854969247,1820.0,0.7565737114821037
1788702737038,125.80828809362697,16.74688023845042,-1.1541928052902222,125.03349222266571,17.396187624594404,149.82938833459696,149.68179822072648,1810.61043928271,1820.0,0.7512836680323841
1788702737375,124.88306240772638,26.847171332892472,-1.1661590337753296,124.40578752288903,25.76267887324732,147.8273663952079,148.60765015674593,1796.842809362579,1840.0,0.7138664586181722
1788702737644,121.69232706385334,39.0482047974594,-1.18217933177948,121.42267920497186,39.71684060035427,142.01576692032052,142.0873628058037,1744.3942157903537,1840.0,0.6448327331807832
1788702737907,115.83180825541339,50.93099278727855,-1.246533751487732,116.16696072158337,50.82314660191129,140.63491301079483,138.2164615288085,1687.2517281019727,1800.0,0.0
1788702738177,109.7504286878691,63.88378714013288,-1.3307756185531616,109.76506734796807,64.72469309636786,133.78286849531509,134.14072521269,1586.538434669128,1740.0,0.0
1788702738451,104.06687338521161,77.43338517316684,-1.3388580083847046,104.16510415337338,78.05053871927939,122.60803277644487,125.17862596163158,1528.0040299686987,1700.0,0.0
1788702738723,99.2598982683317,90.21451694758858,-1.366392970085144,99.14577483869428,91.2423409881384,118.68308164689276,117.21976902037534,1415.314654511563,1660.0,0.0
1788702738969,98.8199357160433,89.62087075541339,-1.4378827810287476,99.0842449486518,85.50782204338137,136.86046670445427,135.09093990146178,1436.292061747238,1520.0,0.492155234459268
1788702739247,99.4795287124754,83.24004406065453,-1.0276936292648315,99.12809199672313,76.60055656489587,109.7761953440896,113.05998470482217,1528.7660258623823,1460.0,0.7145153581610718
1788702739526,101.60617618110236,76.39015978715551,-0.4499543309211731,99.48792102230772,78.02721348088807,81.78518032889582,87.11080684863774,1518.7367057998104,1480.0,0.6752040100260053
1788702739802,105.87090920275591,70.75022299458662,0.009389098733663559,103.20753810367549,71.5088270666179,64.95253924587192,64.68052304908191,1536.6090553115346,1540.0,0.6465756008631369
1788702740066,112.63720895361712,65.62976266455463,0.05939071998000145,109.67965338382812,65.97853163157338,74.88654492596845,74.36762291310379,1568.8903829019198,1540.0,0.6849783277144198
1788702740328,119.98360220841536,60.27807040477363,0.06282203644514084,116.69815981591672,61.19168003392222,79.21572427061312,78.81304476351966,1597.3945605298609,1580.0,0.678752505582964
1788702740629,127.98460952878938,59.32529719795768,0.29869192838668823,124.51445514255094,58.04910705949499,67.41543272873031,77.94883327438026,1623.6270637400598,1600.0,0.7048365503227905
1788702740911,129.67338021345967,62.391482375738185,0.34416788816452026,127.58421345789752,61.635424814979764,64.59596108568354,64.16119489223024,1594.7983775747655,1660.0,0.6055609885304972
1788702741183,134.93315929502953,62.89409006674459,0.3079769015312195,132.21925187863457,62.212714423215814,70.3182138262249,70.16917352478072,1599.1950689450757,1660.0,0.6167129843626434
1788702741440,137.8834641824557,63.106751930056596,0.29657572507858276,136.15364163773432,62.94992250459855,72.40035005727339,72.91403713488165,1598.7872350957512,1680.0,0.5961331422259558
1788702741717,137.73072250246062,63.03537924458662,0.2951199412345886,135.39406303795644,60.92370191912557,71.50672859572563,71.31536175103332,1599.4307456645429,1660.0,0.6152594043320659
1788702741991,137.24500761257383,59.9836166261688,0.5687019228935242,135.602127090445,53.50479148284614,51.3958103503511,59.09047866318832,1633.1556059682057,1640.0,0.6751331311519098
1788702742251,138.77364511564963,54.4416244386688,0.6827470660209656,136.61495158979767,54.333330124222954,48.61310167136867,49.5721459898416,1631.0801200447163,1640.0,0.7254503258391896
1788702742526,140.16889917568898,50.89754359928642,0.716960608959198,138.16391929745834,50.452406189326624,48.65365359771158,47.61696514603932,1670.3405731804874,1720.0,0.6547023900869833
1788702742823,138.8482329601378,53.58177845872294,0.7119538187980652,137.52390002442067,51.689675618751885,47.54769281542258,47.995006823727294,1656.9729377067772,1700.0,0.6609735067433236
1788702743069,138.92916461614175,53.918360912893704,0.7132226824760437,137.03265713450054,52.49279212088784,48.98219129878555,49.04032894842277,1647.73558611614,1720.0,0.625988266873642
1788702743337,138.87521338275099,53.85519673505168,0.7134391665458679,137.82812471271444,52.59439962212688,48.096931869028765,48.77468794236455,1646.9048253323303,1720.0,0.624905147571518
1788702743629,138.88207623339076,53.87530950110728,0.7153050303459167,137.14075118541737,52.34244181744614,49.09724914057915,49.1386594535237,1650.0013352622182,1680.0,0.6683614149373502
1788702743919,140.1476377952756,54.35395488588829,0.6999217867851257,138.17953259437425,52.752547518575945,46.27705132092507,47.799543454253865,1649.4698394121017,1680.0,0.6660765481736779
1788702744206,138.68988757997047,57.67959714874508,0.6009408831596375,137.75046693480252,55.53094384003931,53.76751541291475,55.79306202167072,1639.2215235233173,1640.0,0.6954642883690093
1788702744510,132.4077071542815,58.96522341750738,0.4858800768852234,123.36645209428656,57.905374613362675,52.83347970105223,49.04588375483695,1628.2628614363612,1640.0,0.6693893951427304
1788702744825,126.00688784141241,60.04599263348918,-0.05060798302292824,125.11521885678218,59.49015577287196,83.32099882200373,78.05920459940722,1618.1456624016844,1660.0,0.6314128051610787
1788702745085,120.17972210260828,63.72081846702756,-0.5674975514411926,119.00240814147493,64.23787445606544,109.99771580664628,106.5748974745453,1589.3183134517787,1660.0,0.6072694708781524
1788702745370,114.03576948511319,69.52823188361221,-1.178629755973816,114.21883723868129,70.06031922675737,136.48241349175316,132.13633352504783,1555.8413867593056,1660.0,0.0
1788702745641,109.1920867679626,76.11052265317421,-1.7983583211898804,109.93054801482859,77.50843864256156,170.69235108729487,167.6884287208498,1512.3012609523148,1620.0,0.0
1788702745897,105.8991776113435,81.76680917814961,-2.4352221488952637,107.72696831078177,82.55699896736617,204.92988511940513,198.33307740910416,1484.254156387373,1580.0,0.5443463394847642
1788702746167,101.90425842765748,86.39919491264764,-3.0492212772369385,104.32930601823813,86.32891805851186,234.11222342568695,231.50903638419496,1460.6889963313197,1440.0,0.647468232885462
1788702746441,97.8974686269685,90.01939668430119,2.6740975379943848,100.0787056003829,88.88970697450154,262.21525389208387,257.80628989938634,1433.2937995276918,1300.0,1.0
1788702746720,96.44558163139764,88.37584968626969,2.225492477416992,97.43357063598012,81.75729517981118,291.74069049921997,288.50478155546335,1495.2610700433947,1400.0,0.7193369229697867
1788702746991,96.87548059178151,82.75639571542816,1.699074149131775,98.48934215440316,71.40966093847989,330.32258959187493,327.6488308511352,1527.727543298475,1500.0,0.6784491970908226
1788702747274,97.55846879613681,75.11029581385334,1.1464126110076904,97.31267210536645,63.625849452137366,22.2,0.63507591643247,1549.910028913434,1520.0,0.6851168478379563
1788702747543,97.28052334522638,69.09746305210383,0.7493832111358643,94.44895924380107,63.50568132612391,22.2,21.101075003022743,1571.3084497084621,1560.0,0.6806623033680732
1788702747820,96.35297159510334,67.98969418983759,0.7366949319839478,94.67822177316174,66.85320421549821,22.2,17.315956403183577,1538.1959983247973,1600.0,0.5913532363072482
1788702748065,98.98223156065453,70.73886180487204,0.8623324632644653,97.21061738442158,68.70688343129204,22.2,10.93001701604203,1523.382245693973,1560.0,0.6121231314371048
1788702748362,105.51220510888288,79.46783110851378,0.9076536893844604,102.64637257304837,75.40594279768885,22.2,11.044682943726343,1532.7118876535353,1540.0,0.6447918115092979
1788702748632,109.50928695558564,89.23657995509352,1.2360690832138062,108.33439297556544,85.85097912398977,337.8,348.33917944041275,1466.433747440849,1560.0,0.5491943687371655
1788702748905,112.8788697250246,99.95042215182087,1.3468891382217407,111.60796019318313,95.74425077302745,337.7326278220484,337.53175022846807,1392.1084490720557,1520.0,0.0
1788702749215,113.89854130782481,110.57740218996064,1.5661611557006836,114.14560918098739,107.2694920176027,311.0173951316262,311.54749913644895,1405.9196850526405,1480.0,0.5150664158753351
1788702749525,111.79213636503445,110.41520246370571,1.9551054239273071,110.12566394048157,103.47998512705507,294.1159229751433,296.36195118922467,1414.3095086857659,1440.0,0.5798218956600665
1788702749774,111.16497370201772,105.30333030880907,2.4542806148529053,113.3909555050421,97.31221895382417,271.3501409405345,275.1726535491591,1372.1945077603002,1440.0,0.5253321771363206
1788702750045,110.3446227546752,100.35553218811516,2.9949424266815186,110.12719605266007,92.74202520295349,241.56864438999247,244.44285616133936,1393.1033470608609,1240.0,1.0
1788702750315,107.72006297674704,95.01586914062501,-2.6893374919891357,106.12898892980368,89.82731297182248,202.58813709915182,205.7796160776526,1435.209895072848,1400.0,0.6430423839894533
1788702750598,104.40774752399115,88.68953194205217,-2.2795732021331787,101.99630331205992,80.03351199739555,186.08547524656214,185.62204868769533,1488.7482616743655,1440.0,0.670794770807745
1788702750845,101.37270469365158,80.23751807025099,-2.187657594680786,98.43801449146152,70.11521393679496,184.2611482657047,185.53204372093222,1525.4359241905127,1500.0,0.6748233610416161
1788702751099,99.54238050565945,71.87559593380907,-1.7430270910263062,98.94698062405196,63.28630762954229,157.17308191238584,160.26045360375076,1552.5363403417007,1540.0,0.6619606529026966
1788702751378,101.0220168706939,63.70921217550443,-1.1568139791488647,99.96160337074362,66.38118252294602,126.24850101186263,128.80491595524921,1537.0606451083477,1520.0,0.6644514894504393
1788702751636,106.4916031003937,57.39291934516486,-0.7824395298957825,103.75329222422081,59.99670573062271,117.24906552595525,115.42779581442203,1592.1786182910807,1580.0,0.6763730657026998
1788702751892,115.34286378875493,49.83402762826034,-0.7420204281806946,112.82126783489386,52.10095858340844,125.92319782919623,125.75255103039852,1663.2478694560004,1580.0,0.7749379452934231
1788702752165,125.76680341104823,40.04778764379306,-0.763902485370636,122.17161531232448,43.6727532464546,132.75613795066417,131.00144419436353,1707.563397462644,1680.0,0.7401268631402698
1788702752453,131.99325441375493,29.284828966996802,-1.295688509941101,129.86733232173665,34.440066056055784,166.87004231240223,162.1942125016517,1739.3768144986534,1720.0,0.7463413059437077
1788702752730,133.83179672121065,16.761343648114543,-1.424984335899353,134.53502974135458,4.256467216911862,171.1159749274061,172.43810077534823,1763.9512676858617,1740.0,0.7569592718708273
1788702753009,133.7519608144685,13.549998125692053,-1.218863844871521,133.24482915964757,14.958383894795503,157.0610315464029,155.08387930897283,1788.170665164632,1780.0,0.7626248191333155
1788702753303,133.1197231022392,19.338491845318654,-1.2389510869979858,132.65567080360623,19.740975829162835,157.04518746083733,157.06194388142927,1783.996389477368,1820.0,0.7138375495522257
1788702753601,132.6513671875,20.158350186085137,-1.2457574605941772,133.15556256859756,17.14549405884811,158.62282088678447,157.8156676350414,1783.359176179549,1840.0,0.6847920945681162
1788702753876,134.902084230438,13.554848498246802,-1.2424744367599487,133.55964973848566,16.60234140069515,160.66919810851576,161.0789096375703,1781.6333540224448,1840.0,0.6848132936879108
1788702754142,134.68129075418307,15.454204889733022,-1.2319754362106323,134.28483393856044,16.27411424172535,157.7846613312201,158.1131003474427,1783.7967981618933,1800.0,0.7322382477716252
1788702754426,132.35426534817913,25.113052007720228,-1.2431319952011108,132.27219941732733,24.71365448886897,155.59537881573414,157.20055083549403,1775.4836588342769,1840.0,0.6847438979165927
1788702754693,128.2128617894931,37.93644702340674,-1.2519973516464233,128.37188061141433,37.66155329722225,150.3178952843029,151.81392660142825,1740.901916618047,1840.0,0.6416338419579966
1788702754942,122.95707161970965,50.59674600916585,-1.2583988904953003,123.59895478808568,49.67872095337919,143.39380638265794,146.00675369361738,1696.3969036133253,1800.0,0.0
1788702755215,116.62405419537401,64.4922499769316,-1.2638810873031616,117.08598360520782,64.09445977093591,134.22882856726469,137.10468735810338,1602.3380885779818,1760.0,0.0
1788702755473,110.39838175135336,78.16416823019193,-1.2654250860214233,111.2091114239059,77.01964033383206,122.67019838019274,126.12474866194955,1535.6885881782196,1720.0,0.0
1788702755720,104.32476854699803,91.89728023499016,-1.2628759145736694,104.28024474277524,92.35355280897858,103.52912674198554,104.77415760254944,1431.901425592948,1680.0,0.0
1788702755989,97.85246601254923,103.1473282941683,-1.2277015447616577,97.61859885776775,104.6571968772485,97.67517685259725,96.32473458283118,1419.1763593502367,1620.0,0.0
1788702756254,96.85189314714567,102.5893035648376,-1.1592954397201538,97.43655412220284,98.03106861640795,111.43335349764097,109.90202759976586,1408.109703135035,1400.0,0.6225877363916914
1788702756525,98.00260288508858,95.34357506459153,-1.177122950553894,98.81518424237271,85.89596435825737,121.666789017868,121.05670656069361,1445.835255701328,1440.0,0.6077564964101388
1788702756804,99.75475401390257,84.50160709891733,-1.1851543188095093,98.31606522065195,89.2742359669927,129.3342395531398,126.7103694791146,1388.6420845839084,1440.0,0.7304465751869477
1788702757049,104.26873154527559,73.59270711583416,-1.0814694166183472,102.48408019400736,77.30874554462817,130.83857531045413,132.8941094979031,1505.849031851109,1500.0,0.6112039749759548
1788702757372,111.87686469611221,63.16827728992372,-0.5616901516914368,108.55649845603376,66.38850855444649,105.96402202490289,111.22687712171253,1555.6600172817098,1560.0,0.6397269069164379
1788702757654,120.06804218442421,56.772162970595474,0.07402961701154709,116.90254467475818,57.20384184679309,70.45443199288755,77.78604488591911,1624.3694052326045,1580.0,0.7193064126118882
1788702757932,125.82639679195374,58.83918822281004,0.28914564847946167,122.36196913955035,57.63537721017902,68.01153620107334,66.37029004369623,1631.0274862713893,1620.0,0.7053092838038116
1788702758202,135.6309112789124,60.532438022883866,0.3073861002922058,132.58274456140893,59.7846395462739,64.5059576141312,65.49793831957516,1613.2946917408403,1640.0,0.6563006146750747
1788702758474,140.6658214659203,63.40993325541339,0.2805907130241394,135.74658738047725,63.92420218225841,76.04510012557938,73.03542577584085,1601.8741442146245,1640.0,0.64143019915188
1788702758738,137.82230407234252,63.28612320066437,0.19254940748214722,134.04709389525394,62.62777536454172,76.48127857908241,75.98993841555091,1597.4503159685362,1640.0,0.6356119949433662
1788702759005,134.9104080800935,63.2421875,0.20319002866744995,133.47011781068278,62.68741673441036,69.63905155436271,70.51196678414061,1589.140448205747,1660.0,0.6121258378670896
1788702759269,133.5382032018947,65.61261514979084,0.23385637998580933,131.21467653882704,65.0860155543194,73.60070485178022,72.26756028523573,1582.0329991872225,1600.0,0.6539611118162098
1788702759516,137.54676158033956,64.77739469272885,0.3408309817314148,135.34875011167568,64.41581565640259,65.58794507009486,65.89062406441127,1586.5913371219908,1600.0,0.6568243888068251
1788702759772,137.64554241510828,63.12697523222195,0.4062425494194031,134.71685194083466,57.75663255371495,64.7544599423561,64.83582974204245,1620.910864369693,1620.0,0.6775282173834307
1788702760054,137.78096356729824,57.27988415815699,0.5022608637809753,135.83238481569222,57.23512637834664,58.6179331415002,59.7395286793743,1668.2505792052605,1640.0,0.7268793450575554
1788702760372,141.2077271468996,52.27217066006398,0.7172867655754089,139.10963951493906,51.63188881860658,42.363400144476486,43.02461893292559,1652.3528857279105,1660.0,0.6783673176449837
1788702760688,140.39170152559058,54.086995763102856,0.5862080454826355,138.99277130821923,52.157711854486365,57.205113896807575,54.66650962877702,1653.0491609658889,1680.0,0.6724245371538674
1788702760952,139.88575372170277,58.038195512426185,0.5120803713798523,138.1238525011952,56.625591769705395,60.80707027288179,60.80568984953146,1633.5360183998864,1720.0,0.6096974474737129
1788702761208,140.1754256120817,59.73219503567913,0.5028058886528015,138.406534603975,57.916429720401645,59.804018505365946,59.39411365011307,1625.8598717081366,1700.0,0.6141402467669879
1788702761469,140.1233871339813,62.08224559393455,0.45429056882858276,138.75850753151772,60.67728700677685,63.51378399586645,63.70164268522797,1605.9275740705718,1680.0,0.610571885497928
1788702761741,140.33127191498525,61.62514513871802,0.44856518507003784,138.5272026315749,57.81377669915176,62.73285362299771,63.38419791254296,1613.1417710219475,1640.0,0.6475675379735235
1788702761985,140.8586637241634,57.71076352577511,0.38818997144699097,139.5141857635655,51.84419130759505,67.1840392433628,66.07499890246811,1651.3209196494358,1620.0,0.717019614090878
1788702762299,141.68592558132383,57.88930337260089,0.2625223994255066,139.45319981569745,56.5201087099392,72.34378377731485,71.2824158090873,1626.7809268143928,1640.0,0.6793256243582096
1788702762557,140.07582777128445,60.240738035187015,-0.03952914848923683,138.96077309582648,59.57771174854494,93.92236416721505,89.92194919557465,1619.2231765896493,1620.0,0.6867762508854428
1788702762803,133.14431978961613,61.30910317728839,-0.10495216399431229,119.5096964442269,62.510710432670145,84.09165132765399,86.3227634127701,1593.7564073921694,1660.0,0.6148856145123753
1788702763062,120.06039116326279,62.90130855530266,-0.10743028670549393,121.97666757877143,62.52364156260414,71.06436662829363,73.66009837488122,1598.1975567372,1680.0,0.5968730376042791
1788702763371,107.08607591043308,66.4809387687623,-0.3179858326911926,108.29000972162619,65.5537877276831,74.77842249381293,67.88962625049285,1582.97126898471,1660.0,0.6019898796505705
1788702763654,98.32160048597441,73.64630751722441,-1.08609139919281,98.04364387633865,74.21270882630587,120.79140977891288,117.24420875542145,1528.8204646242425,1620.0,0.5582031778985366
1788702763932,94.81216550812007,81.87449057271162,-1.7556637525558472,95.42824672250313,81.90476134089054,150.24458061508528,145.80474353831102,1517.729755079915,1600.0,0.5705096907611776
1788702764193,94.44806917445867,86.20790977177658,-1.9713319540023804,95.84358445647383,89.5892086148079,163.10789281131238,162.22956994189377,1436.1512152422156,1540.0,0.0
1788702764450,94.2754790538878,85.04962590735728,-1.9584239721298218,93.79805121331665,81.64114540020745,163.9866016026584,163.99229566551475,1493.7842321617363,1520.0,0.5672395519383009
1788702764723,93.17319374384843,78.55828713244341,-1.7967394590377808,92.9412901420457,71.31079296906856,155.00104911184494,158.53510342177069,1531.1347233112992,1520.0,0.6670674413048747
1788702764967,92.65581746739666,72.01879306102363,-1.55777108669281,92.44694045170499,70.74671445902577,144.8027541141255,146.33444136165903,1545.700614970533,1520.0,0.6977836503007177
1788702765217,92.72105299581692,75.27426892378199,-1.5707277059555054,92.66408003761623,76.14749712362136,141.0739095849366,142.17691612637827,1540.0250192782676,1520.0,0.6729337178708766
1788702765497,93.55207308070867,84.97122216412403,-1.5881808996200562,93.44656017427458,84.88521396901068,133.85448434268883,134.62861666154652,1501.4101786358642,1560.0,0.6029181932253412
1788702765754,93.77202071542816,90.64649206446852,-1.5792220830917358,93.78883483298132,92.51343672353582,134.85802471213245,135.18673929123258,1393.8208041566322,1460.0,0.5338952577861097
1788702766029,93.56494332861713,90.6490295890748,-1.5856879949569702,92.01362768927704,89.55409281581838,138.72889933314934,138.0939322213864,1415.6145315042952,1280.0,1.0
1788702766327,91.55089851439469,84.76104015440454,-1.6123522520065308,89.03533911568238,76.752504469007,144.19527567060038,142.73961884265313,1548.2112254589592,1400.0,1.0
1788702766573,89.9543533925935,78.00763468104086,-1.580351710319519,90.27650100584843,76.10784145660368,146.12111483702105,145.7166793942373,1571.5987797177072,1480.0,0.7556269691718913
1788702766849,90.8536271222933,79.39543476254923,-1.5443710088729858,90.421712868977,80.54527509236675,139.01756012851837,139.3471957597837,1543.8505383575034,1540.0,0.6617221174514145
1788702767139,89.90063284325788,81.61883496862697,-1.5623048543930054,85.67888432560319,81.50136747513368,137.5358020118498,137.3643592834785,1546.547757363811,1580.0,0.5992626583809688
1788702767379,88.8248473640502,77.53653939314715,-1.565050482749939,88.55731514316847,80.20010997272277,144.73547875549878,143.45904743640452,1547.2119718250187,1600.0,0.6323930170900084
1788702767646,91.86625322957678,75.85482379582923,-1.3011659383773804,92.91145756254564,77.69145998382223,117.94849674829678,123.00060111460414,1545.6167542758496,1580.0,0.6221432666286394
1788702767925,93.97564745324803,75.96125565175934,-0.3977568745613098,91.24214101932037,76.9586239906117,69.03927947301585,72.09412562016587,1548.0176961343932,1560.0,0.6449091130670302
1788702768174,100.48550342950296,75.65663255105807,-0.2633855938911438,96.7523561286878,76.41941754103495,81.01673310512388,77.74373020468542,1536.2350555925725,1580.0,0.6145374184647592
1788702768469,110.40993517778051,75.47801100362943,0.10302751511335373,105.27719353316783,75.27453147780408,64.76618970028721,63.26590489222367,1530.8223405911801,1560.0,0.6210959098734762
1788702768786,125.55967796505907,76.17192786509597,0.14383095502853394,119.62559896828367,75.66069340955076,78.97966405822376,78.49313750395311,1512.4103464382156,1560.0,0.6075082984857838
1788702769035,133.93969918799212,79.38183882105069,0.16473644971847534,131.65938277079235,78.4477124517831,77.94904550418124,72.77643937560595,1490.5241578148964,1540.0,0.589042349585661
1788702769290,129.64103638656496,78.6992110605315,0.13665980100631714,118.18375146298948,75.92242792359971,66.2345211597825,70.58251508143212,1488.2894356966285,1500.0,0.6036407670844799
1788702769565,121.05315921813484,75.88663897176427,0.11092489212751389,107.37281349492099,72.18342119490056,59.46545236354973,60.87665333284974,1536.7259532403793,1500.0,0.6758471884170535
1788702769808,111.81514709953248,75.26785302349901,-0.31951504945755005,110.87196169705565,75.61908190700443,84.96580041809361,74.75287294360244,1528.7604382833476,1560.0,0.6232676437460548
1788702770065,104.74448857344981,79.0201598640502,-0.8924978375434875,104.10048942102435,79.9113660040351,109.8570775718139,106.79375094069047,1510.53520577496,1540.0,0.6171534072471307
1788702770349,98.32671398252954,85.00996747354823,-1.536864161491394,98.87573295174111,86.21358412648586,140.2140702385861,136.7175948477201,1462.3991987879683,1560.0,0.5441643547475914
1788702770595,93.2031538355069,88.07585468442423,-2.1619369983673096,86.7094691950971,91.56602259310404,175.61221245637267,172.7820246184126,1412.517323762378,1520.0,0.0
1788702770874,87.29271115280513,86.86727208415354,-2.770143747329712,82.21989538689431,83.68377016033068,210.372970013834,207.7842193242695,1560.349398006592,1440.0,1.0
1788702771123,81.07613150529036,83.19334015132874,-3.026292085647583,73.94957319226131,77.54958160380426,219.1754311447127,219.02039416351658,1653.5040596915385,1540.0,1.0
1788702771387,74.84197181040847,78.00547682394193,-3.020869731903076,69.5480939553841,70.86351126459667,219.06946139495565,219.02553927781105,1694.0232781568502,1620.0,0.7825956954740287
1788702771711,68.57562207800197,71.30315825695128,-2.6879146099090576,63.35715206701643,65.69663065136504,197.24388078214653,198.30054018147933,1700.673668482492,1680.0,0.7306043848987925
1788702772010,59.76126122662402,67.50952532910925,-2.625378131866455,55.64314636740542,68.70693317030145,189.64850402725128,194.26622700730562,1731.600323243735,1700.0,0.7500618365116309
1788702772288,61.046142578125,67.80750665139026,-2.6121907234191895,61.870740921667846,68.73095209842855,195.01415936259684,193.89645684440987,1704.538825922554,1760.0,0.6635157403439162
1788702772554,68.53083572988434,69.32491272453248,-2.6282339096069336,69.23949182345707,69.95938956112019,200.4549641334346,199.68884054793915,1695.8549310215742,1740.0,0.6688355305771575
1788702772816,73.06198961152805,74.43706362266241,-2.6626124382019043,74.75859298467782,74.70341462228801,195.94282521960815,196.87619508404165,1685.2085645989991,1660.0,0.7445424177991354
1788702773062,70.78152393731546,74.50181375338337,-2.650660753250122,68.63981571197473,71.17541155382641,193.6256055592852,196.87502160745547,1693.4927611665878,1640.0,0.7640953655116878
1788702773335,68.83357491080217,70.47876553272637,-2.2583096027374268,68.70488384001447,64.71745619359295,169.17403870072326,172.12759565688899,1697.5723688420173,1700.0,0.7114188254641879
1788702773600,68.12796525129184,63.96153247262549,-1.7559226751327515,68.77248384782844,55.43264257296592,143.67702559032477,144.88705066755833,1725.5355109315221,1740.0,0.7032265947568017
1788702773867,67.86908007043553,54.75009227362205,-1.6461490392684937,66.80327472992184,41.66027885700687,148.72114166621708,147.71972957918254,1769.0384054030983,1740.0,0.7470184326043863
1788702774128,64.31680033526084,43.51377952755906,-1.6540573835372925,57.4912159727463,34.229547837800446,148.87722578428486,146.3807275629149,1903.6269235208306,1780.0,1.0
1788702774394,59.63013175904282,35.28110053595596,-2.0732815265655518,54.51577393982235,26.979663775746296,178.3187614765114,175.31816629999912,1989.6733626483845,1860.0,1.0
1788702774668,54.20565387395423,27.601935919814224,-2.679175853729248,47.32850428482497,20.575547817005244,215.73929885545004,210.80570088139567,2054.4321632913325,1920.0,1.0
1788702774916,46.84985543799213,23.689930833230807,3.0754966735839844,36.31904844008844,21.237029726259575,237.99804496139615,239.0890445013579,1968.7445791753335,1960.0,0.8475762480177806
1788702775170,35.80438809132013,22.49992550827387,3.017822742462158,21.39719132948597,20.641960240945455,232.64250803702527,232.932640825289,1881.2862425000183,1940.0,0.729861373332078
1788702775425,26.07145294429749,20.844346894992622,3.0972721576690674,21.966499465552403,17.272664416691125,228.85989937545727,230.51523794504837,1864.0541867722634,1940.0,0.6999481924327604
1788702775729,24.420197254090798,17.87712277389887,-2.8621087074279785,25.524166746147372,17.894363839357577,210.1175595598081,208.40945532469084,1895.0883058181603,1920.0,0.7614491500079128
1788702776030,24.207595464751478,16.271283007043554,-2.903641700744629,26.098817397010006,13.581336488665077,213.87732766932228,212.31284539808408,1898.9803689762705,1900.0,0.7932060847061485
1788702776322,28.21215531957431,15.896810696819637,-2.8998019695281982,28.638022921293135,15.87842313037485,217.63613730307318,218.92109725110154,1906.9185980537131,1920.0,0.7771969284598517
1788702776611,34.59527443713091,17.54612359474963,-2.5519096851348877,35.05812562233401,18.743042296572245,195.91431520533172,195.1475681441896,1935.3479140755596,1920.0,0.8130954491702646
1788702776888,37.56664606529897,13.496898741234007,-2.4819276332855225,38.5496301899432,7.7891359685963915,195.1335040404078,195.31242376146415,1968.557167710067,1920.0,0.8633735451468421
1788702777166,32.073150394469735,8.87817983552227,-2.455557107925415,24.099632103039447,5.651514745416198,190.3986936920812,190.54360827540614,1902.5015656104445,1920.0,0.7898348512853912
1788702777436,27.201759158156992,7.30833038570374,-2.49389910697937,28.403989680529875,8.453438962968846,193.82424021568195,190.93051177546522,1921.2007606686675,1920.0,0.7572506244707561
1788702777706,32.43937815268209,8.883134136049767,-2.6351521015167236,32.719150245859026,9.661170245041012,204.3843872843858,197.6372400253138,1921.7251859943947,1940.0,0.7759932793253577
1788702777966,38.768147145669296,9.4189453125,-3.0855050086975098,39.89335033492287,9.680022904960259,239.1249943311782,232.66788656448455,1952.890184176611,1940.0,0.8183675882103734
1788702778240,49.29637518454725,8.886761402520609,3.101950168609619,50.12698354681554,8.861746905002411,243.7412701740362,242.9240032651166,1977.4162279244981,1940.0,0.8582780025060058
1788702778487,61.175537109375,9.104725995401699,3.114302635192871,61.54367936237569,8.928733027933543,247.0607450895825,247.46868070040395,1976.0790674625782,1820.0,1.0
1788702778756,71.13831527589814,11.028300608236957,-2.6620402336120605,72.1016683358666,11.551254027837528,208.31538886259833,217.40296997990265,1987.9023654458463,1860.0,1.0
1788702779002,76.05890228992372,12.2557788758766,-1.607556700706482,76.04734486764472,14.182823529306532,137.1365184824108,144.85841729853104,2000.1491950920142,1900.0,1.0
1788702779253,78.27893354761319,13.224292665015996,-0.4024422764778137,76.35844968626311,14.127778454313614,66.87905765313067,76.10893515442757,1999.4071956418388,1900.0,0.924254934951604
1788702779508,78.98870032603347,14.071990486205094,0.5227991938591003,77.50349466654183,13.384258060972885,29.08412804602733,27.05689407924052,1988.6628007074999,1940.0,0.878499351946282
1788702779779,79.03312142439714,14.103852519838828,0.5199925303459167,77.02530013466408,12.970730817688768,34.760100840143025,34.33858844194327,1980.6085179371603,1840.0,1.0
1788702780036,79.04094545859991,14.129931832861713,0.5195528864860535,77.275855582922,13.182810664487087,34.394433540052944,34.131093048700336,1985.0711623563143,1800.0,1.0
1788702780318,79.07103531003938,14.1356773076095,0.47653883695602417,77.54842926877961,13.097556598235304,38.70824428318599,34.759410503208414,1983.7417142711652,1880.0,1.0
1788702780589,79.43314679964321,14.414464995617005,-0.26572734117507935,77.18251208005266,14.622076084853125,90.60690228506405,87.0084698179021,1990.7071369709026,1880.0,1.0
1788702780860,85.14568659264272,14.186402568666955,-0.404283344745636,82.60413096922157,15.096218582626282,93.52040829936897,93.3461043079651,1965.9626139341815,1900.0,0.8899372914735187
1788702781153,95.13233575295276,12.440645713505784,-0.3754952549934387,90.83612757686633,13.64217779151936,97.30678682577214,95.82440637417074,1958.1845257655705,1920.0,0.8518036071820548
1788702781442,105.79428364911418,11.921806035079355,-0.0030954519752413034,101.98153787221662,11.920802395008009,74.83052362931251,78.25495428806525,1909.9214814656216,1960.0,0.772900616475837
1788702781770,119.91276297982283,12.63335220457062,0.08091466873884201,114.27720657305093,12.29889504641069,82.72631207910666,80.88673678688161,1864.8470279250232,1920.0,0.7381361230910977
1788702782014,134.86269492802657,13.023084505336492,0.09138887375593185,129.57626784374784,12.78221656453175,79.32297193309114,80.248751311499,1809.720172503792,1900.0,0.686579786180638
1788702782293,144.19473963459646,14.057116170567792,0.04074161872267723,140.85852735252868,14.595235769563232,82.9359071262146,79.75331643525828,1774.766358056864,1860.0,0.6687059581615029
1788702782560,137.26892185962106,14.305042657326526,5.146821495145559E-4,122.19952408049643,14.339979973375998,83.6247230733249,85.30319274176327,1812.369574778481,1820.0,0.7383592483413386
1788702782858,123.6900221456693,14.623757910540725,-0.0033558050636202097,106.21187995728862,15.358600339899203,75.88006212524196,77.36853456221047,1865.1269040248058,1820.0,0.8141820488120367
1788702783118,109.91763618048722,14.944995069128321,-0.0010927359107881784,90.84177103012478,14.999800474136675,67.85668520807782,68.4068859987231,1940.3011005334602,1800.0,1.0
1788702783367,102.21538393516241,15.005452313761074,-2.816359046846628E-4,95.55193727263608,15.093406511734026,70.35933890439249,70.23466577866454,1915.2630116703017,1880.0,0.8453667375913427
1788702783632,101.06057955524115,15.044882466473918,3.363450523465872E-4,99.05282345546364,15.084702098237473,71.93947197514848,72.11854964050144,1900.3436553548831,1940.0,0.7537176767706653
1788702783903,101.12817959522638,15.040434589536172,-0.001769844675436616,99.05930784417599,14.98792363429441,72.4804435442285,72.37375190487819,1901.7801197191063,1920.0,0.7724302235072203
1788702784172,101.1418380136565,15.046223317544293,-9.177366737276316E-4,98.9280032835779,15.187457589847767,72.68273585140932,72.3357270135315,1901.0070118148853,1920.0,0.7722157567571156
1788702784442,101.14707646407481,15.04516241118664,-0.001075569773092866,99.153531068514,15.11756639192347,72.6404019609364,72.22644977718973,1900.830278134713,1900.0,0.791624732052659
1788702784704,101.13931971272146,15.045436348502092,-0.001037899637594819,99.17649612320152,15.161161071792357,72.39791282283066,72.66919186908513,1901.1960862866008,1900.0,0.7935385948125663
1788702784950,101.14384688730314,15.046315831462229,-0.0017765203956514597,98.86204454117417,15.125187573132298,72.66960122349684,72.75031992207047,1900.732081536988,1900.0,0.7940467275623926
1788702785220,101.1468169445128,15.040987270084893,-0.0019748846534639597,99.11240580226885,15.053710284369664,72.29453249165338,72.54844195677339,1899.4642555162918,1820.0,0.873024970257016
1788702785486,101.14550973486713,15.041062963290479,-0.0013821760658174753,99.0978737206273,15.02434878873539,72.40393728629004,72.45549445553492,1899.8299849966759,1900.0,0.7925178587722688
1788702785752,101.1506712906004,15.044982189268579,-0.001971546793356538,99.05392915848819,14.956827577573108,72.49204797503805,72.56080482268507,1900.1209039639693,1820.0,0.8730320331220187
1788702786018,101.14914300873525,15.045594943789986,-0.0018780867103487253,99.12626155626695,15.075741216445703,72.37983593918584,72.24755596410279,1899.7193417854164,1900.0,0.7913430653040173
1788702786300,101.59069151390257,15.128286767193652,0.009058650583028793,99.34219169408146,15.071001278071941,72.53921065074938,72.98809775139296,1899.7185646149212,1920.0,0.7652236775487157
1788702786573,105.1924193374754,16.97484654704417,0.3683459162712097,102.78163085317829,16.048702351731446,48.40157185088515,50.74697303529672,1887.2706131553819,1920.0,0.7570426215569906
1788702786854,110.98026305671753,22.03922061469611,0.7134911417961121,108.6165984818344,19.962362944168476,37.52143841024923,36.05505534202945,1867.2983737619236,1920.0,0.7309651080459377
1788702787124,119.49225478284941,30.255581112358513,0.7368614077568054,116.88040573604854,27.892457430135657,43.01347693571017,41.721238068187176,1817.5707247533012,1900.0,0.6875414240063359
1788702787371,129.14887195497047,39.90204818605439,0.7414800524711609,126.85074537474145,37.649062960151625,45.99968412693909,46.602463750936636,1741.5067187560287,1860.0,0.0
1788702787678,139.24487496924215,51.130818044106796,0.7376028895378113,135.85060321940716,47.83288063688233,41.774950515769945,40.633042128290754,1684.0110749630685,1800.0,0.0
1788702787989,139.67279389148624,54.22720841535434,0.6699840426445007,138.76437471820483,52.453583535606136,50.02838718840724,50.735822904048234,1650.8718060326619,1760.0,0.0
1788702788282,134.50565368171752,59.01035098578986,0.6518804430961609,133.94100147407434,56.468826758357544,44.667157032174714,45.913645141043276,1636.6682312135285,1700.0,0.63312813866039
1788702788550,135.43888602669784,65.26288370447834,0.6763502955436707,133.02024331127285,62.82442742222829,49.827031003988964,50.093280340367244,1600.5977057303314,1680.0,0.602330713744738
1788702788817,137.21462460014766,67.67370989942175,0.3621188998222351,135.23613269859007,65.40643528534505,68.37562403240565,68.58959251477694,1579.3885682653538,1660.0,0.5788340829397665
1788702789064,137.34968050258365,64.68201644777312,0.4670178294181824,135.70991340025142,57.73843716057248,61.01175227030956,61.25632205011033,1621.2075698487122,1640.0,0.6478508167166022
1788702789348,137.26457730991635,57.841441237081696,0.49426382780075073,136.91329489853004,45.79988836361866,60.230115086433386,60.14549639475189,1674.2599928323632,1660.0,0.7122706196501699
1788702789614,138.9671217550443,50.82174466350886,0.8516952395439148,137.18902339360253,49.983437886322335,31.35594768822625,38.2867237395713,1656.975413595336,1700.0,0.649858602889243
1788702789906,141.72522837721456,50.83208699864665,0.934649646282196,140.58683581721124,48.523273591060615,31.736041661064974,28.5150493670169,1667.6895898169528,1660.0,0.7121858693400667
1788702790186,140.9546475147638,51.66736032080463,0.8592707514762878,139.84742092784535,49.55835491938163,39.283060113655324,40.87902629813635,1660.3623059342185,1680.0,0.6756456057215474
1788702790476,140.91137503075788,52.54761703371064,0.7945658564567566,139.58682889736986,50.68771483374656,44.859971283118966,41.37763249821245,1659.004596317124,1660.0,0.6914761714418158
1788702790762,140.7733779066191,55.302993894562015,0.5752636790275574,139.11527908890017,53.55648209045145,57.73857657038093,54.54349908415662,1649.3855073326647,1660.0,0.6901991457491083
1788702791038,140.1001937746063,58.32184558778298,0.45463818311691284,138.66101815577557,56.6543061106191,64.12485842713585,64.29509806786564,1633.060157460825,1620.0,0.7079379281744115
1788702791324,135.72392501230314,60.51067682701772,0.18055933713912964,128.40510428765822,61.633363018343616,76.11001615627902,70.67627038361951,1616.7538633664265,1640.0,0.6670947667100543
1788702791580,130.53214005597934,62.308436115895674,-0.29262715578079224,129.81638326175303,62.20877472172177,98.50062050799127,94.91632692460115,1602.51149061311,1640.0,0.6476030259845699
1788702791860,123.75962144746556,65.53180844765009,-0.8746269345283508,123.98198947233459,65.9510299015834,125.35146787587782,119.72482983051447,1579.4192202028996,1640.0,0.6207492119532836
1788702792141,117.57281926673228,69.77087306225394,-1.4889425039291382,118.14408246807476,70.92607458473776,158.5739149939921,151.97902757506714,1546.6793168353342,1620.0,0.591171088846927
1788702792383,113.70411309670276,73.82084403451034,-2.1238205432891846,115.07092710842798,75.09546698885867,196.92176448864097,189.54070484120314,1516.9608433799965,1600.0,0.5661335165548019
1788702792644,109.18987604576773,77.2382216566191,-2.759021520614624,111.50639689227162,77.82399570296633,228.00960725355074,225.02620369821435,1501.9215059134076,1580.0,0.5612636497773257
1788702792916,103.8068924550935,79.89523099163387,2.913418769836426,106.65992228241016,79.18090876633944,256.6101600001134,252.33160528521893,1506.1076962230982,1560.0,0.5860586315449279
1788702793197,97.53591942974901,84.08266563115157,2.3082315921783447,99.83078811478086,82.02545675260332,283.1872985935518,280.81535345204867,1501.071701167253,1520.0,0.6227686241240454
1788702793456,93.0596587413878,89.4543168676181,1.7240318059921265,94.04991738903799,86.41073630425821,310.6473500418156,306.6844901414255,1467.6954695878676,1400.0,0.702918972224694
1788702793703,93.37794506643701,91.7910886749508,1.293778657913208,94.1573286467311,88.39792099837106,337.8,338.44240089708114,1430.3749479596959,1300.0,1.0
1788702793964,93.42759019746556,88.47052626722441,0.9350486397743225,91.67999081901284,81.13441151276645,22.2,0.37218524351590077,1521.907894462639,1400.0,1.0
1788702794245,92.44240588090551,83.85789285494587,0.5063923001289368,89.22164175171487,76.30140650237522,30.665344603212986,26.641581629344955,1558.6535196017203,1500.0,0.7123318566545871
1788702794501,90.68241149421752,79.14594034510336,-0.029382288455963135,85.63725579204406,73.36367092954347,62.46130420186893,56.420923821414135,1596.5574749663992,1560.0,0.7005312290576793
1788702794780,89.51613058255414,77.52265029066191,-0.43072232604026794,87.68972166549487,78.13351104168125,74.6823942542971,75.97990153968516,1565.509101152172,1600.0,0.6231609382396414
1788702795044,89.25208384596458,79.0023635503814,0.14553780853748322,87.24574999988465,79.9493755726893,28.39766570122049,37.18435774914902,1556.7827869530897,1600.0,0.6182063303808437
1788702795321,89.47800043061024,79.44572388656498,0.4797555208206177,87.4402263503903,78.43865714968751,24.845561668493815,23.74885205538851,1566.0801780269862,1640.0,0.5837506824884607
1788702795590,95.04372424028051,81.67622723917323,0.4963054656982422,92.36475826365778,80.27869145245668,29.479488566890893,29.016942927132504,1536.5939873987145,1620.0,0.578983479216165
1788702795918,103.90784556471458,88.2373046875,0.7001340389251709,100.40341472594956,85.14515072991011,22.2,18.910785786115298,1478.6436708081262,1600.0,0.0
1788702796211,113.81968580831693,96.4391417015256,0.5877053141593933,110.03899924571779,93.95072175057969,34.41603744318053,28.777973332517945,1411.9926161554183,1540.0,0.0
1788702796495,120.26596910371556,98.9681502214567,-0.35867857933044434,117.04558209410358,98.57166209022009,94.2393151275271,83.1999052379727,1339.0038354522915,1500.0,0.0
1788702796795,122.10209884042816,98.92217681163878,-1.5087686777114868,120.46247109675289,96.87179322563456,162.68998188330943,161.23354749899795,1338.2690243351424,1440.0,0.0
1788702797102,119.33186208169292,92.88431963582677,-1.6896274089813232,115.70455567079172,87.14410655053013,164.06812769132523,161.02872878176942,1351.9251192724096,1380.0,0.5056523665389422
1788702797390,113.64845095656989,87.80208077017717,-1.9280776977539062,105.140049525282,87.185850493734,170.19855555089765,173.41684318539748,1449.837649784064,1380.0,0.6733474733348849
1788702797658,105.47148937315453,86.25269131397638,-1.9039585590362549,95.75576012106515,87.94807470319759,160.34309379944187,162.9467112488994,1445.068961219729,1400.0,0.6681669896986109
1788702797921,96.18759035125493,85.81188292015256,-1.8916239738464355,84.35472941292532,87.82655763923393,152.7992798106748,153.53581416286863,1522.9759509083883,1440.0,0.7073504922840468
1788702798167,88.10493048720473,83.93814207062009,-1.8931934833526611,80.84079809779739,77.93189952517452,154.15002897983118,152.06074483419656,1598.4103141872906,1400.0,1.0
1788702798433,85.2676511749508,75.92444712721456,-1.8074817657470703,85.70280987962461,67.11376029896023,153.72127724324187,156.24206452379636,1623.184923760177,1420.0,1.0
1788702798703,86.21631051611713,68.56091116357038,-1.3389508724212646,85.58506236677167,71.65303156093145,127.78328043342654,132.1762589362665,1598.1740598025885,1520.0,0.7515990666554961
1788702798974,90.12304110789862,62.15078759381152,-0.7984937429428101,88.24647603740306,64.3181107128749,101.00949001641665,103.93060398924239,1602.4388879554383,1580.0,0.7002365047959943
1788702799238,95.58633158526082,56.92154531403789,-0.3044268488883972,93.08241551343595,58.22874798493456,79.6995796801792,79.16878953458227,1622.5610981452114,1620.0,0.681776371953671
1788702799506,99.59630290354332,49.59434208907481,-0.4345567226409912,97.31638825417994,51.159816442069065,100.22663798379419,96.63960768149805,1684.5851084762435,1640.0,0.7447437339020384
1788702799767,103.95947073388288,43.27435831385335,-0.7804324626922607,100.9913813991511,46.317709872282016,122.44680982914419,119.10734545177563,1717.561766093234,1680.0,0.7525899001872048
1788702800037,112.5439164769931,36.077455535648376,-0.8109591007232666,108.99429760782002,39.21168315632971,128.67533343460164,126.79449539814364,1771.667956827947,1720.0,0.7849972084121486
1788702800324,120.22398460568407,27.46321550504429,-1.185428500175476,118.15211732629255,31.057163604934612,155.67134978227858,145.37404102263082,1790.8651422837079,1760.0,0.7759312811402687
1788702800615,121.6195174089567,17.418578140378937,-1.5617105960845947,117.80766000427118,8.666589590827316,174.34019370769113,175.34463273718768,1834.245833504651,1780.0,0.8085775553865764
1788702800910,120.02750907357283,16.596738559993234,-1.546240210533142,120.06719824105814,17.692288788961022,169.12297749954016,168.8594371786699,1826.1866010472502,1780.0,0.809617759365065
1788702801193,119.62830070435533,25.239560585322344,-1.5432113409042358,119.57945621374199,25.642410530279406,167.73072702534728,167.69942827509857,1815.1864559251796,1820.0,0.7607509509347725
1788702801465,119.7123273714321,38.400655431071606,-1.4279539585113525,119.5321265924512,38.08485614521308,156.04745401655578,160.43373848059045,1766.241799725348,1860.0,0.6623000402307131
1788702801728,119.04377614419292,51.22454305333415,-1.3664727210998535,118.76836376452219,51.63740989913668,151.34454971790547,151.9536925390113,1677.3061248738607,1820.0,0.0
1788702801975,116.17459514948328,67.08332692544292,-1.37238609790802,116.12469932227322,67.59502776533976,140.4716007496823,141.54511078605108,1573.0926234048131,1780.0,0.0
1788702802247,112.20819428211122,81.07791930671753,-1.3791111707687378,112.29458295168624,81.4894810405112,127.43482036893167,129.42382163779612,1479.3130383505759,1740.0,0.0
1788702802496,105.57572973056104,94.14706492987204,-1.3739060163497925,106.18649434441888,95.18534319867332,115.45745691918785,115.60172797655979,1418.9407354268324,1680.0,0.0
1788702802756,98.02175927349901,97.3114638441191,-1.3836402893066406,88.43726802421996,98.89493496959588,116.7547569385498,115.4954824739471,1470.275483741559,1600.0,0.0
1788702803028,94.09962090920276,92.16334545706201,-1.400272250175476,93.1274851459981,83.23116634478436,130.84599099380884,129.29306215461335,1468.962588293375,1420.0,0.6812869488348381
1788702803293,96.5282914769931,83.82977823572834,-1.4060462713241577,95.37704184443449,87.14120542295484,140.38958571222207,139.94530194332611,1434.4648493210943,1440.0,0.5864805817233714
1788702803541,102.48617818036418,77.97477662093996,-1.3674416542053223,101.314041340724,80.6807549260676,144.63517493550702,145.6874037956917,1502.0427441656077,1480.0,0.6557282412516631
1788702803816,108.75470979945865,72.75931771345965,-1.0545058250427246,106.95078886491741,75.18677411733046,127.52867108925449,130.48813850880327,1526.882000200775,1540.0,0.6332675064445942
1788702804074,113.97302342212107,69.80355330339567,-0.5043861865997314,111.98742986268584,71.01240242229566,91.29245736305937,94.20300032858269,1544.468235544249,1540.0,0.6580885672027167
1788702804336,118.27604999692421,68.67708461491142,-0.1594269871711731,115.34492480908887,69.12310377424134,88.06863280663104,84.58196980453138,1554.783415857926,1540.0,0.6737556936292459
1788702804585,127.03021192175198,67.29339839905266,-0.13980907201766968,124.23201467234719,67.87665489504883,96.5831351091455,97.0663121626017,1558.1886040684776,1560.0,0.6573108060298755
1788702804868,131.3453013502707,65.4191144808071,0.11693763732910156,128.8860498043131,65.3772126203875,76.46932331993895,77.25361707398861,1574.5636028541044,1600.0,0.6333250956685165
1788702805130,133.0273725855069,64.9931900144562,0.10991248488426208,130.29777375615876,65.09147049597334,81.16507612226428,78.97619928338099,1579.9726048162643,1600.0,0.6494906912912263
1788702805405,139.40762257012796,64.89364984467274,0.11574727296829224,135.938819421822,64.41874939288238,75.34491405042934,78.02719686479065,1588.0255134084707,1560.0,0.6989666464720303
1788702805674,141.42826110359252,64.08056063914863,0.28217813372612,140.0043332729416,62.72870340700509,69.36796184763733,71.53099318340054,1601.497582596515,1580.0,0.6967506002070468
1788702805939,141.39513871801182,63.98582158126231,0.278591513633728,139.68629168868205,63.08603249898027,72.35989146835368,72.65538776409119,1596.167768663201,1580.0,0.6947690419910618
1788702806215,141.34334053580218,63.9572936531127,0.27550429105758667,138.7472403002858,63.331376777010206,72.7088973042836,72.6597135019739,1597.7911453185077,1600.0,0.6718150862104059
1788702806474,140.50985020915354,64.4199401374877,0.19407549500465393,138.9676923155945,63.74431540390713,79.7770977482308,79.7768252348734,1590.1402735768856,1620.0,0.6405860761991881
1788702806771,141.14225132258858,63.598368487020174,0.2765645384788513,139.3859626589879,60.774558669080506,72.05912861870416,72.94592539973985,1606.6431929687317,1620.0,0.6562743809530761
1788702807067,139.55648106852854,61.11999992310532,-0.01336391270160675,134.80604796291604,58.95499091059853,88.99484492045315,81.60311531015213,1620.189574849017,1640.0,0.6700644660105364
1788702807340,138.3099028820128,60.57118813822589,-0.22871626913547516,136.81881037709374,61.32875746806384,101.02306623532276,103.02150365277409,1604.7687157469798,1680.0,0.6076264373985627
1788702807634,142.48704324557087,59.7456419937254,-0.15115030109882355,138.68293005511072,60.614525015814024,94.96564141512751,97.87940154006915,1608.8808253792288,1660.0,0.6277100117455374
1788702807944,141.13276444082186,57.003668837659944,0.22371520102024078,132.34084996189614,55.328190138076735,73.13383005255395,76.26032114216201,1639.2878726488782,1660.0,0.6715387559276905
1788702808212,134.57990511195865,57.53576083446112,0.19134172797203064,133.4495973338597,56.86871851352433,72.60783429696193,68.39529231718655,1630.2725440427923,1660.0,0.6604920742720511
1788702808454,128.90542338213584,59.70732441098672,-0.23923636972904205,128.38021835442208,59.17551720739188,94.45875634930263,91.78897928148548,1618.670172515207,1660.0,0.645322082365332
1788702808704,123.35998054564469,63.598925973486715,-0.7245485782623291,122.4432357549,64.27584796964175,120.61572536186144,117.14177679063545,1589.2340043712825,1660.0,0.6102458714219515
1788702808975,117.25970410925198,69.24543726162648,-1.3332427740097046,117.31430284074844,70.4319448144968,149.70671063387272,146.6616592808137,1549.2492971944637,1640.0,0.5722067331252518
1788702809229,112.95295775406004,74.9236724132628,-1.9224580526351929,113.92711597303612,76.19975745033751,181.75936851775575,177.00642672442092,1512.2075066653254,1620.0,0.0
1788702809511,109.20445720041832,80.71213128998524,-2.629704713821411,111.36541179625921,81.26006387828777,218.4873224358761,214.62753396916105,1476.1788580993236,1560.0,0.5488220218259989
1788702809784,104.03825895054135,85.95944382074312,-2.9412131309509277,106.75489575604581,85.72820703939539,219.81738296429768,220.89298377423026,1460.320437950244,1540.0,0.5457902207804373
1788702810067,100.6083234651821,87.9637710691437,-2.9578728675842285,101.85077810124521,87.786896684342,224.12049344100467,222.96094084108762,1439.1094556225887,1400.0,0.6414919688132004
1788702810330,100.14557125061516,84.75286048228347,-2.9279096126556396,101.50038702203688,78.00671314498412,225.618971616441,227.38064675054343,1516.450592689167,1340.0,1.0
1788702810612,99.4474059578002,79.44841039462352,-2.4738991260528564,99.9454793845046,73.93239641249347,194.5387000949251,198.49153244694435,1531.808956619633,1460.0,0.7218867152878483
1788702810894,98.54500838152067,73.5948745847687,-1.9193933010101318,97.79379177676773,67.6306142138877,163.65115132457225,167.9226259563373,1529.2849401081714,1560.0,0.6173478809326267
1788702811165,97.93717511995573,66.18266428549458,-1.3720245361328125,96.58406975650128,57.38792914096457,133.67837672207816,136.5077295405008,1612.098948583017,1560.0,0.7135239432858449
1788702811409,95.78074057271162,58.555317075233766,-1.1428697109222412,88.6194331523316,49.9691223784188,126.71161068312804,126.97556176654649,1707.0303406836313,1620.0,0.7864413354786175
1788702811668,90.08575679749016,53.395736574188,-1.1178977489471436,80.51016237453882,50.942554312606674,120.96306606308124,121.52025249683618,1735.4586279760929,1680.0,0.7808165344174416
1788702811931,83.34748515932579,51.619190606545274,-1.3356865644454956,73.38357545629887,52.08869549600208,134.50600376130853,134.71274194963902,1739.1673860257913,1720.0,0.7477617217747945
1788702812204,75.079345703125,49.407276544045274,-1.3921546936035156,62.879136442982215,46.79722361929971,131.0915698004054,130.9887153175905,1761.4899736906677,1740.0,0.7528351349593477
1788702812470,67.27452075387549,45.09904035433071,-1.5306504964828491,58.99066058527279,40.04320502912423,142.6827778540944,141.56557129730766,1826.525353867901,1760.0,0.8193652644396695
1788702812728,61.419355737881396,38.40083565298967,-1.592251181602478,53.501044414495674,31.076987312394753,143.18102113042931,143.4888083758958,1946.5910880294318,1820.0,1.0
1788702812991,53.58051930825541,33.63095501276452,-1.580324649810791,41.47613650483323,31.50729963187596,138.69357019913082,138.79704052777402,1945.141091751922,1840.0,1.0
1788702813247,48.7621109128937,31.635624442513535,-1.552242398262024,48.04204240747278,32.37014393206307,138.11993086726412,137.97239668565118,1946.2231163266492,1940.0,0.8223366028211129
1788702813493,48.71370090274361,31.266200748954233,-1.4876229763031006,48.53205306963413,33.19011440384478,135.47584049458126,134.99645732450205,1943.3651212871468,1960.0,0.7899562994670398
1788702813753,49.25536148191437,32.19802015409695,-1.4917739629745483,49.53006775261668,36.028391874442335,134.8786574900253,135.35263500081766,1931.556942848957,1980.0,0.7622634806508068
1788702814030,49.22135961337353,32.43826798566683,-1.4928088188171387,49.1079408603867,34.17534264710545,134.7303678050585,135.12793092535668,1925.551680585834,1960.0,0.7709440697191228
1788702814309,49.213771069143704,32.419289416215555,-1.493559718132019,48.99564818466182,34.48592590649181,134.97944548632097,135.03677866319723,1925.2706501276916,1960.0,0.7671196385457134
1788702814575,49.210459791769196,32.41935669906496,-1.4940444231033325,49.15864399226199,34.39266569783458,135.02836926430712,135.2217462339234,1925.1738510814587,1960.0,0.7662157117185018
1788702814846,49.20516847625492,32.42238202432948,-1.4947924613952637,49.02007193436168,34.47186538333513,135.08550940033732,135.07809681438846,1925.0325231580057,1960.0,0.7672173739944557
1788702815125,49.20307790200542,32.42351622093381,-1.4950780868530273,49.12623535845007,34.412383444381824,135.18829665267705,135.16078520475347,1924.6870451389211,1960.0,0.7668699245034503
1788702815372,49.3346206785187,32.37894373615896,-0.9734100103378296,48.74183694543143,34.131849738292345,90.07020637485556,98.44632393703858,1928.0203579526524,1940.0,0.7921900893032012
1788702815647,49.40473421352116,32.63589934101255,0.22761356830596924,47.38543772649433,33.55227304695737,22.2,21.485835769033656,1948.0436191233905,1940.0,0.8088572104574026
1788702815942,49.088072288693404,32.7048522468627,1.5019893646240234,48.42562331174625,30.21412694835819,305.7601710434085,311.25632448941917,1973.5692562771806,1940.0,0.8508335324216494
1788702816203,48.562131866695374,34.47658989373155,2.358081340789795,50.09821629063403,32.574685197700454,268.02365540679534,268.02453326981237,1956.1172651107042,1940.0,0.8377123264843462
1788702816453,47.28193147914616,39.752045879213824,2.423649311065674,49.19030819106929,37.49648515680198,264.27365174847637,267.350358537999,1900.84378316684,1960.0,0.7452993598692081
1788702816739,40.18295408233883,46.533486674151085,2.68585467338562,42.978365584363225,45.02335490135828,241.78740050277423,241.23480994674264,1823.2625949118076,1920.0,0.6759993843201824
1788702817002,29.70670685054749,52.47651347963829,2.7147552967071533,33.274156753046036,50.58328543218275,237.9251833765704,238.05860491950102,1787.877880361471,1880.0,0.6642243108808352
1788702817274,22.129944328248033,57.52545694666585,2.7280666828155518,23.580210005215537,56.51664049833856,237.64315996122136,237.91202299615193,1770.2567095412023,1840.0,0.6761328357116958
1788702817523,26.85289518101009,56.71886053610975,2.7631404399871826,27.22111263996715,56.281784332193894,241.0504471827608,240.24641572733435,1768.171017939733,1800.0,0.7099731005065282
1788702817804,32.994466466227856,55.31958392285925,2.764066457748413,34.772973716334434,54.251479299403535,243.1272358079236,243.2295145917734,1768.3963259790632,1800.0,0.7101119591201882
1788702818074,29.24709290031373,56.07151301827018,2.78476881980896,23.547967444519063,56.72187242021463,236.4202982180683,238.7971109715043,1768.7821924296716,1800.0,0.7102486594069439
1788702818337,25.154779389148626,57.389545590858766,2.794938087463379,25.53833105751203,56.86227927543427,236.1037616902748,235.80121388807146,1766.600733296366,1820.0,0.6875993333837108
1788702818603,22.937638891024854,57.717174620140256,2.7568283081054688,20.65510094045206,56.34431062357795,239.44391369823447,237.32369844408248,1768.0597395816162,1820.0,0.6874561247491591
1788702818862,22.532596137579972,55.30863123615895,2.637404680252075,24.50444609437327,47.77756377376934,247.48757445314806,247.65131943021808,1786.49553555756,1800.0,0.7321632716931635
1788702819134,22.937189537709155,49.33717262087845,2.6248276233673096,25.290594084192865,41.34049802964199,250.87797620393496,250.5205250768895,1816.4326262076618,1780.0,0.7885552268266276
1788702819382,23.84931669460507,46.506640817236715,2.6120071411132812,26.26481066266881,45.18077426571017,250.5526327248133,250.96289079704144,1806.2620275876386,1840.0,0.7279940005484097
1788702819711,23.470358060100885,47.03232171967274,2.6079587936401367,25.592611291391496,45.558111591930235,249.6718262554157,249.75127272572823,1799.5290253334106,1880.0,0.6765446737947483
1788702820022,22.906044787309305,48.344250776636315,2.6592769622802734,24.997509943698596,47.08131641471061,245.95118397165606,244.65838703771584,1793.2659580271363,1860.0,0.6824058596388034
1788702820291,22.92061873308317,48.26090654988928,2.6592369079589844,24.019423355849977,47.621663842116966,246.74341284898472,246.78280838835283,1796.2584239038445,1880.0,0.6695407663689366
1788702820561,23.093449149544785,48.3443084476501,2.669438600540161,24.71686103826002,47.46658902647645,245.77221915448206,245.42294909924462,1795.322563610687,1820.0,0.725308110976668
1788702820828,27.02797957292692,47.33138437346211,2.868234634399414,28.334917679329738,46.814373437729564,232.6980922095687,235.5587939401749,1798.740093283085,1820.0,0.7312096025472659
1788702821100,33.66537259319636,46.20604988158218,-2.952814817428589,33.88456315425246,46.643667570068374,210.46787270237417,213.2945034333905,1802.8475836866244,1820.0,0.7370512900000785
1788702821364,41.841099055733274,46.05276513287402,-2.4393503665924072,42.518494065555466,47.162457390061284,179.7455792618059,182.41866289137107,1803.8140808602022,1840.0,0.7202532773017936
1788702821610,49.24868125615158,48.67371086060532,-2.081230401992798,49.410815479777526,49.85837245218035,163.32806951414233,163.23173160092878,1786.3719497595762,1820.0,0.7186361404611799
1788702821888,57.02411801796261,55.79368771530512,-2.058018922805786,57.15178820868277,56.693114035602555,163.67478545590905,163.3736850950158,1746.3993112135145,1800.0,0.6856239293926939
1788702822134,64.80410117802657,64.72327525221458,-2.051302194595337,64.57751834933809,65.21022268939561,162.10136439992522,161.20513466906195,1708.2021618564895,1800.0,0.6316970559540732
1788702822392,72.61449618602363,74.59898460568405,-2.0521037578582764,72.88616172387346,75.48631830798514,160.26884171408904,160.42928740377198,1683.9720261400005,1780.0,0.6238122151162444
1788702822663,75.38533849040356,78.7519608144685,-2.0004656314849854,77.48814623795928,82.19445281904373,157.23703994703897,157.2906582710773,1624.4576389580056,1560.0,0.7549892634265428
1788702822926,75.52605095810777,77.25105345718504,-1.9850009679794312,77.34850108448022,73.63570485680276,160.53884450343412,159.73816854859612,1666.4643835725828,1500.0,1.0
1788702823187,76.93713571142963,72.27841835322343,-1.8238238096237183,77.3562295306603,74.85437056660572,151.19747075065177,154.55838322701504,1656.4506957934357,1600.0,0.7747636188705169
1788702823464,79.12442425104577,66.79098294475887,-1.3941982984542847,78.4926277843074,69.68849416614908,129.10627092380128,131.19118337847144,1673.5295349164007,1660.0,0.7185845437193186
1788702823742,83.43742310531496,61.09558586060532,-0.9243863224983215,81.72442536526178,63.265670802511586,105.69931852683473,108.59731365099461,1665.3189055915166,1700.0,0.6692544889042317
1788702823987,89.48756420706201,58.03811861774115,-0.448904812335968,86.95034248776095,59.24374112728502,82.4728887329257,83.93303985452707,1655.4643929474225,1720.0,0.6362590637827371
1788702824260,97.12027482160433,57.01322300227609,0.006132300477474928,94.04364689507644,57.156695318319464,61.43170834569932,64.50801086324027,1638.320175754444,1700.0,0.6333568733708583
1788702824531,108.57793853038878,57.84506009319636,0.16533488035202026,105.26215806156404,57.2652895350816,69.66912601981932,68.27963623880487,1627.4929056156375,1680.0,0.6360144891702421
1788702824795,120.80886480376478,61.19099294106791,0.20459097623825073,117.3051577959611,60.31908119836089,75.63382329288675,76.50976274247051,1614.5590296728103,1680.0,0.6213531434324975
1788702825058,131.99782003567915,65.18010657603347,0.45512646436691284,129.39120731410463,64.0306191938984,57.40388169553387,56.394314745478994,1588.2829819091287,1660.0,0.6042535637262071
1788702825325,136.15634227362204,66.32514052503691,0.46344631910324097,134.03906745119568,65.52378481526696,63.55008082125835,63.713245909257296,1580.5641222204822,1640.0,0.6109510045411547
1788702825594,139.26994263656496,64.49123112235483,0.489480197429657,139.05034652114827,63.365707499522216,59.88081502698503,59.18163141803893,1594.0580737045013,1660.0,0.6077142081923064
1788702825855,139.56462229330708,64.20897476316436,0.4985949397087097,138.2610585626862,60.510857099359114,60.76014068905579,61.09386886668773,1605.2866086739307,1660.0,0.6167974363487828
1788702826114,139.50752798966536,62.329832062007874,0.5179979205131531,137.32942514856816,60.996066018315645,60.4210809418845,60.04453455246443,1610.168539070803,1660.0,0.6388579983155064
1788702826376,139.4957438791831,62.365645761564956,0.5170285105705261,137.5171267027496,61.36296867020197,60.05022396682398,60.09035237447688,1605.9295238789093,1660.0,0.6251941658869067
1788702826641,139.49848325233762,62.35896072988435,0.5159770846366882,137.72144017666355,61.40946722275899,60.03878430886658,60.28703513584958,1605.7725865627935,1640.0,0.6457547751544129
1788702826891,139.49466735359252,62.367207684854826,0.5161435008049011,137.49629955742492,61.22511855975085,59.665194300499365,60.070233243359326,1606.0750466939883,1640.0,0.6472598588144615
1788702827206,139.49064960629923,62.35680767870325,0.5159804224967957,137.7296648457049,61.25251769680861,59.76877835237161,60.26043074943641,1604.9310221857195,1640.0,0.6455000369750304
1788702827497,139.08120463213584,62.37918403204971,0.5153815150260925,134.39700033585376,62.0680643606547,59.14332142710202,59.83578492257965,1606.2830670029605,1640.0,0.6460556405424336
1788702827796,133.96640086737204,63.976935439222444,0.46956509351730347,133.37493018751917,62.50937896406593,53.60347056831773,52.46307343823713,1600.63374720974,1620.0,0.661332291957851
1788702828091,128.28869917261318,66.92559670275591,-0.042047325521707535,127.8441125610554,65.72771051176069,80.04038944939009,77.15373073941612,1578.706028608667,1620.0,0.6317014128688235
1788702828391,122.77236097440947,70.99421463613436,-0.5979273915290833,121.84751705649491,71.25808589627525,110.03187802698184,106.88843352748519,1541.212524809355,1600.0,0.6029265028469835
1788702828652,117.14924489419292,76.72865980253445,-1.1940196752548218,116.87643825862823,77.89477359311421,138.82405845062323,136.32194760459794,1489.8875748651274,1600.0,0.0
1788702828913,112.62700118417816,82.73910402312993,-1.771767020225525,113.39657470150222,83.90457320616132,167.3516710994806,163.49697501984747,1441.0999970840337,1560.0,0.0
1788702829192,108.81487027866633,88.91607329601378,-2.5420186519622803,110.91367161785838,89.44258944879147,207.32257533958915,205.21357919948105,1408.6550235745306,1500.0,0.5139793161663563
1788702829460,106.43819974163387,92.05300158403053,2.729281187057495,106.71767778433738,93.24194571938905,278.0303906540313,268.97994013434027,1417.5778576129658,1380.0,0.6421952001159391
1788702829705,104.79546974963091,91.24728946235237,2.079505681991577,103.79055525274502,84.94797879720836,300.04459157712915,302.4704309992746,1463.4380715764082,1300.0,1.0
1788702829982,104.64045006459153,87.15842419721949,2.449625253677368,107.37425085248925,79.38140896047507,275.7304656240748,279.49604693673945,1502.0768408431925,1360.0,1.0
1788702830246,105.97236212782973,82.5309693343996,2.9579527378082275,107.61891856635638,82.71092358248646,250.71660599608174,253.89648771183306,1476.2009236461379,1440.0,0.6625776296174254
1788702830492,108.53877030019686,78.03281769039124,-2.7748782634735107,110.09336856238794,79.25663988205902,221.09866204748874,226.08451746917567,1493.0343705780754,1520.0,0.6052614834268869
1788702830760,111.16509865588091,72.54030723271407,-2.182927370071411,112.22019162118305,74.75043252750528,188.7302250404456,193.14585691749306,1518.9969989416709,1540.0,0.6201878095281319
1788702831034,113.82752906619095,67.16455654835138,-1.66740882396698,113.61726887074043,69.66823776124251,166.88717801702808,165.99894426285218,1549.1668898645325,1540.0,0.6599939987882156
1788702831298,118.16838782603347,64.62221641240157,-1.1271756887435913,117.19153101692123,66.67920015755692,128.50094171194712,134.99411712549175,1568.6318869264178,1540.0,0.6917104764540069
1788702831565,119.85527459092027,63.86572650098426,-0.05406457558274269,119.15956619917502,63.40996415655544,62.16025936227767,68.0836686825232,1591.2215491900877,1580.0,0.6800588549912301
1788702831835,124.65035025529036,64.97518704632137,0.39281195402145386,122.11693465069648,64.10626493110512,62.94798632361318,61.331377769723304,1586.632534343324,1600.0,0.6596112672638017
1788702832090,133.33721971887303,66.19081992802657,0.4015805125236511,130.45600892751705,65.25933497999313,61.47961670266295,61.98042102867612,1580.2558907075706,1640.0,0.6100441902404445
1788702832372,137.66608290784941,64.51932651790109,0.338178813457489,132.4511826489463,59.74548353577063,67.00538359445994,67.25932191012055,1610.8880841397483,1640.0,0.6502323573511727
1788702832659,133.5496412862943,59.84296663539617,0.3321487307548523,128.32143640032558,55.80689661890588,64.13843345891189,64.8514408195897,1641.123719401493,1640.0,0.6846078928221736
1788702832951,132.6372281772884,59.04087817575049,0.33635348081588745,130.38877198813628,58.33669544014106,67.03724683009506,64.39788752810614,1620.9392671576195,1660.0,0.6498274717375482
1788702833237,137.5895342488927,60.24496724286418,0.34557265043258667,134.5276858763176,59.16255394885758,66.5635840366831,67.35763144216537,1618.2260770544926,1640.0,0.6643741654853126
1788702833531,139.94929756705218,61.23574084184301,0.37032049894332886,134.21769830067478,60.18223028048272,67.42299032236815,66.18157973009784,1608.806034543566,1640.0,0.6461649734514098
1788702833803,133.78417007566438,60.70957934762549,0.3566696047782898,122.74173023716185,60.49640119888972,59.76151718518679,61.583980870960374,1614.017538826714,1620.0,0.6784054460532962
1788702834094,125.8173905019685,62.06052765132874,0.053324874490499496,125.15137165303285,61.42698460627565,75.21421524881265,67.56453449260454,1606.4046573204548,1640.0,0.6485027401215315
1788702834356,119.35702586737204,65.03669798843505,-0.4619448781013489,118.42819874560254,65.21710021064256,100.57345406015467,98.17620882468724,1582.4584295489267,1640.0,0.6185819717029641
1788702834605,112.95833077017718,70.12956754429133,-0.8804877400398254,112.90191306728299,70.50618753499337,113.59185979853112,115.61944372730458,1552.8841750966044,1620.0,0.5990234637369518
1788702834876,104.4917645792323,78.69345837690699,-0.9243252873420715,104.26901346385755,79.26300917711019,98.95345132131936,99.56213542618976,1514.843843334283,1600.0,0.5645327907240025
1788702835133,97.85524383304626,85.87422528604824,-0.9535759091377258,97.09342864749098,87.04749242723751,100.24043652874275,98.65346427696926,1450.3121185218104,1580.0,0.0
1788702835391,96.96457269623525,87.07214836060531,-0.9548919796943665,95.63232448074659,88.92586436820346,106.2982010209895,104.6182909759597,1427.491607609381,1360.0,0.6623251515816269
1788702835641,100.42610228531005,83.14120555487206,-0.9318097233772278,98.76607784600033,85.27634065910135,116.39460937579643,115.27922136170116,1457.7815278982443,1280.0,1.0
1788702835921,106.84210829847441,76.67979323019193,-0.6925294995307922,104.45341139652493,78.86678586150958,105.57107589159735,108.79919763901124,1509.7191756641037,1440.0,0.7031076268038878
1788702836187,115.21593949926181,70.25772214874509,-0.450822651386261,112.18582870065686,72.02950744171162,106.39691123001973,105.16709180773748,1536.2332190628874,1500.0,0.6842037004917255
1788702836480,126.76257997047244,62.11780457984744,-0.43127042055130005,122.61915394764283,64.57284177619505,114.67843900212836,112.11214936541207,1568.5591279135297,1560.0,0.6574631102653925
1788702836775,137.26123239111715,56.768664262426185,0.021775420755147934,132.91348020193672,57.74418362723692,78.20588293300932,86.01807057090687,1619.0190494787082,1600.0,0.6929552968295097
1788702837066,143.76547505536416,56.98569470503199,0.19256561994552612,142.24822788094068,56.12670662144727,79.82192072992518,73.07020532480931,1634.3419504187268,1620.0,0.7041437981257672
1788702837340,140.45042984128938,59.92288904865896,0.18838709592819214,139.66608726962608,58.809551137527826,75.62096159830367,77.538089544564,1623.5683570833537,1640.0,0.6748631755894094
1788702837638,132.04911840243602,61.855156365342026,0.11559312790632248,119.51717138923222,63.22295134796882,71.0740261249519,70.0091018617531,1606.1085349993807,1660.0,0.6289967158818673
1788702837914,123.89405258058564,64.6174056886688,-0.30518466234207153,122.80176911230853,64.63615826753251,94.0579221446821,91.55947889814975,1585.8051355847897,1660.0,0.6034097599124182
1788702838186,117.11443082554133,69.70930925504429,-0.8432791829109192,116.4490088641124,70.41510056876078,119.56143529814344,116.69284928044804,1551.1547069255312,1660.0,0.0
1788702838446,110.41434701033465,77.04777274544783,-1.136215090751648,110.41919254489217,77.84868796594907,119.14193781636303,120.42229054823294,1510.2899804603935,1600.0,0.5596298603773121
1788702838693,104.20645646222934,85.89167076771653,-1.1709455251693726,103.81978753000283,87.08561880129974,113.30314424794832,113.16431958551817,1458.911123142433,1560.0,0.0
1788702838947,102.718505859375,88.95539531557579,-1.178000807762146,101.49560648747871,92.34241049647436,119.5107618976968,118.8386349055703,1424.8295679271484,1420.0,0.6165385133515005
1788702839232,103.64950825848918,87.21566267839567,-1.1084145307540894,102.55430585478638,89.49285081267105,119.96118809602734,122.53188788414147,1429.4172349226487,1380.0,0.6567509984845858
1788702839564,108.08965728038879,80.77036940206693,-0.5139468312263489,105.16543606361893,83.77449919121888,95.40003406652959,97.66925140649097,1471.6331827539245,1440.0,0.6514468607019613
1788702839808,113.00955224224903,75.27897391732284,-0.11933500319719315,109.92071584676975,76.792258967645,77.46737489384138,76.57189241667426,1507.6854349057758,1460.0,0.6785632343815389
1788702840124,119.56175796628936,67.7691938745694,-0.08765918761491776,116.05435562540116,69.64558256086418,86.13510489008077,84.43812766789922,1542.0988162249607,1500.0,0.6887278135406069
1788702840438,128.45872293307087,61.93558820589321,0.24194449186325073,124.39029281336168,62.157566820320696,70.87193564766125,77.21119388870898,1591.5916200809693,1560.0,0.6969703890951586
1788702840683,137.37976554810533,63.536843127153055,0.3908230662345886,133.52657819177597,61.72592530525406,59.64064509104605,59.69774214439718,1604.482695608155,1580.0,0.703861572805496
1788702840955,140.56012010949803,65.1166732667938,0.323225200176239,136.3600098299874,63.766926507359194,68.04886225077684,68.93034843518495,1593.914491959519,1600.0,0.6653072807483006
1788702841241,141.48760457677167,62.985931156188485,0.10393588989973068,138.83192443750085,63.32609473756137,83.3133240007881,84.05816200134029,1593.8612805772902,1620.0,0.6455957940250083
1788702841490,143.4184781772884,61.04654146930365,0.17400425672531128,141.7011291459147,60.84507161645261,73.70813052838889,69.36844057255735,1616.6435559225552,1620.0,0.6633002254978774
1788702841792,140.3878664031742,61.368446650467526,0.14339274168014526,131.16201340009485,61.505949839630645,77.90657950188273,81.16740830756919,1604.5323607752769,1620.0,0.6655503263474333
1788702842074,132.55828617125985,62.76827594426673,0.03974216803908348,132.70085309776016,61.99044301868474,75.82578064114688,73.16449985245072,1604.3890861010243,1640.0,0.6309940730033915
1788702842320,125.48244686577264,66.03407491849164,-0.316484272480011,124.55540170463624,65.91148427459153,94.46025201773007,89.37745836258719,1583.5292498070344,1660.0,0.6023021415542715
1788702842608,118.31690991018702,72.27153627891241,-0.6744359135627747,117.52184134993732,72.65427068890396,102.95327570498486,104.79293514561758,1533.2582387750178,1640.0,0.0
1788702842895,109.81932632566438,81.24952902005414,-0.9135611653327942,109.51511706083494,81.57829685647144,107.3709530727105,103.71420795657372,1484.636537740026,1600.0,0.0
1788702843152,103.1640240526575,90.25754913570374,-1.209328055381775,102.78003935815609,91.59877812494793,114.18097063890195,113.52690334643711,1428.058421524532,1560.0,0.0
1788702843425,101.80556409940945,92.77399498646655,-1.2351254224777222,101.17349143445846,91.99450004139489,122.37542279661605,121.27308147523442,1411.3141162935656,1400.0,0.606965393987984
1788702843671,102.46752160740651,88.84549358698328,-1.055676817893982,103.1659164166481,84.3073649704082,113.44659809176028,116.60214471778525,1473.0135193143049,1300.0,1.0
1788702843955,104.56495870755414,82.87780281126969,-0.5399811863899231,102.58066047307481,84.71943430713037,87.03781910112502,90.38923802040125,1464.0320280775563,1400.0,0.6781684724880157
1788702844210,107.4775467519685,77.60911836398869,9.319146629422903E-4,105.06404665034908,78.3451505309149,58.52883099437679,62.87601010229632,1511.2961737606163,1500.0,0.6460625635447991
1788702844459,110.81127737450788,73.3210526113435,0.5068971514701843,108.44818621088501,72.96815778082505,38.04931179357027,36.86253821909315,1535.3845034499598,1540.0,0.6442234041305352
1788702844730,117.21410556102363,69.44433978223425,0.6296254992485046,114.65862695815274,68.507241154251,43.885628100970564,42.633061776572845,1558.113198319463,1560.0,0.656215227363638
1788702845007,126.21535894438978,68.95066148652805,0.6331245303153992,123.47263516698762,67.70327544579611,53.33729587348216,52.538287498237366,1561.8376905311595,1560.0,0.6643429005527288
1788702845254,134.97411532664862,67.72205262672244,0.6593748927116394,132.28638934029055,66.83989299025664,45.78558690266732,46.422084040766094,1568.4743483010404,1580.0,0.6501964169623601
1788702845512,141.28461222010336,65.62026136503445,0.7152830958366394,138.2598486444943,63.573831855544654,45.363286498812954,42.52488616297177,1596.9260742555066,1600.0,0.6638221146339406
1788702845763,140.6088425043061,65.22026001937746,0.6191441416740417,138.37703922477903,62.11255215125807,55.16581623211425,57.795182300761326,1596.1252085603714,1620.0,0.6502890671546331
1788702846085,139.76558655265748,62.01545294814223,0.631851851940155,136.9124267806868,60.167133819971625,53.92831485509072,53.294826345987644,1623.8292750398912,1680.0,0.6355625096291313
1788702846370,139.5046252153051,61.87520665446605,0.6291424632072449,137.85035526355125,60.72058618346299,53.78538513064166,53.79438781475693,1610.1705008871754,1700.0,0.5912507335198529
1788702846617,139.49632058932087,61.877306840551185,0.6292373538017273,137.79684489756974,60.48359470279305,53.168327539380584,53.47058475431288,1607.4288483639707,1680.0,0.6076928512210874
1788702846932,139.59001676304135,62.09994578924705,0.6321122050285339,138.49442271065388,62.548604798484284,53.50522493780579,53.748314573910704,1609.1260128817958,1640.0,0.6508288843232577
1788702847219,138.8386595718504,63.45235509196605,0.6242749094963074,133.17867612713457,61.83191189083776,52.66638253898816,53.230462824935785,1599.3645357836172,1620.0,0.6660859287781137
1788702847499,133.61533818282481,63.45316248615896,0.3785540461540222,124.4829635791109,63.65339310691059,62.185496746576405,55.271473899423995,1598.2653247807257,1620.0,0.6499836341809243
1788702847748,128.0976639394685,64.71322127214567,-0.08599264174699783,127.35862342558464,64.25390528618769,85.0596585138207,80.98590247311631,1588.7701333643831,1640.0,0.6271067661131534
1788702848006,121.56794991080217,67.73464893731546,-0.5923956036567688,120.65139131559371,68.28989179800799,109.82319843481628,107.01859268022824,1561.0808837290795,1640.0,0.5873795988796289
1788702848259,113.37276428703248,72.97572819266733,-0.8359578251838684,113.07019766932089,73.73170883222224,105.38581136772714,106.95770713146602,1530.3274446804746,1600.0,0.5846631815839889
1788702848547,103.10565137487697,81.00644569697344,-0.8527892231941223,103.18707194405093,81.27748789381855,92.2319543640929,94.53864495963151,1504.3503419933757,1560.0,0.5892352090595578
1788702848793,96.59438245878445,87.73387518454724,-0.8840282559394836,95.75520224185118,88.57949076846035,93.69447141672373,91.80910803050648,1432.5050500802834,1560.0,0.0
1788702849064,97.83069520484744,87.86742202878936,-0.894395649433136,96.14712027960394,89.73560914097203,105.90021775371198,105.47861961121706,1405.8459643196838,1400.0,0.6059897786535366
1788702849348,103.51070374015748,83.80381666769193,-0.8590872883796692,101.28205312500684,86.08770428254022,114.87255478537762,114.16074919432403,1451.2136884051224,1380.0,0.6803083341857411
1788702849629,111.05877253014272,75.06763368140994,-0.8320162892341614,107.65061551973304,79.43601491225078,122.78647123511045,120.89867329598367,1496.8758882683114,1440.0,0.6867572558349342
1788702849925,118.75,63.635710468442426,-0.8290074467658997,115.61253788763379,67.75603032671079,130.32781797441373,129.06328296544734,1550.5905041289982,1520.0,0.6708443271985625
1788702850195,126.98577640563485,51.37712133212353,-0.832421600818634,123.96626283807751,55.32124002724171,136.84214219372242,135.28955710488617,1621.6559991145339,1560.0,0.7179652490109049
1788702850487,132.74826410248522,39.90277868556226,-1.1994026899337769,130.8709816881726,44.235947446789716,162.4732746769553,154.94649835312714,1686.9107743734307,1620.0,0.7644271618653594
1788702850760,134.81776920829233,27.739606241541587,-1.3996866941452026,133.81987738702315,21.786208227330643,169.18812210682162,169.07480424807432,1778.96756968942,1680.0,0.7629324631030727
1788702851058,134.53839159387303,28.58002910463829,-1.4589909315109253,134.57148396911643,29.267438585022354,170.92650924240547,171.94232342334203,1751.1450900953726,1700.0,0.7873436733371546
1788702851317,132.8810516117126,36.71010655680979,-1.4596065282821655,133.09281343511992,36.59508085754987,168.35039994739907,168.82020967842425,1733.8138941392244,1740.0,0.7313644766954295
1788702851575,129.63566337044784,46.31507212721457,-1.471979022026062,130.77817101004987,45.51553252617899,165.54408816871597,166.18709468292656,1695.859610055168,1780.0,0.6378339393247467
1788702851835,123.3954482191191,54.2584228515625,-1.4830998182296753,124.47229995837162,55.07920444422839,158.22490571807413,158.4676203774003,1649.91140324755,1760.0,0.0
1788702852095,115.62029020054135,60.66250538262795,-1.486350417137146,116.17112065356021,62.16785724075038,149.73096405663566,150.26354651343684,1602.9666436305884,1720.0,0.0
1788702852376,106.87202994279036,66.82186096671998,-1.4854182004928589,107.63403465342533,68.17337015453072,140.61423908057378,141.84385945532182,1563.6552433284974,1680.0,0.0
1788702852673,98.45045675442914,74.60070993017963,-1.4715546369552612,99.4666674354363,75.27328476898002,131.43192822360558,131.8913162524414,1531.8999403886341,1620.0,0.5643979762288054
1788702852933,95.34891924520178,79.64088259719487,-1.4461930990219116,95.19536052934994,81.43077846214226,132.71859932354104,135.98704252398238,1514.8643738008711,1560.0,0.6022854648057331
1788702853200,95.20831731360728,80.92804195374016,-0.5806487202644348,93.28734313428936,83.05851517683467,70.11446128609202,78.37112350728538,1498.8439923074302,1360.0,1.0
1788702853457,94.91174412524607,81.64098063791832,0.5508024096488953,92.4674743977993,81.21920211879234,337.8,4.887087273471593,1518.5449400965135,1440.0,0.7246802365009377
1788702853704,95.08756382258858,82.36303134227362,1.401197075843811,94.34580061665888,80.11733329637356,324.4351406465884,324.56927073220413,1508.5128890583003,1480.0,0.6962886785018464
1788702853977,99.3305740957185,85.67266509288878,1.4606906175613403,98.66732951442167,83.31525389399584,334.4355702646354,333.04045404563095,1492.3324110857898,1500.0,0.6340912193561081
1788702854257,104.81240580401082,89.96332123523622,1.4611660242080688,103.54001359261262,87.18206089630452,336.36670746827315,336.53968297352213,1457.0517879204986,1500.0,0.5843655718750533
1788702854519,111.87351977731299,93.54823795829233,1.4775739908218384,110.22981218994171,90.99879757321362,337.8,342.6373747325847,1419.1424701561527,1500.0,0.5427733619315767
1788702854801,120.03142109067421,96.0949995386319,1.4948512315750122,118.42958790121662,93.30271927573502,337.8,352.81455248939955,1318.8499769743414,1460.0,0.0
1788702855057,123.05608313853348,103.39161309670277,1.4789105653762817,122.76941816754685,99.96131425657772,337.8,341.6390656816572,1327.0031212624733,1400.0,0.4854117277265679
1788702855317,121.71812523068407,111.28912978284941,1.7940136194229126,122.54776961608631,107.50286682418971,302.68210346404646,314.0400204239978,1392.3208042890635,1400.0,0.5706764050863932
1788702855597,118.43949926181102,117.98805056594489,2.2272212505340576,120.06652783927957,115.12070034086895,262.8793173277819,269.5395096342138,1433.1796613674321,1420.0,0.6219495268175889
1788702855882,115.36378875492126,127.38172636257383,2.3638293743133545,117.75376190650576,123.14828116971786,228.66540190832842,237.06523252416576,1444.780871291216,1420.0,0.6383747977936836
1788702856130,109.52516570804627,133.61246424397146,2.307600736618042,105.79621773461314,123.35111662849638,232.75929845344055,230.96283201332832,1454.5184837773988,1440.0,0.6336995219350453
1788702856409,105.24303526390256,129.12589966781496,2.093491315841675,100.16362946368159,125.4119553905169,265.9954485438903,266.67680493112107,1364.9433034845597,1440.0,0.5434221730304672
1788702856685,99.45777712844489,125.99774698572834,2.2224929332733154,95.19069149683574,119.25582521760538,252.68354704536335,254.95138990026027,1287.1651347833524,1400.0,0.0
1788702856955,94.92978554072343,124.68170406311516,2.7112014293670654,97.33060897159301,123.52634819004692,215.98677899566118,217.73571125133589,1323.8186753282873,1360.0,0.5821911550004508
1788702857217,87.64308178518701,128.16073680487207,2.773167371749878,90.49641061456434,127.06876758146241,207.87537545873963,208.2529847059778,1386.451614552949,1340.0,0.6230581927574984
1788702857509,76.71107975516733,130.70085660679135,2.7809560298919678,67.83960619451852,130.4528352312987,205.61999624113798,206.64521246221284,1469.8973101326112,1380.0,0.6802677875709587
1788702857778,74.42648099163387,129.36916561577266,2.7614057064056396,75.8239120786433,129.0082513812032,214.68339624381673,213.17323082530982,1500.9079275237884,1460.0,0.6695921345532829
1788702858050,80.79291876845474,125.94407449557087,2.7426249980926514,80.76155403033856,126.16285923480828,225.43845879188257,222.59818151026872,1482.480950559787,1500.0,0.62576069442892
1788702858308,90.47543983759843,120.46439583845965,2.745966672897339,91.22080689976306,120.22363091935517,243.99026172075168,242.41363210175376,1351.966473607091,1520.0,0.0
1788702858564,101.14140548105316,117.7369125246063,2.7297093868255615,102.14636394952271,116.85885092188194,248.77278144997632,252.09480857983357,1321.4874479724274,1480.0,0.0
1788702858823,106.44574503260334,120.95443605437994,2.747502088546753,108.01708279433133,119.63589931627192,229.2901484016698,232.12608499802542,1388.3810937642438,1280.0,1.0
1788702859097,106.32830762487698,127.12679164616142,2.735044240951538,108.59532739815242,125.6161565205131,211.83930150245868,213.91624405992772,1410.6166112262429,1340.0,0.6722577583860991
1788702859382,98.76680148868111,132.52869132935533,2.70624041557312,101.95049900643095,131.0237562647986,206.80523184378268,208.28855594314103,1413.5052347953324,1400.0,0.6180779210308938
1788702859645,89.20694666584646,132.98051488681102,2.836639165878296,79.26891311984089,132.6846063833945,203.8998014705231,208.16547572562197,1481.7902950146824,1420.0,0.6402924659989274
1788702859902,82.41709791769193,130.86185485359252,2.863110303878784,82.24913631209941,126.26932126203846,207.724943195026,206.16220220939982,1487.1074720419906,1460.0,0.6599260156566243
1788702860190,81.79430863988681,126.23429426058071,2.9926555156707764,84.4335532275621,120.21150861970662,207.21410570709216,210.82227899859544,1447.2648483751739,1500.0,0.5578537812796285
1788702860474,82.2006393793061,120.77921229084646,-2.76265025138855,83.57459739223569,114.72679719036712,178.92607914059172,181.43642278253623,1444.2100918598703,1500.0,0.5447226642145703
1788702860759,77.2529950479823,114.75028451033465,-2.5772359371185303,70.33378397277389,107.84681103079645,171.4296048385376,171.0310816867739,1513.0824370502924,1480.0,0.6482153453102415
1788702861020,71.20531938207431,109.11400982714076,-2.745112180709839,67.74256884773138,102.10385685361334,185.15283270730407,179.8015272802229,1560.4224106667941,1540.0,0.6714488820608129
1788702861262,67.27700060746801,103.7336502675935,-3.0036885738372803,66.06981896650507,96.5228051646833,207.5998150507732,195.2681985085932,1559.8838374505015,1580.0,0.654229101833408
1788702861574,67.54990945650836,99.39094603531005,-3.070533514022827,68.62653310262857,99.77922184170062,210.38975344984988,210.71734790741837,1554.0694704516634,1560.0,0.6350862492959092
1788702861878,73.05306502214567,101.28753421813484,-2.8993537425994873,74.05881354694405,101.03797188929208,195.9740442706432,198.89840638278542,1537.3397963849607,1560.0,0.6333332921038827
1788702862124,75.00200887364666,103.48058985912894,-2.828179121017456,77.1175542552844,103.99849482106717,192.4275918282912,191.86838802503652,1520.9750288448904,1580.0,0.5856089407446032
1788702862379,74.92425873523622,103.45347487081693,-2.8331172466278076,76.98521364878107,103.88759103317516,192.45554724552272,192.70109398922122,1525.284786151445,1460.0,0.7110788804522752
1788702862647,74.93016040231299,103.45813661109744,-2.8329169750213623,76.86528282953384,104.05353774629134,192.6673367692277,192.66788457487436,1523.6386095327591,1520.0,0.6512576129039825
1788702862902,74.9282332292692,103.45742533526084,-2.8329169750213623,76.85602134700109,104.0275469947939,192.68072454161342,192.61080769217762,1523.610242818249,1520.0,0.6514977790659304
1788702863159,74.92918960691438,103.45669483575296,-2.8330752849578857,76.87310967502646,104.08186572380475,192.6810939718397,192.6089963918342,1523.631625810445,1540.0,0.6315426295179765
1788702863416,74.9837752214567,104.25440991018701,-2.7987220287323,76.87281777589084,104.67931898189556,187.10150815161865,188.1285912644737,1522.7080457033653,1520.0,0.6506243926040126
1788702863679,78.19633423812746,106.01083830585631,-2.652662992477417,79.47453417764267,106.83419488887915,181.49798258503677,182.0079114893272,1507.2825410504577,1500.0,0.6521400811431708
1788702863929,81.48112619955708,106.87623992679626,-2.581770658493042,84.47378255930685,108.36714847749641,177.75575151470377,177.52633414349881,1466.6037547875196,1520.0,0.5955698799006427
1788702864180,80.62662920613927,106.81822288693407,-2.5936172008514404,79.01190191101695,108.72357442911687,177.7653213942204,178.0520237013966,1500.419923459086,1520.0,0.6183527112736693
1788702864447,77.99797478623277,107.51634012057086,-2.582636594772339,79.59835341672259,108.23079381500722,176.2727921321646,174.68438509478284,1502.1909851183566,1540.0,0.6007088262722896
1788702864700,78.05832269623524,107.47712383120079,-2.585860013961792,79.93937328498784,108.26700900863186,176.55442056905196,176.3250620595517,1497.16585296979,1560.0,0.5717961929101719
1788702864969,78.05375226839321,107.47215451218013,-2.586165189743042,79.7835597345194,108.47001350805469,176.38132294383712,176.41227848692077,1496.732794751872,1560.0,0.5738085114285167
1788702865232,78.05475189929872,107.46919406680611,-2.5860087871551514,79.78351083326521,108.45404241006328,176.2509094190521,176.28788985871674,1497.2368514304542,1540.0,0.5944418102331761
1788702865484,78.0547134519562,107.46814637672244,-2.5858800411224365,79.79060828313882,108.65804824603946,176.30706076489076,176.55869010546468,1496.9968546203386,1520.0,0.6130871437322755
1788702865739,78.04883100855069,107.46950164554626,-2.588836431503296,79.7130195658502,108.16054992391275,176.43059989478527,176.2605496107053,1496.534940632202,1520.0,0.6145677818087005
1788702866010,10.424208753690946,8.512854989119402,3.1404781341552734,12.354430282721498,9.082277667810002,226.54824646003638,187.57033678745,1501.9812296943471,1540.0,0.60774234822886
1788702866274,8.792596651813177,7.938696192944144,3.0620956420898438,7.8115202350521855,5.9906559615674855,231.06572075890978,231.0284422675731,1848.4890908051245,1600.0,1.0
1788702866549,6.722604346087599,6.001619354007751,2.8593366146087646,5.106767173660854,2.053479808760768,245.72122289450311,243.50818097818427,1844.9604344152797,1680.0,1.0
1788702866795,6.6842609315406625,4.668035432109683,3.0073843002319336,8.55026336159691,4.4563615061687685,229.9784522091673,231.36204959683263,1854.1620925683287,1720.0,1.0
1788702867069,8.760938869686576,3.631641357902467,3.062221050262451,10.564292588146646,3.561882174605227,231.2440495173156,231.40355059856057,1855.056382180475,1800.0,0.8295892503520449
1788702867325,11.00011870617003,2.379288710947112,3.1224350929260254,12.726727299197181,2.491262835036775,228.86354693607674,229.19438045582712,1860.5627184814196,1840.0,0.7967623497564782
1788702867585,14.107050858144685,0.6009556552556556,-3.0877676010131836,15.693679668704391,0.988491287924877,225.84706654819888,226.21343121101933,1867.8090449362755,1860.0,0.7864085122732432
1788702867851,17.180019588921013,-3.3169255294199065,-3.0894381999969482,18.80382402923431,-2.6394408617244864,229.2459195740407,229.01010924896187,1875.4693419028772,1860.0,0.7975293542909728
1788702868098,21.415292334368846,-6.979784627599041,-3.078120708465576,22.854923328821318,-6.512020137305348,229.98279628775458,230.31275763108766,1883.0999934570498,1880.0,0.7877094160929583
1788702868354,27.60870986097441,-8.814992228830894,-2.9345452785491943,28.833894180942643,-8.349793480256787,219.86050034671837,223.5266405978711,1894.840574688634,1900.0,0.7824447044421082
1788702868629,33.838090070589324,-8.82081039308563,-2.5371153354644775,34.70121365476498,-7.888274507144649,196.53423290423305,201.1927216716899,1910.09012236107,1900.0,0.8032560845412736
