Time,X,Y,Heading,ProjectedX,ProjectedY,TurretTarget,TurretActual,ShooterTarget,ShooterActual,ShooterPower,TOF
1788712853646,6.599801131120817,11.699705349178766,-4.280534994904883E-5,4.563985007969011,11.703817385862148,43.552574180601,-280.0,1837.2484826728708,300.0,1.0,0.5
1788712853928,6.609666478915478,11.697428545613928,0.005145246163010597,5.461507967090581,11.747709937127857,43.55187339302236,43.54451255218022,1837.2491794396542,680.0,1.0,0.5
1788712854177,6.748786986343505,11.528041569266732,0.6201370358467102,5.8169251216154665,10.483711215110455,337.8,2.1048780954037625,1840.5021749929085,960.0,1.0,0.5
1788712854447,6.543955765371248,11.69560109536479,1.7674658298492432,4.569703405363286,10.359253984362585,287.1143394488594,296.64493772826796,1837.7249772563553,1140.0,1.0,0.5
1788712854706,122.04977200725885,121.43292284387303,0.7734445333480835,118.32639764996377,119.18658290544603,337.8,235.8043440947933,1429.8883722648404,1340.0,1.2898679469671945,0.5
1788712854990,122.61370801550197,122.84045121801181,0.8275061845779419,125.93912829098564,128.86756513090995,337.8,359.64407472724974,1474.2462266705588,1420.0,0.6695751311893303,0.5
1788712855251,125.32838836429626,128.20893054872047,1.0225027799606323,130.39713619333227,140.28877298781296,324.70244516832975,329.4541378467057,1504.70430095838,1500.0,0.6370326285848186,0.5
1788712855510,126.92229984313485,125.88849886195867,0.7167865037918091,141.27259330029034,139.62252207312503,26.725149797956306,24.82840361497591,1520.3088915409462,1520.0,0.6395136557528096,0.5
1788712855774,135.98190668061025,135.61116856852854,0.7624636888504028,150.43739310285912,154.0278000395426,22.2,358.9644406469747,1552.8428763320508,1560.0,0.648462276553907,0.5
1788712856076,145.81294983390748,147.24887157049704,0.7849472761154175,160.27691803029245,166.42496034716677,22.2,2.7847257500904448,1572.9494073677135,1540.0,0.6904598744309436,0.5
1788712856384,153.9190625768947,160.26116318590059,1.083829641342163,164.01848562194212,179.51291878849383,337.8,350.2891554576486,1586.3265460721516,1620.0,0.6340001212801329,0.5
1788712856652,161.3183017039862,172.81190406619095,1.1426339149475098,174.80345951670995,192.8721673210142,337.8,350.6890566443946,1601.9630446826056,1620.0,0.656906471673783,0.5
1788712856966,170.24375615157481,186.11995186392716,0.9776980876922607,184.05742225940153,204.60222285217975,22.2,354.8572986629395,1610.9367501904933,1640.0,0.6502464456626479,0.5
1788712857288,180.2409879429134,199.98725470595474,0.9194695949554443,195.05082297180658,222.74115387275052,22.2,1.5988453010535295,1621.5657912454342,1640.0,0.6653331263695682,0.5
1788712857570,189.56877460629923,215.50671675073818,0.9210159778594971,202.96243518996783,239.11230987283787,22.2,3.836391871282558,1630.4019657755218,1700.0,0.6185941917142465,0.5
1788712857818,195.66917599655514,224.60024375615157,0.9603960514068604,203.91052197928406,237.11991193892266,337.8,359.02049234030153,1630.596439738161,1680.0,0.6396206144261348,0.5
1788712858092,195.03990834153544,227.89183609128938,0.8290469646453857,193.75567487009585,225.29960501926337,22.2,10.614097422514817,1624.3961254258652,1680.0,0.6308995531214181,0.5
1788712858341,195.29083492249015,228.48392516609252,0.833113431930542,194.79298235094086,230.17791590595203,22.2,9.545292003698762,1626.549156761915,1660.0,0.6532435301295783,0.5
1788712858615,194.68200203001967,228.06757889394686,0.8679873943328857,192.0148477443527,225.88384206834226,22.2,9.261159195144955,1623.9250920023953,1660.0,0.6498095241757857,0.5
1788712858881,194.47505920890748,227.49505951648624,1.059885025024414,191.96176843181485,224.5459439724417,337.8,356.33827353970355,1623.5717817769441,1640.0,0.6689839987083449,0.5
1788712859152,194.52321450541336,227.57527989665354,1.0522186756134033,193.4798652420331,225.8819348752281,337.8,356.5352019972362,1624.6138421614842,1640.0,0.6712795985139007,0.5
1788712859426,194.70093734621062,227.61422705462599,1.0389630794525146,192.84328099947692,225.10765421002566,337.8,357.9819303228392,1624.2948255904826,1640.0,0.6704459945223005,0.5
1788712859695,195.56519515871065,227.59890578863192,1.0433769226074219,193.54132322782695,223.07664042962216,337.8,355.6553203507194,1624.99011541339,1640.0,0.6729112318007864,0.5
1788712859949,195.16342042937995,227.20174474040354,1.0452725887298584,196.73344144103808,226.23250279077928,337.8,356.54441848813156,1624.299363687926,1700.0,0.6099377864988201,0.5
1788712860198,195.94474732406496,227.2837721456693,1.0426864624023438,195.14523925450519,224.38661803110384,337.8,356.3529525372378,1623.7790683508736,1680.0,0.6303993084001692,0.5
1788712860478,196.102554441437,226.90689207062007,1.0681869983673096,195.27430249416295,224.82284003857444,337.8,354.42206451650185,1624.720724449604,1660.0,0.6504489342076997,0.5
1788712860748,195.8533964382382,227.81392255167324,0.9992587566375732,194.00486417356413,230.3999759358493,22.2,0.6421348858000329,1625.8256169217614,1640.0,0.6727593656533413,0.5
1788712861017,195.58878260334646,229.0154020054134,0.8970184326171875,193.83652609254767,230.1669793464881,22.2,7.198173540782591,1626.2136573642526,1660.0,0.653420967112969,0.5
1788712861286,121.84479000061516,121.52935839074803,0.6876040697097778,112.7236213706379,117.41435996511139,22.2,8.519071612423431,1435.7949178710435,1500.0,0.5665687237058503,0.5
1788712861573,116.28672682394193,119.94599109559547,0.7368806600570679,93.84577711276384,112.16502050157439,337.8,356.34651570620855,1336.1614201669875,1300.0,0.5837704528272295,0.5
1788712861859,109.9461256612943,117.09301565575788,1.2605665922164917,93.1725997144792,105.16635229253966,320.3123921499615,321.6188732091363,1425.9984679424388,1380.0,0.6536566796056047,0.5
1788712862144,104.83150452140748,113.62595926119587,1.8446990251541138,89.85807413314367,98.39082645992363,288.52123864352893,291.7049351194828,1437.4057745214177,1420.0,0.6425977024564902,0.5
1788712862414,100.44918030265748,109.82150821235237,2.449296474456787,87.5441648656544,103.46057719391557,252.11543224551144,260.4525989465481,1457.8497872202427,1480.0,0.5864207361431649,0.5
1788712862661,94.55478938545768,108.8306625246063,2.99544095993042,74.55671903810703,106.12633872105056,214.1972840760065,218.15163620594066,1509.4698845494602,1460.0,0.67075847644941,0.5
1788712862932,84.5714370847687,108.62842950295277,-3.109628200531006,50.96184247991255,106.68162777159806,199.889228558139,206.38795617001196,1637.4761910626503,1540.0,0.7576484178052552,0.3816974971559257
1788712863178,72.92884646438239,107.17097725455218,-2.969724178314209,32.12762648592561,99.49378357195792,193.4244238667684,192.8134699351429,1730.2804349734486,1600.0,1.0,0.4101344258679205
1788712863507,56.008209468811515,105.37927342212107,-2.956935405731201,13.515651088666736,102.28240633366391,189.19456781577443,190.0205434440375,1795.5735243411846,1740.0,0.8152175602531163,0.4661598644498587
1788712863752,42.30101577878938,104.2002472164124,-2.9232919216156006,24.783790488285298,103.076194997204,185.6333110483502,186.39142730778184,1797.585917468092,1820.0,0.7110716233457091,0.45259707439818764
1788712864064,40.461281603715555,103.89090951033465,-2.904773473739624,47.42050664038828,105.1651276289977,186.52965094438036,185.64768342284344,1692.7517260765478,1820.0,0.0,0.44772289616176836
1788712864344,45.82595464751476,104.57032211183564,-2.921180009841919,51.80349604165601,105.88139894210364,189.47454214536916,189.62271699168843,1636.255885224495,1680.0,0.6588103651912465,0.4542506133218128
1788712864614,46.897020715428155,104.75005382627954,-2.9172561168670654,48.85392884339704,105.12418789460149,188.49792550619128,188.07754791262764,1675.731349307843,1600.0,0.7769795967064331,0.45602984805163205
1788712864877,46.23125692052166,104.6961122047244,-2.9206454753875732,38.89489260556242,105.01526046503302,188.01266551351728,188.2944361051419,1700.546094337881,1560.0,1.0,0.4555332282002947
1788712865173,39.13357952448327,104.58982452632874,-2.9378721714019775,14.017146184639692,105.53811187820502,186.51958812566386,187.39392306226867,1794.5898548330313,1640.0,1.0,0.4498155026541285
1788712865478,37.079333207738685,105.17050435223918,-2.853675603866577,47.23973926926129,106.68817140148585,179.69593973542644,180.8861265487947,1703.8484144826987,1720.0,0.7516789186368836,0.44134855762282055
1788712865746,44.92962694543554,105.91847817728839,-2.8663628101348877,64.38892309224818,108.87218624898146,186.4770081421824,185.17272777528692,1586.7066802187676,1640.0,0.6809325967196803,0.450207973812048
1788712866013,54.80962798351378,108.88007697157974,3.018688201904297,69.40607313524168,114.4918805998308,216.38947387374918,210.81294569734658,1482.7284931931608,1520.0,0.6074889697482628,0.4624164777385308
1788712866272,60.9474578617126,114.9811415784941,2.823928117752075,70.75945692491099,128.9168382062055,211.39190668164798,213.40286955356046,1501.5300363933181,1400.0,1.0,0.4573144986350013
1788712866541,63.2183501476378,123.8073345995325,2.812129259109497,64.21819799908448,139.60126469478158,201.5780747692935,203.40522321045236,1561.262823785512,1500.0,0.7136746264915325,0.5
1788712866825,57.31737992894931,130.06186177411416,2.811208724975586,42.13764229457955,134.6486322868164,202.22730865778573,201.55081327833736,1637.1004041146477,1540.0,0.7438184437146467,0.5
1788712867130,49.04437207800196,127.97731414554627,2.806533098220825,43.02020235893346,113.19237353991086,208.60647190056324,205.27597625953752,1758.5286211932348,1620.0,1.0,0.5
1788712867406,51.69288455031988,123.19512795275591,2.8293681144714355,62.29333876612121,115.29310648557673,210.69692811468417,214.53385835792199,1564.4507047427776,1660.0,0.5860205984539479,0.5
1788712867695,58.95327590581939,118.76679187684549,3.104458808898926,74.07437558364117,112.0932522921306,203.05305717030242,202.0922742337745,1492.835885781916,1540.0,0.5804922077425041,0.5
1788712867953,67.39477923535925,113.3297224870817,-3.037729501724243,81.07431684212929,105.34274538597309,199.7794308770129,202.95944989970448,1499.5224857218652,1520.0,0.6275388539806251,0.43725006118387755
1788712868210,72.74021899606299,109.88588828740158,-2.1421849727630615,79.06317795845692,108.47954830569599,132.77894140626324,142.16603818612268,1499.0351013068698,1520.0,0.618067637836737,0.42355641449482195
1788712868457,75.03073865034449,108.9359313484252,-0.8959820866584778,76.01899654665381,110.45569458717308,57.67717142592956,66.25058995443585,1501.202407767371,1520.0,0.6169011268747375,0.4236322543314318
1788712868735,75.79749880813237,109.06700795091044,-0.3559778332710266,74.05911252692857,110.2666855870831,46.92700641098105,46.415229781207664,1506.7103669008918,1520.0,0.6364039583908353,0.42444445224908234
1788712868992,75.74341300904283,109.10761795644684,-0.35544711351394653,73.87776667682675,109.84974795440363,45.40059884008981,45.017828439557846,1505.8648633583578,1520.0,0.6235956255684502,0.4245290213158923
1788712869268,75.7477094995694,109.11130890132874,-0.3526824116706848,73.77120845412044,109.4134941757585,45.22055586061177,45.425882436435515,1504.6266231617499,1520.0,0.6266764812634712,0.42453301141531097
1788712869549,78.13440518116388,110.24587075541339,0.06288402527570724,82.28730296397094,113.95135149262731,22.2,17.66115330663846,1472.158904965061,1520.0,0.5878449200723508,0.4191951001695836
1788712869841,83.08381328432579,114.34773122231792,0.4089142680168152,91.900072196342,123.5809193129998,337.8,355.95496410710723,1354.8237188571409,1500.0,0.0,0.40178998571805785
1788712870115,88.78473717396655,121.00873331385336,0.7186686396598816,96.66734141683844,133.0356469694995,332.4080159824441,335.85431922572457,1393.8153745689067,1380.0,0.5983142319087374,0.3830570595261111
1788712870386,95.4620986097441,127.66860120878445,0.7855507731437683,110.3690521914236,137.59414746745315,321.18780174128483,322.45888281663497,1465.5573560591101,1400.0,0.670653195158594,0.5
1788712870648,105.03103661724903,129.8430771715059,0.805642306804657,118.76599214405894,124.82052290263523,337.7050838563363,334.58017018255725,1458.000232269841,1480.0,0.604704965006161,0.5
1788712870961,114.30983175442913,126.9226362573819,0.8804637789726257,127.27756321224342,124.68261154122901,337.8,359.0255983808176,1467.3893573663584,1500.0,0.5792875457614307,0.5
1788712871221,115.22308109313485,127.14413139763779,0.8890697360038757,99.21732540134684,126.4356870921442,337.8,338.1059944013672,1349.3906195992843,1500.0,0.0,0.5
1788712871527,108.79156157726378,128.09399221825788,0.8467690348625183,84.78687146931362,123.70171613990878,330.8736599259264,330.27072356244093,1410.8341498436694,1420.0,0.5775311229085753,0.5
1788712871770,103.64030973179135,124.98028612512303,1.1839033365249634,89.75183371193427,104.62197806295066,315.87351789409286,320.7342039714627,1421.6959627314016,1480.0,0.5368330679291191,0.5
1788712872060,99.46462075541338,117.94805571788879,1.8095957040786743,88.04905343347095,100.38533491762135,294.8962353697572,301.03702092088827,1445.108008206151,1480.0,0.589267189609696,0.5
1788712872331,94.12440983329232,114.90712083230808,2.501188039779663,78.10230096735458,115.45941003120798,236.7421104877093,240.74456725928613,1482.5391250276539,1500.0,0.6132026920462754,0.5
1788712872598,85.93714436208171,118.80532572588584,2.622251272201538,69.810453306032,127.59451064761429,221.95695963044344,224.35500468091556,1501.7715727258305,1480.0,0.643886621357413,0.3716563792599596
1788712872855,74.3675123800443,123.77680740957184,2.6435048580169678,53.913866180547416,131.37023317811912,215.88222052165716,216.32751214563692,1607.7327943922205,1360.0,1.0,0.5
1788712873136,61.904955285740655,126.0235259288878,2.6670339107513428,29.335349573415026,121.6537774577768,216.00360846574492,215.86032433805863,1780.974194886555,1520.0,1.0,0.5
1788712873469,48.82175235297737,122.91335699126478,2.6894032955169678,20.2257359224998,113.8338401634083,218.49226805952026,218.38080419368967,1801.5905010737674,1680.0,1.0,0.5
1788712873748,38.72242604653667,123.32599309485728,2.8022000789642334,23.001577483098345,129.96752706289203,205.1882699454544,209.1800246679247,1771.46797061977,1740.0,0.779437937841831,0.5
1788712874097,33.139778197281004,125.68586214320868,2.853508710861206,41.95756258110842,123.60315486700351,203.34044296303674,203.68685389008928,1743.7229307347027,1760.0,0.733356238704132,0.5
1788712874340,38.61016701525591,122.07688699557086,2.947376012802124,50.21677464289499,114.03321401834667,205.10222170513885,207.90009001708077,1625.495149319833,1640.0,0.6703311650259305,0.5
1788712874605,44.962686854084644,119.19772891547737,-2.9008758068084717,60.508609469182986,116.82969091531923,180.34761222120682,187.99887577642582,1607.70411595757,1640.0,0.6631431569828182,0.5
1788712874861,53.74774602454478,116.91139040969487,-2.606663465499878,67.77904059344445,110.55115595333407,168.34836465217847,166.7016182359102,1521.8081985439485,1560.0,0.5973424030066127,0.5
1788712875132,60.06493275559794,112.03403743233268,-2.3548104763031006,71.3519390201695,106.10055975468278,154.64601530082246,159.39571203993788,1536.4441516989853,1460.0,0.7316625339851746,0.4611877960650926
1788712875378,64.14719468965305,106.81770384781004,-1.757012963294983,67.55169230659004,97.98964530626692,123.23640930914763,127.6728954841173,1550.8588304008244,1560.0,0.6467127749261775,0.45362490226660246
1788712875686,64.29240069051427,96.73261987881398,-1.623416543006897,64.24445991347694,62.50027240487155,128.87603563396203,127.00923215363196,1702.1121151020072,1620.0,0.7855397294233145,0.45993214516085146
1788712875963,65.91954989696113,83.32875169168307,-1.5964943170547485,72.13957742774406,64.83964275595481,136.6372791402144,135.45614869043936,1696.879200171397,1720.0,0.7604574381135242,0.46870987479780524
1788712876261,70.90197946142963,72.11093692328986,-1.1576906442642212,81.43226405957441,55.897362294599525,113.4580120051454,115.55280573284065,1694.818212208849,1760.0,0.6484068964496049,0.46767979912233226
1788712876537,78.4469772699311,62.14786078986221,-0.955121636390686,94.45458979484432,47.465660661739186,111.43157820815436,114.7620793408611,1745.0338514835184,1760.0,0.7261456124815869,0.486515553609966
1788712876804,86.04989119402067,57.83553476408711,-0.3667970895767212,95.28288859341795,58.083036455872204,74.98860206998316,79.63248961201532,1637.7094132279276,1740.0,0.0,0.5160475595756328
1788712877068,91.87470203309547,60.037543829970474,0.15351615846157074,100.55184893263753,66.59556635646042,45.225077322436334,48.33864274319046,1546.6690299043094,1620.0,0.5878327285381698,0.49765877142058357
1788712877376,101.17601770115651,65.20567405880907,0.33437860012054443,117.2930637162726,74.73725257041468,48.17362939575162,46.19619490417051,1543.9097956174658,1600.0,0.6113683236126236,0.4526674496404056
1788712877655,114.40524844672737,70.3191802257628,0.351920485496521,135.3528891395766,75.47005251378,61.98066642956786,59.212314006424606,1512.4498874574354,1580.0,0.557446392836909,0.5
1788712877953,125.06175604392226,70.08710726039617,-0.015630371868610382,129.76641903194417,65.29579532580505,92.12773055169004,86.61168036736024,1581.8393555675352,1560.0,0.6643298126294551,0.5
1788712878199,124.87800658218505,66.47632508765994,0.23435913026332855,119.4397163820069,49.43221865582476,62.11932866066002,62.70287596562417,1667.942149133744,1580.0,0.7789842701912261,0.5
1788712878450,125.2152570589321,60.26100939653051,0.2672218084335327,127.74797083325473,48.044084118493714,66.7676940120898,66.30381032099103,1681.0578956581369,1660.0,0.7261780332624198,0.5
1788712878708,129.13501168799212,55.27607594888042,0.5100406408309937,134.7454515426039,49.631553112472446,52.188740412946515,55.36462432691229,1672.7578796641512,1720.0,0.6565048039435468,0.5
1788712879019,128.7884185070128,54.62762787586122,0.695452094078064,125.58657358168402,56.83394564031164,41.26240349666574,41.79509878064482,1631.4757901896917,1680.0,0.66389483554159,0.5
1788712879338,128.790283203125,54.7357177734375,0.6923269033432007,126.795546599454,53.948501815009635,43.46825456983214,43.451642935812686,1652.8127501812132,1700.0,0.6490607110707345,0.5
1788712879638,128.80421075295277,54.82257032018947,0.6912244558334351,126.71188665479997,53.26458047219384,43.50958395166742,43.09468541301504,1653.0890387358581,1700.0,0.654422727488788,0.5
1788712879911,128.77233790600394,54.78964978315699,0.691642165184021,127.22891577743755,53.2244786949128,43.85525888533118,43.47148672601986,1648.336415450622,1680.0,0.6652868549403953,0.5
1788712880175,127.94445127952757,54.62200495201772,0.6907380819320679,116.10711363250412,50.42589038201979,41.14383013761369,42.87939031411531,1658.8146018788295,1700.0,0.6589378930889446,0.5
1788712880468,122.74798535925198,53.73517374354085,0.6569417715072632,96.68314601991712,47.03185383730882,38.05653890859679,38.320037294886674,1685.7157172404243,1680.0,0.7199773211165114,0.5
1788712880716,114.7225447527067,52.63302780511811,0.32887017726898193,90.7660726467109,50.555066515117275,54.41722813723203,48.24644973896284,1716.764672929374,1720.0,0.7413448353716707,0.5
1788712880969,108.36026890071359,53.34477462167815,-0.141611710190773,93.26554957496924,56.868317276159196,78.61406308578185,76.31242544530687,1648.9708837664489,1740.0,0.6731331557576975,0.5
1788712881223,100.37835068590059,56.69125534418061,-0.7289854288101196,84.83177850438086,66.65061258745355,104.62478004718884,105.80899777593551,1624.7372485217188,1680.0,0.6243017183336314,0.5
1788712881507,91.24388687253938,63.47753329539862,-0.8048101663589478,73.19993803891704,79.00477421312982,92.79157876303609,94.49814671322162,1656.090677416793,1660.0,0.7037595339554347,0.4577801748464534
1788712881786,79.49529212290847,76.20749646284449,-0.795056939125061,63.21547896639216,98.15376884045605,77.66042050649125,78.65485286994758,1614.4579767605821,1560.0,0.7155287380770384,0.4357925772614423
1788712882051,73.62086498831201,84.26534817913387,-0.8312526941299438,66.63652471790775,91.57244946494073,82.08784219139054,81.89839836880367,1559.4490651792667,1500.0,0.7419881671482447,0.4479579569936697
1788712882322,73.34892693467027,84.6434585691437,-0.8156076669692993,76.23525624341545,80.61178349176743,88.70161785845224,87.31966986021158,1609.7719299751202,1400.0,1.0,0.45047415060803264
1788712882587,77.54894827294538,79.53740157480314,-0.8014198541641235,85.6552359905043,69.10972526780785,95.98044605670506,93.87125131259023,1618.9729737826417,1480.0,1.0,0.4447583701820451
1788712882878,86.56636395792324,69.50764333169292,-0.499332070350647,98.24207184151479,59.9699961202802,86.37815686625353,92.98360996962373,1608.794943116202,1600.0,0.7060783336409755,0.427139890763678
1788712883190,95.68591981422244,67.18350147637796,0.2704366445541382,107.7825986591191,69.23275145627537,46.42251892009199,57.55896696065207,1561.2744584430234,1640.0,0.5967697637371249,0.43165000062119163
1788712883448,104.60190660371555,69.13184939406989,0.49023187160491943,121.67981389369767,71.44745297535927,42.772904902310415,39.51430874625379,1537.8629610842706,1620.0,0.5826411689880499,0.5
1788712883739,116.43489327017717,71.68405607929381,0.550101637840271,130.3402279921382,76.47574621711483,52.101348309706964,49.581681270798526,1525.3329519666347,1600.0,0.569214397370993,0.5
1788712884029,119.0615676519439,75.67189614603839,0.6367143392562866,114.62252302892163,78.58828134976838,33.71940375199256,32.693469608599,1463.189341601089,1460.0,0.6313693411012982,0.5
1788712884321,115.07432832492619,78.047965943344,0.14082466065883636,104.18443420575723,81.33942526614138,59.96597493894768,53.77910398270018,1501.0083858629068,1500.0,0.6385906144085373,0.5
1788712884635,108.04213636503447,81.36612058624507,-0.5457960367202759,93.62491115701977,88.72936953736897,88.20887904913684,83.13511129222384,1449.0384427010235,1520.0,0.5660194954988911,0.5
1788712884903,100.75532687930611,85.37679356852856,-1.170209527015686,89.19673409043794,93.1821456105548,119.68301947474758,117.87082796034605,1431.1428255484848,1480.0,0.5398089120656304,0.5
1788712885179,94.67064084030511,91.78231306902067,-1.301169991493225,90.5834594802006,106.14761058493073,111.13267055016726,112.74468717662101,1442.2989247144678,1460.0,0.6173335731307164,0.375812864393993
1788712885458,92.87622647022637,98.7009796382874,-1.3468214273452759,90.55165611667046,99.99971373710284,116.83744790413829,112.59684807179866,1442.3433458312645,1340.0,1.0,0.37512425362474644
1788712885718,93.85845034141241,93.35968257874016,-1.3818479776382446,97.01989960522155,79.87127946575477,131.5857687834166,131.1966163591508,1466.4160530123263,1400.0,0.6609063144167548,0.3764192364326815
1788712885998,96.97587621493602,81.94010096272146,-1.3542925119400024,102.90750151969777,61.773497902047794,140.690850636447,139.54797447997464,1570.5217209337668,1480.0,0.7340954825195862,0.5
1788712886270,100.44175996555119,68.44850555179626,-1.3196035623550415,105.54779220622588,44.538131487314416,144.03029072326865,143.52445057197826,1723.012723288127,1580.0,1.0,0.5
1788712886559,99.69321904219981,54.60834172766978,-1.3472810983657837,82.89629515810476,18.83168007816164,142.88375317134535,143.14563666407457,1933.4072960964606,1700.0,1.0,0.5
1788712886873,96.05091004859744,44.97803214966782,-1.6550174951553345,89.6267953928066,11.179716332974575,163.93355071479692,162.56445245598664,1979.7383819503805,1780.0,1.0,0.5
1788712887135,94.11272184116633,31.27967894546629,-1.7935682535171509,84.9663088249887,-3.4535618882884407,173.2069951003034,167.82235651227109,1939.2942911166695,1880.0,0.8552596436111568,0.6904681351936472
1788712887416,89.82050858144684,21.976760503813978,-2.382495641708374,74.00461647581993,-0.33482357899676174,208.8901251246458,198.74881543231527,1941.2823051317728,1960.0,0.7849906999981597,0.7793870160162162
1788712887682,80.44049120324803,15.591857189268579,-2.8046185970306396,43.56108100942757,-0.49561971282654316,224.70984159630768,226.85413624783547,1969.1352380613582,1960.0,0.8281134424372352,0.5
1788712887951,67.36969715028297,10.599764125553643,-2.8100974559783936,23.549605273514388,1.1525438319766357,217.52449942116374,218.64160380063868,1899.2427699998048,1980.0,0.7222298031801444,0.5
1788712888256,53.44542015255906,11.165824349470967,-2.990563154220581,45.49183477808545,16.913287427627118,225.08234017802457,224.7318382472586,1978.8057459872748,1940.0,0.8442017992824138,0.5
1788712888515,53.51384200449065,12.597342663862575,-2.933051824569702,59.533939486347634,13.899800435130809,224.82505147970005,224.73117597178987,1984.0570671996743,1940.0,0.8689356405652977,0.5
1788712888762,53.644476462536915,12.611717164047121,-2.9361159801483154,54.82186108235637,12.708773364354327,225.15906413046292,224.95018393394562,1988.243037023379,1980.0,0.8318628127751904,0.5
1788712889043,53.50195696973425,12.584107166200173,-2.939866781234741,52.82830099664053,12.817894582363621,224.78398149951312,225.0629097399941,1984.7039621815168,1800.0,1.0,0.5
1788712889323,48.76039039431595,12.138689897191806,-3.011899709701538,29.43172353572005,11.154641659110402,229.21246728793838,226.07075888085086,1920.1843923837862,1860.0,0.8735491395900803,0.5
1788712889599,39.97659037432332,12.77785774291031,2.9186580181121826,8.98695837422088,16.653223107427284,243.22328096462564,244.6983399247328,1845.7426444822202,1900.0,0.7414993411080973,0.5
1788712889847,28.047319547397887,14.213710995171015,2.9226644039154053,6.217034481428051,16.467749020669203,236.74803618212644,238.2282592365255,1841.4333100635624,1900.0,0.672151742233259,0.5
1788712890155,12.748654583307703,16.526242954524484,2.8949296474456787,-0.12661916784399097,20.98233083638607,233.76232003960865,233.62711662039356,1811.4061008686792,1820.0,0.718032487183727,0.5
1788712890457,13.799895038754922,19.324710875984252,2.888544797897339,21.363005566275127,26.843500713134745,238.67160877308837,239.71126307402363,1862.8675195980184,1780.0,0.8656920973324684,0.5
1788712890701,15.84092267854946,24.578787736066683,2.905973196029663,15.171169200688592,32.485418368069276,236.17558743565323,237.55631281035704,1839.2600474615124,1820.0,0.7989033787628039,0.5
1788712891020,9.206296064722258,26.24825545183317,2.93274188041687,2.9596480133608587,22.65652959811038,234.615263246673,232.0300041555857,1799.3255806846576,1840.0,0.7039200649825793,0.5
1788712891291,10.659007875938116,26.91483625276821,3.0421340465545654,20.487664918013927,28.47209993985551,227.53190134340963,227.94482087076895,1838.018434035427,1840.0,0.766095112662894,0.5
1788712891562,18.483464999461738,26.748210276205707,3.049854040145874,49.4630423965279,23.45170142802629,232.32062465336043,231.80963522512448,2038.541114211754,1880.0,1.0,0.5
1788712891833,30.481305460291587,24.611727496770424,3.0579659938812256,55.06845014868342,21.361508490367996,237.48566223065518,236.73030050708294,2042.0460849264664,1900.0,1.0,0.7647673791048957
1788712892110,45.09972760057825,23.02520031065453,3.0542867183685303,75.02006792069292,20.265826516906177,243.99697264287477,243.16827380922135,2092.324539480948,1960.0,1.0,0.7791949115174862
1788712892370,59.18201837014026,21.429897518608517,3.0652740001678467,79.7490975670348,17.45460777340851,245.95366116287283,248.32776812788956,2001.0549158934105,2000.0,0.7842908970640984,0.5
1788712892640,64.0347794660433,20.46190397007259,3.107105016708374,70.31148719879448,19.387896039864003,241.61979963814593,241.37553381036003,2076.002742772057,1900.0,1.0,0.5
1788712892907,64.20273668184056,20.45973890409695,3.1071670055389404,65.6737386098499,20.375289798599233,240.50978025928478,241.14614760621564,2037.4542137383194,1860.0,1.0,0.5
1788712893172,61.76495409387303,19.001386747585506,3.1341378688812256,48.313945894273814,10.820191416404022,236.92164526153272,238.09547852865833,1985.569153816734,1780.0,1.0,0.5
1788712893445,56.18002583661418,16.63643544114481,-3.1193864345550537,44.657364326094644,13.592881225157592,234.01984805690063,233.06514000786066,1976.3927204764932,1840.0,1.0,0.5
1788712893749,54.25614484651821,14.582591620017224,-3.1305387020111084,54.796083950348105,-2.434639782098807,235.8573401434301,234.87247571197017,1977.650270252321,1880.0,0.9261259433653548,0.5
1788712893981,55.427760326956204,11.333681842473549,-3.0722568035125732,61.825584842440136,9.969538931921498,233.21130562250872,237.583741678585,1974.90084324503,1940.0,0.8359116181971042,0.5
1788712894239,54.794979546013785,11.257523664339322,-3.0075366497039795,42.798693449560574,11.312956121242122,229.1125272939682,229.51966560388857,1982.9231094591942,1940.0,0.8663617754889036,0.5
1788712894503,47.07028847041093,11.123334028589445,-2.9377143383026123,14.962343882707662,9.302535285469038,219.29721179179256,221.99557718404208,1884.5153024616804,1960.0,0.7653877538369098,0.5
1788712894797,33.47731222317913,10.264653483713705,-2.934706449508667,-7.881813173792398,8.839781733773759,215.80945552434866,216.50853467283275,1825.4597370132403,1780.0,0.8185738959676396,0.5
1788712895128,16.818290169783467,10.114325575941193,-2.966142416000366,-28.919890631794146,9.922949316835393,213.6832711452109,212.5686184691202,1799.1818434448674,1840.0,0.7127187309218926,0.5
1788712895461,12.719349297951528,12.266009473425196,-2.9371888637542725,25.413206566112038,17.7611335459978,213.430488532255,213.23205049855235,1873.229239021248,1820.0,0.8186668391135422,0.5
1788712895730,21.981660137026328,14.92587112066314,-2.920945882797241,44.496086130859396,19.828919299468165,217.50759340468557,217.235008018276,1993.481655676875,1820.0,1.0,0.5
1788712896024,35.73062446173721,17.401793472410187,-2.9186923503875732,79.30417588272536,24.92631934319057,221.6615164126769,220.75140368803292,1996.7308632593938,1900.0,0.9673217597180105,0.5
1788712896273,51.363837775282974,19.049357016255538,-2.902569532394409,77.33240314181695,19.049091907034782,228.04580213564682,226.5242244540708,1990.170486671967,1940.0,0.7284349388294815,0.5
1788712896530,59.60359828678642,17.353847233329233,-2.925287961959839,69.29350378725107,16.50028013548339,227.4088541196168,228.3553161188088,2044.4708080132532,1960.0,0.9037853832488306,0.5
1788712896798,61.050285279281496,17.400600403312623,-2.9150989055633545,62.410286370364815,17.67284291992922,225.04268248228348,225.028380442499,2001.179151007136,1800.0,1.0,0.5
1788712897061,60.819389763779526,18.49921879805918,-2.756077527999878,62.499892081692266,28.114206964806172,211.5181605234612,215.06569786336365,1988.8481133009996,1780.0,1.0,0.5
1788712897324,61.162392924151085,23.04135300043061,-2.2617194652557373,64.05659904405958,37.244457965628946,177.30487327792156,181.64769565393044,1862.0233010012666,1840.0,0.8257128113322372,0.7788507330224894
1788712897594,63.71664693036418,28.776377279927413,-1.7350622415542603,74.19465403192763,43.65870739507313,148.6005811028659,153.04034864086057,1746.1566818871845,1760.0,0.7303084676288388,0.7423537812148275
1788712897870,69.55893689253199,32.55410021684301,-1.1519972085952759,83.52658645591066,38.97375131519661,117.00152864691071,120.10175609799595,1804.3177136418751,1760.0,0.8001631138734612,0.712917853173693
1788712898126,75.44878621739666,34.82875073049951,-0.6577020883560181,88.00983825776478,44.09766046676839,92.53232194990022,95.04384947370815,1789.9978497177271,1800.0,0.7419997648699129,0.701212651057893
1788712898374,80.60871755044292,39.66918224424828,-0.4558206796646118,86.87488862052193,51.90100139695328,80.74996916716259,87.4019999567202,1706.1393392882767,1780.0,0.6668623856264589,0.6668438942951002
1788712898653,84.68894177534449,45.74420117956447,-0.04516089707612991,92.70745635259206,56.674564904734055,59.54915715897524,58.52034602269785,1671.0218764288995,1760.0,0.6111641631657893,0.6266529218529352
1788712898928,91.54917799581692,50.876532126599415,0.15673957765102386,102.34377745361384,57.95061480740404,50.62969539552779,53.25314931196402,1611.5550133043087,1640.0,0.6541564478584296,0.5754910369997537
1788712899194,101.12700695127954,55.61397041861467,0.38236939907073975,120.64685684066534,64.0118330167046,51.0306202653602,49.33476336056867,1596.9913677471884,1640.0,0.6403892167660291,0.5
1788712899444,113.7108702171506,60.34974105714813,0.4025386571884155,138.61433293000678,68.87409967490757,59.12140429526835,55.98791068004414,1566.961193387585,1640.0,0.6024508194507422,0.5
1788712899710,125.61619555856299,63.29090508889026,0.02286946028470993,133.71613485760918,65.31040863710287,94.25223193988779,93.29361393211707,1572.2115997259577,1660.0,0.5962905008098525,0.5
1788712899999,126.81889571542816,62.025357944758866,0.01726185530424118,125.18531106694596,48.57207434743225,80.10471860178927,78.60386984400554,1654.3961037970012,1620.0,0.7156198179156896,0.5
1788712900269,129.31002399114175,58.014060193159445,0.07703530043363571,133.3013970598346,56.05729982113237,85.3236094405604,82.82332175933806,1649.0165283141962,1620.0,0.7426776789901594,0.5
1788712900563,129.85989788385825,58.01230122723917,0.22785411775112152,126.42907340763443,60.858562967368364,70.7645894746936,69.10774389376661,1624.5490463930648,1740.0,0.0,0.5
1788712900852,127.04183263102854,58.84453240342028,0.20338760316371918,117.36968986489028,48.50336978055803,67.16720639672076,66.10287663641373,1612.5581432823055,1660.0,0.6160862545437721,0.5
1788712901114,125.39753590981792,55.437079001599415,0.6269925832748413,117.01501495971567,46.554562791927275,38.243325356037076,51.02121617343397,1709.8645771293357,1680.0,0.7639016829983095,0.5
1788712901379,125.13072096456693,54.661735474593996,0.6761316061019897,126.88832982946569,54.07050010665078,41.739641132093084,39.99150185401186,1668.9226256736927,1740.0,0.6340451746904077,0.5
1788712901667,126.23482291154036,55.80369363619587,0.6787780523300171,127.17357424920945,58.806507468297134,42.47924059237721,42.74656961875564,1627.609810746625,1720.0,0.6082984621352081,0.5
1788712901933,128.28315314345474,57.30945977639026,0.7038530111312866,121.79832638691633,53.46707499289193,41.905070347253286,45.396524530985005,1653.3124395654365,1640.0,0.6649199427240088,0.5
1788712902182,124.79501799335631,56.83832604115403,0.40187203884124756,105.36599776966791,56.06137294685987,58.10463767153374,52.672000826287785,1652.2579838642018,1680.0,0.6607998546290615,0.5
1788712902435,117.63694943405513,56.900336798720474,0.30810678005218506,87.53301179468423,56.829999798939475,51.045400308524336,51.7068937933833,1672.7440905673461,1680.0,0.69345704008683,0.5
1788712902700,108.35377129982776,57.539567121370574,0.022305838763713837,91.62824146417307,60.638332099059866,67.69640241796372,65.06774882962787,1615.84015619156,1760.0,0.0,0.5
1788712902966,100.1863446573573,60.31406192328986,-0.44502222537994385,84.32024645245521,67.08064405893825,88.46236833849764,85.98643657249221,1617.7389510341052,1640.0,0.6539212364705471,0.5
1788712903228,91.59004752091535,65.9057905542569,-0.8876110315322876,76.4676908699013,79.15976609517624,102.37538246231796,102.78896762385575,1636.7203900443953,1660.0,0.6765194832310779,0.43236015491714913
1788712903471,83.72588390440454,75.2551557886319,-0.9414306879043579,70.28853215900125,96.22282622374071,90.2416181205887,91.22281488183765,1521.3639394848608,1600.0,0.5731126922379235,0.4241081646397352
1788712903730,78.48628967765748,83.13416007935533,-0.983711838722229,74.5437824339476,91.77386273435486,93.5889029406469,93.40817742426736,1525.998102495902,1500.0,0.6723053299054775,0.4341157754870333
1788712903994,79.46582704078494,82.67775167630414,-0.9869238138198853,83.4486044832782,79.094716537093,102.87875084040894,102.32519944593821,1588.9973646675435,1380.0,1.0,0.43266940109329
1788712904268,84.09691037155513,78.89563853346456,-0.5992265939712524,91.3295052092524,74.50307539153073,80.6952870319513,83.27481608532607,1557.2577590978703,1520.0,0.6999110524876461,0.42446876112245663
1788712904537,93.29775352177658,73.6168760765256,-0.4510389566421509,113.0950322140514,62.05582623400345,91.97174496172376,90.8340698617135,1583.5211697838142,1560.0,0.68285024867873,0.40261210474840714
1788712904847,107.98236035925197,66.23249204140009,-0.42297518253326416,132.57791610178276,55.52860055022336,103.47298035911084,101.68503564124772,1628.2522060662288,1600.0,0.7071694701301003,0.5
1788712905107,122.38167830339567,60.26718019500492,-0.404884934425354,149.22014508967976,48.724671960785926,112.17133995966341,111.41005826673494,1654.274238965241,1640.0,0.6985870358889941,0.5
1788712905372,132.1980057363435,53.20538378137304,-0.04032004624605179,133.650648266885,43.75602298658771,90.50182491581256,96.45613502898188,1685.0378551044091,1700.0,0.694465831640212,0.5
1788712905649,127.36260842150593,52.148730660986715,0.037745825946331024,111.61915414127897,54.907731858900405,74.70005547556991,76.45778020529491,1642.8011645889812,1680.0,0.7284132237712866,0.5
1788712905917,119.17721725824312,54.72582719457431,-0.1406198889017105,104.54065096071274,61.290076801459925,79.48610223118283,73.9049931565147,1605.2741691283627,1700.0,0.6067292977171309,0.5
1788712906204,112.23157987819883,59.808863842581204,-0.7361770868301392,101.35452513716037,71.01538905823121,113.22940496389019,107.0548233230905,1536.0565618741255,1600.0,0.5995445286571787,0.5
1788712906480,106.84711606483759,66.69786348117619,-1.343040108680725,97.93998832625621,82.48047842357013,143.8387237755275,142.6149610100991,1499.9508895276815,1560.0,0.6043885058812947,0.5
1788712906739,101.68759804072344,76.03005717119834,-1.5098434686660767,95.04028237724593,91.8684140387506,135.48706794230375,136.18365010330024,1395.227295279353,1440.0,0.575928347012684,0.5
1788712907004,96.7176254152313,86.84604915108268,-1.544467568397522,90.6813762017841,103.98275563392497,127.2994430970395,127.93081641563246,1441.324635205763,1440.0,0.6118904607787357,0.5
1788712907277,94.31095633919783,94.04674620140256,-1.2119890451431274,92.28263474959132,101.5189432723421,97.89132251927383,106.21730544497272,1432.720349501056,1340.0,0.7008613175253102,0.37511366355961573
1788712907558,93.55150598240651,96.82046244463584,-0.34320318698883057,90.80090104633442,100.6540650701952,49.81074003179206,57.73904024024658,1443.4463007877587,1380.0,0.6761804358292127,0.38007880633794244
1788712907807,93.8604688268947,98.60732191190945,0.40165746212005615,98.71480952344167,103.54401945344078,22.2,10.718333070058975,1423.4331321434954,1400.0,0.6395317328019708,0.380260608020771
1788712908099,100.71761964812993,101.47281196173721,0.4747680425643921,116.23623998004066,105.89979680066324,25.42569845690531,22.558868521268494,1403.3692853856644,1320.0,0.6954568592872159,0.5
1788712908381,111.24333899790847,104.4019227515994,0.23632846772670746,125.9784976411118,106.30044574353,51.200992945139774,44.29196167082614,1402.6112930229683,1360.0,0.652125886963445,0.5
1788712908713,124.13053257258859,105.09506105437993,0.11134087294340134,134.32507844192924,105.90895344357065,83.63854014923459,75.23532548193356,1472.0183684090919,1420.0,0.6382233390735019,0.5
1788712908977,121.43482598732777,105.84900382935533,0.023809783160686493,95.43484356656735,105.85588189341502,50.52800867644356,58.811052217942404,1399.7459062462651,1420.0,0.6000559587537877,0.5
1788712909239,112.51796452079233,106.62024790846458,-0.1808401495218277,93.13519084761515,110.58639232227432,50.19867320246049,46.53520978411074,1476.8910118826875,1480.0,0.5986032806196416,0.5
1788712909507,103.67931456077756,109.03226116510827,-0.8613840341567993,92.86867697243592,114.70193977305675,88.89889367346046,81.94182679316012,1330.1485306987743,1420.0,0.5052045395008207,0.5
1788712909751,99.49534018208661,110.9691709984006,-1.9074627161026,94.73526152953049,115.98271074937394,158.41126403186348,151.01564220131618,1291.2931953528177,1380.0,0.47126053103755117,0.5
1788712910035,97.63980414923722,112.34073188361221,-3.026527166366577,93.94843684720963,115.71412658594879,218.72464970166857,217.09211606206466,1296.411919957052,1380.0,0.46288787019515615,0.5
1788712910304,94.61767001414862,110.32240980253445,3.1318652629852295,87.24365679356218,96.50005847654924,218.46190853614002,218.107305749575,1456.7398292634798,1360.0,0.7149793868206287,0.5
1788712910551,91.27725916584646,105.108123539001,-2.938215970993042,83.21988052360798,90.59291711032168,201.68908855133589,206.04157267878767,1522.6370027525245,1440.0,0.7066751044477956,0.3670889200715117
1788712910803,87.83125269131398,99.23333115465059,-2.7242848873138428,75.69844729253938,81.25783195693953,197.16574444465124,197.55370611866806,1605.335849471597,1480.0,1.0,0.38213003848761906
1788712911058,81.99642631951279,92.616927980438,-2.6839730739593506,62.706597537874984,71.92095497197693,194.6590531793506,194.79135111607542,1688.6409370630677,1580.0,1.0,0.40529875048039155
1788712911316,74.41204882043553,85.53387018639273,-2.65741229057312,47.62138613002734,61.202503970795405,192.45454059373984,193.2621161851287,1737.0737607976366,1680.0,0.7841427592611444,0.4337216845806616
1788712911588,65.02022810808317,78.0668195589321,-2.6388471126556396,41.35663325976587,61.01188375566854,191.18721780527997,189.8122019618403,1748.3342500868491,1760.0,0.7373660602371404,0.46872737617797094
1788712911849,61.1741241695374,75.61019296721211,-2.664436101913452,58.601000147807824,74.31497087079298,192.50154861121723,192.7252360879761,1708.2305703218512,1780.0,0.6551101783209601,0.48481784073452167
1788712912112,60.97265528881644,75.51649679349164,-2.6643588542938232,64.23444186746393,77.19530810021456,192.7853672541815,192.84002413370177,1680.5479859138356,1720.0,0.6622325311390681,0.4861727882557895
1788712912390,61.00173109159695,75.52523395207923,-2.6626670360565186,63.38600988357278,76.59998009137826,192.68349962579506,192.63599092360258,1680.7818515805693,1720.0,0.6692888906122848,0.48602321723508335
1788712912665,61.00332665631152,75.52461398868111,-2.663350820541382,63.38227246003403,76.6221124441458,192.7781547998378,192.76636329893117,1678.0273175552202,1720.0,0.6689643837074911,0.48601024567381207
1788712912926,61.013077863558074,75.53311565729577,-2.663503408432007,63.10802985429809,75.77795042244715,193.0823284253508,192.71797489337536,1678.3331673568082,1720.0,0.6614057994138717,0.4859618694124323
1788712913204,60.13426292599656,74.94301623246801,-2.6524055004119873,51.340235655618756,69.11423563112176,191.35264203359807,192.4701212856031,1726.3063323585454,1640.0,0.7940880012469748,0.4878702097026221
1788712913452,55.73774202602116,71.07042207492619,-2.373203992843628,34.995533183874876,52.918692199992606,173.44702280877394,173.2032455777965,1767.1185676069076,1700.0,0.792222675230951,0.49500154057819346
1788712913707,48.69137741449311,63.398913285863685,-2.334885358810425,22.247619773947,28.453328889324062,175.26079366938833,175.0271714375326,1854.1191141180896,1760.0,0.8532683669478539,0.5149241188234972
1788712913985,43.287670706200785,54.643492210568404,-2.726562261581421,28.45798708253186,23.850512307891364,208.6218547465789,204.21417202053638,1885.7866051502006,1880.0,0.8075476368188176,0.5684682634300238
1788712914293,35.4171608752153,49.409218134842526,-3.0676352977752686,11.53520075853034,50.64507615419199,217.10141736813978,214.6760454315045,1793.6884047891385,1880.0,0.6824381322773501,0.6066704014435953
1788712914583,28.571248692790356,53.98790254367618,3.127230405807495,25.125501651300493,65.82149981734378,215.9282693771324,217.52540687581765,1759.9644286750297,1740.0,0.7655703473165006,0.5852545485751364
1788712914864,27.35146349809301,61.40259269654282,3.137678861618042,25.22498757121673,72.12752473564333,212.04870694358516,213.15009974339952,1752.8838479334954,1800.0,0.6843042069415007,0.5327670347537539
1788712915128,21.313147357129676,64.54833984375,3.0897786617279053,3.2944860503576336,60.7124104026615,216.1154074742876,214.09541348640292,1762.66015583722,1780.0,0.7227703317532833,0.49712541522219894
1788712915378,20.239510123185287,61.82736374261811,3.122373342514038,27.653014176702076,56.09155467724,216.24380233153485,214.2960348813433,1779.966576172024,1780.0,0.744089796583938,0.5
1788712915638,23.431468573142226,58.030707892470474,3.120725393295288,26.305966081540838,44.681276313117394,219.68659731862394,219.80266999983263,1795.4824134612147,1800.0,0.7339998349803305,0.5339527395097672
1788712915931,19.295195331723672,55.35981426088829,3.133864164352417,-1.1407244791510216,52.6018189822675,215.17407176069162,217.27914976581184,1781.7652410288933,1820.0,0.7134094569491203,0.5
1788712916239,9.317682221179872,56.77799735482284,-3.1047885417938232,-8.500241384656373,58.55602722811936,210.17789074077157,210.8642865384754,1764.3558791320381,1820.0,0.6859730871640394,0.5
1788712916523,11.421070249061886,55.06888322004183,-3.0847461223602295,25.77677394379281,52.529649692551885,212.4954188718034,211.33424961102565,1780.2479150157305,1780.0,0.7443819965263766,0.5
1788712916808,21.364503394900346,54.73181536817176,-3.07572340965271,47.330838155469564,54.678723615182676,217.7024767879289,215.93056124172938,1764.608759774697,1780.0,0.7320775118586335,0.5
1788712917055,29.425515002153052,52.56097748523622,-2.780059576034546,45.65018880538489,42.20498852821443,198.86096670987104,201.02010503477277,1816.9626057143419,1780.0,0.7577205511919777,0.5709600719727517
1788712917353,32.565732940914124,45.01154862050935,-2.6371371746063232,34.12031240402005,13.376541225480397,194.8802659842704,195.7688991575014,1972.9013355609675,1820.0,1.0,0.616212701854242
1788712917624,29.304268904558317,37.719409371924215,-2.585442304611206,5.935567897035877,20.09564458156151,191.43881379991876,193.4503531082803,1856.1506041123937,1880.0,0.7963316992170126,0.6631521377923466
1788712917883,19.22335046482837,32.85036822942298,-2.5548112392425537,-14.862177700713666,20.43189042224996,186.1852674411569,187.00071505649768,1799.9305775725168,1900.0,0.0,0.5
1788712918140,12.113086370032603,29.976119394377463,-2.527362585067749,18.58826076256954,31.151310498601816,183.4326863577823,183.44047342177197,1809.7132813745254,1760.0,0.7997291675086386,0.5
1788712918423,18.739618016040232,32.47724878506398,-2.562345266342163,41.44894583329713,41.977366814705405,189.81311611886704,189.8964843783516,1847.180326884113,1780.0,0.8373633645934231,0.5
1788712918732,30.241598294475885,38.37975449449434,-2.577901601791382,53.02853501233018,54.732101635788894,192.03790382218017,192.08605948287126,1773.4147113834445,1840.0,0.7058571535690464,0.6784675820802969
1788712919009,39.09896970733883,46.754169614296266,-2.5978047847747803,54.44121874026093,64.85785600280023,191.10175540536113,192.16826451543267,1730.0269815811141,1780.0,0.6820536509728823,0.6332499199567095
1788712919267,47.70100270669291,56.178867610420774,-2.6021029949188232,64.51065749495591,73.00992154800439,191.17036208634036,192.2120117275236,1691.8589204473305,1760.0,0.6482850048861188,0.573079235774564
1788712919527,56.8624709722564,64.81245866910679,-2.545677900314331,74.56405017248208,80.88122993115626,187.87756091870452,188.9258867371865,1654.2363874436537,1720.0,0.6360483271225814,0.5301212293889757
1788712919796,67.3386413093627,74.04401644008367,-2.442491292953491,85.61927523912341,88.60052080900846,182.73625519284496,183.92221868446728,1534.252699171052,1600.0,0.6281611847201294,0.4748118549240382
1788712920039,77.71681417630414,80.79250545952263,-2.0772626399993896,91.91799491911296,90.06394541185927,160.5895218335886,164.60878897366678,1433.3375818759287,1520.0,0.5363930857763026,0.43838716841056063
1788712920335,86.86340812623031,84.77734182763288,-1.30666983127594,100.45208861982863,88.64429877621873,115.23343505840919,124.3868907321243,1411.9264163684904,1400.0,0.6151229005874906,0.40843411371993443
1788712920605,93.67688276636319,83.64352969672736,-0.5879007577896118,103.45278321254966,80.02752211289233,81.52598063813085,85.60022359800249,1508.8289815327066,1420.0,0.7198815219354883,0.3917221321367018
1788712920874,99.63760496124509,78.08521180640994,-0.38452398777008057,107.21856515114341,66.27893782606745,86.08738435230218,85.21307424790612,1560.503654497317,1420.0,1.0,0.5
1788712921149,107.88649191067914,71.77625761257383,-0.37266409397125244,124.94491068797389,64.26870072613913,98.07652197289934,96.23149786709745,1585.4976740723043,1540.0,0.7184945516490425,0.5
1788712921445,119.43370909202756,68.55587936761812,-0.053829796612262726,136.35418594908919,66.46243981419258,81.62471527438355,85.36013446723415,1579.0272106576972,1620.0,0.6232272409337046,0.5
1788712921726,125.57900736651084,67.71916907603347,0.2209237664937973,115.43478184897077,63.4118671391815,64.16402263241247,67.37123074152828,1582.6890073949278,1620.0,0.6221316333200566,0.5
1788712921975,124.29092527374509,64.16509192759597,0.21342025697231293,125.67572668046608,56.12649671850957,68.04388539341033,66.86230564629034,1677.439670865207,1600.0,0.7765185981358028,0.5
1788712922251,128.4571273683563,60.826127660556104,0.41342294216156006,135.61843839252595,55.18534442827989,56.76877670013846,59.18993666758814,1633.7593518012823,1640.0,0.6788398022833506,0.5
1788712922531,130.85774098794292,58.68616299366388,0.7000211477279663,127.56137587372683,48.745594348073176,41.142968409437344,46.29961753013521,1660.0722098476908,1640.0,0.6879892488727786,0.5
1788712922772,129.79698841966044,54.891679418368604,0.7193073034286499,124.36020783988255,46.86293497932432,42.0114653437397,42.141092160908784,1703.8819169033516,1720.0,0.7310246789025775,0.5
1788712923063,129.23486904835138,54.407045859990156,0.7271465063095093,128.64079452908643,53.83672423433604,42.349708317956015,41.32201718745006,1655.1513805488246,1700.0,0.65382767076101,0.5
1788712923349,129.23912709153544,54.42119448203741,0.7285817861557007,128.16525733297496,52.538857886427174,41.461235070487476,42.06300969260923,1647.965791475553,1700.0,0.650081281407027,0.5
1788712923631,130.88269331323818,55.95855953186516,0.7451080083847046,134.8296495277289,61.66807647760093,44.4306821632689,43.02922660672061,1619.2839643117782,1660.0,0.6722420520385576,0.5
1788712923920,130.23943082554135,59.54447588582678,0.5908693075180054,126.89721244863888,64.62394114524284,49.485228236956516,47.60842984206238,1590.947397745501,1660.0,0.6114857891015784,0.5
1788712924222,127.76981383796753,63.890289546936515,0.07642208784818649,119.22250076776582,70.08715861153608,77.96869765033534,72.13313751584792,1556.244608003791,1660.0,0.0,0.5
1788712924483,121.49797574741635,66.65855587936763,-0.22145713865756989,103.37263405077358,70.73217410134524,82.56042173986124,84.95504003102182,1548.75473708815,1540.0,0.664450232275219,0.5
1788712924759,109.28637887549213,68.46038578063485,-0.24187816679477692,88.4534337789301,71.83902779667068,68.4203890252915,70.59491529371462,1560.1422285806075,1540.0,0.8643716595968085,0.5
1788712925038,94.80553334153544,70.34103753998524,-0.24273552000522614,68.39625312948053,74.88332268540441,59.782719247628286,60.49557569050781,1688.3474426999883,1640.0,0.7612179989940965,0.39421020180226435
1788712925300,80.76185331569883,74.39827986589567,-0.3086172342300415,59.87967202015363,84.97238008962947,57.97092907356643,56.5828453284961,1669.993652174662,1660.0,0.7207037981385358,0.4347302175231109
1788712925577,75.26802123062255,77.52286655696358,-0.49130117893218994,75.72705331602815,78.20345956674268,73.2919401405707,70.49064397829797,1649.3309394383868,1580.0,0.7536437728021401,0.4517726950811717
1788712925837,78.96783783679872,76.63122943067175,-0.4719759225845337,86.71654586595899,74.90964128933558,77.17977745587959,76.61928933546038,1585.712407928258,1560.0,0.7132234547221841,0.4430622065534125
1788712926144,88.23118194820375,74.23254779004675,-0.44047605991363525,104.8956044110729,70.57423838341931,84.30133312271715,82.47232812552437,1531.2535134604257,1620.0,0.5613182076679795,0.424710376453688
1788712926414,100.43183093934547,69.26382950910433,-0.41004812717437744,118.9295138799936,58.82344922506972,95.99464315609215,92.4697517436943,1611.5683431341554,1580.0,0.6825028425666436,0.5
1788712926673,110.70299043430117,62.79241126353347,-0.38693106174468994,129.8676423725135,49.94462153917009,102.07698882203584,100.61456808794578,1653.541046455201,1640.0,0.7038881469466799,0.5
1788712926934,123.30662524606299,57.408562607652556,-0.10035861283540726,144.6048145276574,52.17219885676176,91.05545237276625,92.26573090989875,1649.86093230039,1680.0,0.6730233362776198,0.5
1788712927224,133.20603738619587,56.3042251707062,-0.10718787461519241,118.98218332261844,58.83814633468602,96.25065499792683,84.73895386144686,1634.8277093135325,1680.0,0.6514399024365641,0.5
1788712927525,123.71795414000984,57.113133227731296,-0.10679591447114944,84.95909050661072,61.22253850842687,76.29962558076346,77.87296085943342,1631.1893790042757,1640.0,0.6526320606846179,0.5
1788712927774,111.1357344980315,59.64228111927903,-0.11672557145357132,90.5562772032871,65.66379977030742,65.66479782698309,68.7981779282608,1575.586453081814,1660.0,0.5789812450519484,0.5
1788712928036,100.83014540784941,64.17177215335876,-0.4522510766983032,84.35521848268495,73.90061112950475,82.86168937857627,83.91100338257004,1592.040583136151,1660.0,0.610082211497779,0.5
1788712928289,90.33262718380905,71.41634723332923,-0.5017944574356079,70.38001017816823,84.81299740156248,70.27608115604312,72.76588799163298,1587.4916738934878,1620.0,0.6730993356555716,0.40768994337212233
1788712928549,78.86230468750001,79.92781992033711,-0.5200735330581665,59.81952682402207,93.52570731477684,63.74858254463995,61.77050941487441,1654.095973317203,1660.0,0.6946892038133559,0.43647586228023094
1788712928831,73.84455643300936,82.57379967396653,-0.6599375009536743,73.22135171122,80.30631669585999,80.44043101586269,77.41061273305394,1620.9518841156644,1660.0,0.6308901438292067,0.4509786066779537
1788712929112,78.05467500461369,79.5344315175935,-0.6795154809951782,86.10929191056144,74.47822483907477,89.48034153532603,88.74180927240887,1598.1401854761612,1640.0,0.6328870874738979,0.44237339101253875
1788712929405,86.02396807332678,72.85927599809303,-0.6647344827651978,97.75680317002654,59.389325462727726,97.17673007737983,96.77023026005517,1561.6333450154962,1600.0,0.6093681655295631,0.42465221054459834
1788712929706,93.57084499569389,63.33133727546752,-0.3800541162490845,101.94487937436841,50.938511294114484,85.98407359360961,95.61385086655343,1678.275203094906,1600.0,0.7594227455659616,0.4354182911275764
1788712929990,100.78273022268701,60.034069151390256,0.2930110692977905,110.84930772714759,61.85777816746577,48.24875687246811,58.822833591767164,1614.6448513379128,1660.0,0.677922085025642,0.5
1788712930265,105.5417038324311,64.11393293245571,0.4742168188095093,105.9613091282752,71.43130478926649,39.29056245207431,40.6872399652388,1547.0490180833183,1580.0,0.6359029946881697,0.5
1788712930530,104.29700956569883,67.87405419537401,0.1338409036397934,97.00550115655497,72.80105034561838,56.22571574890782,49.388114878482725,1527.245744169798,1580.0,0.6072483352178332,0.5
1788712930802,99.91356076218013,71.32740891824557,-0.39584410190582275,90.80666185469423,78.23515147632882,79.63543902235678,76.41198533549547,1544.2575937307079,1560.0,0.6275168379216488,0.5
1788712931064,94.05962606114666,76.13949272576279,-0.9674574136734009,82.78432181083275,87.14366845246379,108.6805931276748,107.56393140752976,1549.1387054290392,1580.0,0.6218679435453058,0.3913715756787949
1788712931310,87.51534048966536,82.61245847687009,-1.1214710474014282,79.3790135395143,91.9539143722583,105.60354221081948,104.71788792345475,1536.4647112196672,1580.0,0.6065310635725668,0.4056719380374227
1788712931582,86.4555298812746,84.75095733882874,-1.1372486352920532,87.51276065526143,87.00428233851203,110.88935809353356,110.67058501319043,1490.11325918235,1440.0,0.6923017745716947,0.40813169979947284
1788712931854,88.20384588767224,83.83431502214566,-1.0017229318618774,91.42664325381003,83.1586907133553,103.28533854986406,105.42326570407204,1514.2658086533568,1420.0,0.7346325486674622,0.4048759834456943
1788712932113,92.7395750030758,81.3174558624508,-0.5622144937515259,102.45268799558522,75.22783106265938,84.07095303661313,83.54470025360722,1528.0869251396796,1500.0,0.6775023090006231,0.3964513386671053
1788712932396,101.37819305179627,75.39050004613681,-0.4696851968765259,116.68542056051166,64.36491663133154,96.73782090112526,95.9227594370635,1582.536188943998,1520.0,0.7205958891749535,0.5
1788712932675,112.57601039616141,67.48779777466783,-0.44985926151275635,131.6134741805438,54.0347447069028,107.06551379943278,103.9018011398523,1633.1805852245784,1580.0,0.7185080696373046,0.5
1788712932939,123.68143877645178,62.99659548781988,-0.10058463364839554,140.90433886729235,58.5394164537179,90.26177524796589,89.21188297053486,1619.2934603920899,1640.0,0.6706821718400272,0.5
1788712933188,134.7588774913878,61.79219403604824,-0.06481040269136429,138.2447331059793,61.02717568381,87.18234395893617,85.10296366475761,1620.8707955100574,1660.0,0.647097129172686,0.5
1788712933486,129.90833192359744,61.89108540692668,-0.09350074082612991,99.66992598472466,62.90566405720586,81.65311742597193,85.03692939461098,1579.9647316004143,1640.0,0.6325647910883606,0.5
1788712933763,117.98300435223919,62.752397191806104,-0.10119689255952835,95.8475931970157,65.49818157132846,69.48687605928112,73.72420501295112,1686.7570959385653,1620.0,0.7032343458766946,0.5
1788712934075,102.77876245693898,65.57849313330462,-0.12779296934604645,78.97222416086834,71.47287323390296,59.47772951408912,58.63031544711583,1650.373631317312,1640.0,0.6771775531458103,0.5
1788712934353,90.40129413754921,70.86482491080217,-0.6722084283828735,73.78955777232017,82.17190403753274,89.93968961662634,83.31830931646437,1626.4307386598095,1680.0,0.6651472323391835,0.4062523600847806
1788712934629,81.08418622354824,78.2086181640625,-0.8900781869888306,71.99333056800536,86.57686535977376,90.87452423798575,88.49505414678393,1556.4566309527527,1620.0,0.5927898935703447,0.42987967069478905
1788712934897,78.9262618417815,80.44472521684301,-0.8997408151626587,76.25636814468558,82.66755364369648,94.11894386013635,95.53571168196365,1583.834751241581,1440.0,1.0,0.435804714160879
1788712935152,80.25309404988928,79.37012679933562,-0.9003149271011353,83.99208005006508,76.18567466593595,100.50731470563355,99.32210765516675,1600.2130939266185,1460.0,1.0,0.4337590712262954
1788712935445,85.53655188853347,75.56070643147146,-0.5280300378799438,92.83554012899985,71.38415711072184,79.08944557597613,81.83026421602146,1537.5284383284495,1560.0,0.6454253811856421,0.42349564511189214
1788712935738,93.68641770730808,71.72177292230562,0.08997093886137009,107.6382645637391,65.3484373699175,52.42066669206554,51.6818289071725,1558.448772804329,1580.0,0.6258872132993453,0.4055242399253559
1788712935985,103.66729015440454,69.85541396253691,0.20402942597866058,123.86890247571196,70.14290121116277,61.983354246838644,59.75807038996089,1559.1353126045542,1620.0,0.6103771058435163,0.5
1788712936267,116.76489642285925,71.59633366141733,0.22216545045375824,138.09259248286833,71.22834080926411,72.70588472641003,71.06454624601588,1543.096487953387,1580.0,0.597984377539228,0.5
1788712936546,127.58056640625001,67.52973901943898,0.25023019313812256,137.0691522432798,54.61231923577432,73.79058384506243,75.43967928389822,1626.782527377521,1580.0,0.7318779379792375,0.5
1788712936828,130.9000042292077,60.20445816160187,0.610526442527771,133.92891672938873,42.95675106297199,49.48507591632995,49.073143497132605,1678.3993999388185,1600.0,0.7791624305159179,0.5
1788712937154,130.83449956938978,51.78449014979085,0.8896898031234741,130.17505831895164,33.20016553527908,33.955309837112225,37.38814444006647,1755.943433509763,1720.0,0.7793752864701134,0.5
1788712937417,130.7303264948327,49.46824441744587,1.033978819847107,128.91635513069468,47.28991134338557,25.375118072381326,24.29236364445768,1690.0818607685821,1800.0,0.0,0.5
1788712937707,130.74904073880415,49.50536532664862,1.0335334539413452,130.03849518740768,48.14756269095123,25.563550179992262,25.111802208439997,1676.8849283911243,1700.0,0.6862662435137811,0.5
1788712938003,130.75974832369587,49.52248400590551,1.033185362815857,131.60499647106255,49.32481501880013,25.50959965766333,25.3832402932357,1673.0911572157029,1720.0,0.6623557423612602,0.5
1788712938304,130.76320858452266,49.539463313545774,1.0328611135482788,129.57381190148266,48.095699136189054,25.303618582591525,25.53593104149911,1679.1348874392197,1700.0,0.6876176295249606,0.5
1788712938565,130.7627087690699,49.54439899114174,1.0324233770370483,128.30228884172783,45.37313713307539,25.386078839692914,24.958394850651416,1675.3945890616603,1720.0,0.6687492301424467,0.5
1788712938856,130.77666515440453,49.55836498831201,1.0322774648666382,129.57384725893007,48.14230411215718,25.28655089780665,25.17556227226794,1681.7479591962247,1720.0,0.6655928340743065,0.5
1788712939144,131.1840531957431,51.12480103500246,1.0388234853744507,132.1767999601175,57.46196888296728,25.544079555975372,25.740341283212445,1643.7317809493695,1700.0,0.6504079607016513,0.5
1788712939415,130.00091312438485,56.48587444635827,1.0306323766708374,122.31581596835085,65.0829252329864,22.543165283073392,23.967488868324892,1588.5771267048467,1680.0,0.601760663563555,0.5
1788712939663,124.88519623523622,61.220179279958174,0.8679765462875366,114.45566455579231,65.71847778402353,30.359255168196682,26.033210037375625,1574.3205003972928,1580.0,0.6613156059402201,0.5
1788712939935,119.48776605561025,64.11423089936024,0.260093092918396,107.54732329459405,67.25516401792945,64.47474943146017,60.560497187659905,1563.7995587638877,1620.0,0.6094361159828611,0.5
1788712940208,113.44966858390748,66.6964217058317,-0.33686697483062744,99.47471435417513,72.87980624990564,91.99632327845535,88.6904383546163,1533.0453958608482,1620.0,0.5677537360016971,0.5
1788712940451,106.64324903112697,70.28634138933317,-0.9305959939956665,95.10358008792814,78.83174071519261,118.62482459088191,116.67456109204534,1531.3643697751015,1600.0,0.5859661345627031,0.5
1788712940710,98.7356399175689,76.12169160617619,-1.13332998752594,85.58983219242059,88.17364101431457,111.92478387739948,112.76311629525193,1519.3830043897972,1560.0,0.6029109503452289,0.5
1788712940983,90.19879198449804,84.40496009165847,-1.17416250705719,79.41555785606478,100.38699389678398,103.66083302044545,104.13126966283531,1528.4065153500926,1560.0,0.6155655807743764,0.3949906411083263
1788712941257,86.53561569574312,90.13397937684547,-1.2011610269546509,84.80793835463724,94.77445688929537,108.7974809737722,108.0319705093816,1498.4151453456714,1460.0,0.6852734392623467,0.4027510648798166
1788712941520,86.58215620386319,89.57494540477363,-1.1995187997817993,89.29319279794336,79.44599441053046,114.45207395417634,113.71340169070437,1536.5773587172328,1380.0,1.0,0.4031283725335705
1788712941767,89.28567721149113,82.46511864849903,-1.1887556314468384,95.21540697767486,70.48845523131178,125.06449171237779,123.8720637073304,1528.9518624785424,1480.0,0.7125672665329381,0.40150924112285685
1788712942048,94.76903720164863,71.67067159817914,-1.1581751108169556,106.07826189478288,53.097877510329354,131.48926873676118,131.74902547669154,1639.7274541355039,1580.0,0.7516357235513846,0.3945828416456842
1788712942315,101.71846164493111,59.83230710968258,-1.129388451576233,113.73278489336845,41.771881161457316,138.26572815906002,136.937695958181,1745.3902425676647,1680.0,0.785988120268599,0.5
1788712942606,109.64258389210138,45.52096629705955,-1.1064897775650024,121.33807699626465,23.19170112129443,142.49185953799366,142.72139648195588,1808.9781669479496,1760.0,0.798035055460875,0.5
1788712942901,115.42685200848919,29.531624861589567,-1.30917227268219,118.99017404139957,9.247935195537906,159.4420803651642,150.66079374998785,1836.8090766807347,1840.0,0.7501789081369472,0.5
1788712943172,115.02497154896653,19.346457654096948,-1.6970878839492798,113.59681038185141,4.0282325336965235,178.14395280596685,179.65817383912488,1867.2592022522829,1900.0,0.7437627441946625,0.5
1788712943458,114.73132997047244,17.15413972148745,-1.6813284158706665,114.56211384417098,10.11142165055654,175.07686787254332,175.09788592813337,1851.175351953974,1920.0,0.6957562394988626,0.5
1788712943719,114.31854968934547,14.715333473025344,-1.682294487953186,114.22451559699556,19.251717424182928,174.8871583168522,176.55941738859428,1855.2152683739896,1860.0,0.7847261007184926,0.5
1788712943997,114.1237562284695,17.13459885965182,-1.7190243005752563,111.82694891494837,26.36369083774155,177.08537016352963,177.11424755163733,1839.0213310406666,1880.0,0.728947248567001,0.5
1788712944240,111.24316598486713,21.763384961706446,-1.7159820795059204,106.0820380086406,31.13728649714738,171.7262082468101,173.21479970746407,1845.1140405935748,1880.0,0.7235636864900669,0.5
1788712944513,109.66582531065454,19.95751929095411,-1.8012186288833618,108.16989878247595,1.6273938421976712,180.76366512452032,180.5599283403437,1883.851381001263,1860.0,0.7988154060319932,0.5
1788712944835,106.93743848425197,12.490146666999877,-1.6629244089126587,97.11404740725237,17.70070609727744,167.9953254564996,178.6359755883881,1926.3700202158698,1900.0,0.760115930146489,0.5
1788712945104,101.93863996370571,16.217283714474657,-1.6188312768936157,86.9449856362921,33.15531155397336,162.15514484204465,162.64770135399158,1871.1034987072858,1920.0,0.748475661901913,0.5
1788712945367,95.46828863188978,22.271274356391487,-1.582323670387268,77.25938695308545,35.99518841777338,156.3996369475944,158.20708934828684,1820.363593435423,1880.0,0.7180689222730087,0.5
1788712945676,88.97830993171752,23.145910548412896,-1.052899956703186,75.43260531389285,16.30095034649973,120.95973681811722,125.94472133437651,2088.161413870611,1860.0,1.0,0.7765602538277173
1788712945937,85.70977639025591,19.479504682886322,-0.5374475717544556,72.59984166442815,8.473794715153765,90.64530614219112,98.60420831337566,1968.7789868349323,1900.0,0.8896861317613683,0.5
1788712946212,82.37411378875493,16.513304222287157,-0.1354595571756363,76.17337343056617,14.327814386860723,70.30406228292418,69.34650551453342,2011.260273031356,1960.0,0.8730376792675166,0.5
1788712946473,82.16855507197343,16.52167973555918,-0.13304390013217926,80.27205146478937,16.932169143327396,72.38394508964481,72.58452538797853,1972.4017567197907,1920.0,0.8825181255989966,0.5
1788712946738,82.19498761995571,16.55173474409449,-0.13338913023471832,80.41636440325347,17.095693859615903,72.18107960186762,72.06228381269003,1985.2895990662298,1840.0,1.0,0.5
1788712947012,82.21647007258859,16.551159235436145,-0.13305343687534332,81.34905780340497,16.526573972455658,72.05282748842606,72.03448936236836,1982.0294281946803,1800.0,1.0,0.5
1788712947318,85.56292676550197,17.03371303288017,-0.11316359788179398,94.35422803890897,18.96171065143589,73.8443737610873,73.30220947774139,1913.4241448628889,1840.0,0.9138500948905427,0.5
1788712947565,93.90248216043308,17.77974286417323,0.03422676771879196,109.23500341325959,19.268402959599342,70.38084626237577,69.66091401741441,1869.5097278774435,1900.0,0.7639226536090372,0.5
1788712947845,106.08009158156989,18.532209020899977,0.06672798842191696,129.80234107464366,19.2008702409709,76.77681802656616,74.63591650464468,1809.9589015817787,1880.0,0.7115655063789379,0.5
1788712948120,122.04774390994095,19.116428405281127,0.03850304335355759,149.06780647610015,19.895961783914597,87.55425893239612,83.48648070093469,1754.2429442911605,1780.0,0.7173187773047233,0.5
1788712948417,131.54346856545277,19.261539489265502,-0.2807050943374634,128.6069866013704,18.34276758836698,101.41421460205285,115.12520632294918,1779.0543871387436,1780.0,0.7068882142009253,0.5
1788712948744,128.52151705524116,20.4111510749877,-0.062382347881793976,117.22933540638032,23.155778511605405,84.11081388060518,90.99009227552484,1826.1946653492046,1800.0,0.7823250629006786,0.5
1788712949043,118.68489903727856,20.808766282449557,0.1325906366109848,80.33500190452166,17.709102356465262,66.17345326844543,67.06659671642461,1923.4885199206224,1820.0,1.0,0.5
1788712949336,104.65574249507874,18.820430725578248,0.12421833723783493,60.681056124297584,12.774196482876063,59.73572662891115,61.940076876285445,1983.8641325459432,1880.0,1.0,0.5
1788712949609,97.09349624753936,17.873991718442422,0.11728512495756149,85.93746289391976,16.447396131190192,61.67038698676237,61.50618702713547,1954.157065007954,1960.0,0.8250314365527757,0.5
1788712949864,94.9822373277559,17.452999325249138,0.11578785628080368,80.14456950420599,13.85673896133223,61.447327285887525,62.03955009343588,1964.0594756447495,1960.0,0.8042655448126552,0.5
1788712950130,92.93356106975885,17.09815077894316,0.11886727064847946,89.1904724511576,16.65229381634166,61.12340547370292,61.46216811237997,1944.5726563490714,1900.0,0.8548149424159445,0.5
1788712950396,92.92325718196358,17.085067869171382,0.11887966841459274,90.78027811999263,16.610799812196827,61.89904809636033,61.863266579836875,1928.4804248520545,1820.0,1.0,0.5
1788712950659,92.9219115249754,17.090857798658956,0.11917435377836227,90.91636032200094,16.884699634425694,61.8305067142079,61.95097380145745,1927.4276522539171,1820.0,1.0,0.5
1788712950928,92.92074849286416,17.088474063422737,0.11884438246488571,90.86548963686761,16.78590814532376,62.018476824067534,62.030648760335,1929.6321210207468,1920.0,0.813769052821054,0.5
1788712951197,92.92103684793307,17.14968103123462,0.11962448805570602,90.96715825863568,20.951887878745218,61.868321685556396,61.86728225567737,1924.2233361614135,1940.0,0.7909527198160863,0.5
1788712951485,92.97875592089076,21.37930802472933,0.17162548005580902,91.42001471682589,34.85741311502596,55.672467971185256,59.32505141122476,1843.9073103733488,1900.0,0.7284192950410802,0.5
1788712951741,92.78099240280513,26.81377500999631,0.696799635887146,87.5750798859506,38.96130164597088,22.2,20.649778437027862,1813.6149677229382,1880.0,0.6920812084345668,0.7818910681423592
1788712952016,91.16938553457186,32.39767720380168,1.3100045919418335,87.23485919798283,42.94087401610729,337.8,343.07998677498404,1779.2638906608522,1880.0,0.0,0.7421783446545677
1788712952261,89.78965458907481,38.82245401697835,1.8135637044906616,88.98119645468454,53.18331071741575,311.60275783474367,311.9019467152917,1710.0158035079146,1800.0,0.6480148283153128,0.6908654670676591
1788712952515,89.50352946604332,47.82563937930611,1.9031671285629272,89.62761455328858,62.70252064437246,309.0427835505551,309.1097368733407,1620.0577378212429,1700.0,0.6070959671151608,0.618908173288987
1788712952786,90.27898352915847,58.11518631582185,1.683270812034607,91.45601674581212,69.06490176280755,327.8318699670503,327.28945352037476,1536.340901822076,1440.0,0.7395581623385532,0.5299880887487087
1788712953059,93.34449587844489,64.99738077479086,1.055615782737732,100.19127122650818,71.84054349789507,22.2,4.878591240571836,1528.1154858603459,1560.0,0.6183492526227203,0.4648059642735389
1788712953333,99.16533702940454,68.64095372477854,0.4567617177963257,109.9152813149007,70.49970856272718,46.97844590978224,43.2448778211816,1547.8933039581823,1560.0,0.6367984774948771,0.5
1788712953619,107.00921967273622,69.00856799028051,0.04169117659330368,122.40667803230602,68.63064171887518,72.53658154431764,71.84349752174637,1554.4346212290661,1560.0,0.6536675522401002,0.5
1788712953869,119.18666569266732,68.58178807055857,-6.163914076751098E-5,141.19731167756228,68.50328917055062,87.50777063013386,86.65594877985329,1572.2678567275047,1560.0,0.6790034889939365,0.5
1788712954121,127.60241410863681,66.52807040477363,0.1052011176943779,128.7780608586256,57.321526188493735,72.90376792984858,75.34556403735576,1615.4821581291071,1600.0,0.6761905477280878,0.5
1788712954406,127.9795729269193,60.32235693743849,0.3147958517074585,126.17563106271801,38.49243610932404,61.85247829529379,64.97804901681394,1737.3262932931561,1640.0,0.8195888312718158,0.5
1788712954664,128.01852969672737,54.586830439530026,0.8163646459579468,127.67604084230041,34.70812361078453,38.24133863804843,42.10599916283206,1740.5137413908078,1740.0,0.7431678180830048,0.5
1788712954962,127.69230399544784,50.60664139394685,1.2068103551864624,127.00002580490505,45.635129496554846,22.2,11.121942012660554,1711.3783156491265,1800.0,0.6447984023494997,0.5
1788712955209,129.37034787155514,50.595222533218504,1.19806706905365,132.57200247631386,49.51502315204374,22.2,16.358152086394625,1668.763342860124,1700.0,0.6792645096243328,0.5
1788712955478,129.62378314160927,51.04780542568898,1.19918954372406,129.2242668792491,53.19811334967803,22.2,15.317721976417033,1666.6539847877664,1720.0,0.65516654592579,0.5
1788712955758,130.24679349163387,53.46552330677903,1.206255316734314,130.6512611057636,54.70463925596424,22.2,16.000166933329865,1638.8657694419805,1700.0,0.6264051056782177,0.5
1788712956022,130.56005282664862,53.07172640102117,1.216575026512146,132.13779934084,40.60468936018561,22.2,15.661810195391126,1682.2427208070185,1680.0,0.6941077501808992,0.5
1788712956303,131.1719615065207,50.4166442390502,1.2287133932113647,130.0353433593487,52.210557688408116,22.2,15.035604278712526,1690.3404456577337,1680.0,0.7510444785957333,0.5
1788712956544,131.71243502399113,54.45902186115896,1.2333520650863647,133.08024407946976,62.025870960969904,22.2,15.532902191293488,1594.282946872267,1680.0,0.6183139667629841,0.5
1788712956828,132.3692501999262,57.29446531280758,1.2542022466659546,132.4693982150468,57.59797293198734,22.2,13.73827296655412,1617.2609193920655,1700.0,0.6113814996065084,0.5
1788712957075,132.5335933655266,59.999519408218504,1.2650970220565796,131.98108332751784,61.943897978931645,22.2,14.096289799705744,1596.757795892504,1640.0,0.6148549618032135,0.5
1788712957360,132.82911886380413,62.26467823419045,1.297009825706482,132.32423494686245,63.79974901166702,22.2,11.790574874714196,1589.150199761495,1660.0,0.5889517399354063,0.5
1788712957642,131.87558632197343,59.88761841781496,1.3026479482650757,121.71408324929703,39.46469041325858,22.2,10.914217450659805,1705.1486362973435,1640.0,0.7391254598918012,0.5
1788712957926,127.16659425750494,55.5299773929626,1.6006444692611694,108.45108065146432,45.20867020520304,337.8,351.64895910576286,1728.221492032291,1680.0,0.7866567080183825,0.5
1788712958173,120.46415554256889,54.03043011042077,1.754015326499939,97.65488410106956,50.254820724314705,331.34770509223364,334.35845957297295,1701.8221434135298,1700.0,0.717137666810297,0.5
1788712958437,114.68330923966536,55.29778427965059,2.073594331741333,110.77494490888111,61.47088902095998,308.3334367569608,308.8698530716739,1606.393202339496,1700.0,0.6175941341302255,0.5
1788712958709,112.91114626906987,57.7694533941314,2.1356546878814697,108.06295810638116,59.41464892911206,309.8565028765015,309.4141577427606,1609.637844523513,1660.0,0.6294805705458214,0.5
1788712958984,107.81228853961615,62.504926065760344,2.1794321537017822,97.17649300456125,72.20590205451248,296.2574576699199,297.83480961308317,1524.4225025132043,1560.0,0.6184701419892479,0.5
1788712959268,99.82778474101872,69.75695993017963,2.3126728534698486,88.60497234294058,79.10824590678575,278.34118270058923,279.2313321596045,1548.0342981485371,1560.0,0.6461381704746803,0.5
1788712959524,90.14721487450788,77.75153212659941,2.3445980548858643,74.94940103537034,90.17859366859854,266.05364101044387,266.57163042981847,1548.0238396673255,1580.0,0.6342712829146571,0.39593917041706245
1788712959798,78.82219449741633,86.96075679749016,2.353471040725708,61.89037161754647,99.64619813239072,255.7572679611659,256.4634994688056,1586.442709522381,1560.0,0.6863721604373906,0.42231331140058753
1788712960063,67.9240357406496,95.82642562746064,2.360245943069458,49.973981606449925,110.65181181514154,246.55290011374586,247.40799790522343,1645.105060916419,1500.0,1.0,0.44733164958851546
1788712960340,62.086691067913385,101.3281922828494,2.2914745807647705,64.19937480319705,94.57679017179198,258.69979271413047,257.5178262978843,1614.0103003968895,1460.0,1.0,0.46445926045768915
1788712960600,65.61906469149852,97.30667714997539,2.2678816318511963,75.70437579760112,86.39664336257707,268.9369736845258,267.6457930134251,1556.8974123215596,1440.0,1.0,0.4586699748755766
1788712960866,72.77155358021653,89.96400367556595,2.27435040473938,85.70724256048962,77.16066855448037,279.37069630017425,277.47146275141324,1587.3081985932308,1540.0,0.7236150092106327,0.4434898004204332
1788712961114,81.38789139394686,81.33286363496555,2.2799932956695557,99.88252939473331,62.5802188937096,288.67869692547544,288.8334363351097,1530.3202021536397,1620.0,0.5896926444439636,0.4248435661764441
1788712961368,89.05103308009352,73.9252670167938,2.1872665882110596,97.78630288879683,64.29871118241319,299.3760224807532,293.8738405716102,1557.398962248176,1620.0,0.6144699688158796,0.4066733991969326
1788712961624,91.80558332308071,71.25983290784941,1.3711284399032593,94.64862758469067,69.8442950716332,337.8,354.2966282610905,1524.5468033927534,1600.0,0.5922573205139678,0.41042545250947887
1788712961914,94.17940875676673,76.4695295198696,1.2130359411239624,97.92012879108852,88.83347969691448,337.8,346.400138172385,1497.7413346105106,1560.0,0.6194603460474793,0.39699256595436255
1788712962171,97.72305225762797,85.64955824003447,1.2208818197250366,106.78620786602025,102.9070049960323,337.8,340.9467364117409,1420.5235858924036,1380.0,0.6356230137065745,0.38063902831813184
1788712962421,102.96891340120571,96.4822219488189,1.2310785055160522,109.18075887262891,116.97379795443857,335.44702778518644,339.0969986320646,1409.530093331701,1400.0,0.6199453988609483,0.5
1788712962715,107.30556217704232,110.34196027620571,1.2426007986068726,114.8032500914121,132.88766725749335,318.2324276384375,324.9809817471957,1450.2476411027244,1420.0,0.6065277804812869,0.5
1788712962996,110.47354630597934,124.98044952632874,1.280035376548767,110.80409276565747,146.0862327674629,287.14455236108205,289.56389303637275,1499.5738675900564,1480.0,0.6550549477770822,0.5
1788712963334,108.26561154343013,133.83194089874507,1.8438695669174194,96.40281119971841,134.583855061275,254.30727307658015,263.44801263408476,1459.138425650389,1520.0,0.6003559104877034,0.5
1788712963584,104.28281288447343,131.99449434055117,2.280165910720825,92.58470887778854,124.102657597084,243.51463237497768,251.0858063070204,1348.4812831895138,1420.0,0.48149723834297764,0.5
1788712963837,99.0760238527313,130.6976558655266,2.511728525161743,80.26181771963581,121.83478939765205,229.7076331425904,228.14153101138933,1458.5933740661794,1380.0,0.7209910083278304,0.5
1788712964109,95.46546275221458,126.8125807394193,2.8249590396881104,93.69325707102863,111.66942115494447,215.971130957489,219.09128526767338,1318.4467895963444,1440.0,0.0,0.5
1788712964357,95.26145154096949,122.4931563730315,-3.0026044845581055,97.8670635226666,107.17187394744211,193.97115645831843,197.73747361745592,1417.1141797213804,1280.0,1.0,0.5
1788712964623,95.26902566744587,117.07501268762304,-2.4215450286865234,95.57215362659267,100.22984632648382,164.6634113986301,168.4184012784904,1421.6470228902795,1280.0,1.0,0.5
1788712964892,94.79031780573328,111.67441060223918,-1.8980770111083984,94.7885683988544,96.28684955470675,139.16950561427979,141.39990338809926,1409.8146277280027,1380.0,0.6462028722282946,0.3543688013068425
1788712965147,95.02684585691438,104.51936015932579,-1.315277099609375,96.32179755762236,85.3316220625297,113.00050131893816,115.90264738596792,1460.3692518239184,1420.0,0.6205649509268961,0.3628587844427266
1788712965407,97.8343765378937,97.86711445004921,-0.735771119594574,106.39604058458542,87.69531563018238,86.75488855919947,89.74147244277984,1440.1803082130552,1480.0,0.5724532360305827,0.36524238212671534
1788712965717,105.62439445435533,90.61160110113188,-0.4097728133201599,115.62656857413154,77.1911187341137,88.38846119654994,85.53681054812364,1462.4698385348665,1440.0,0.6129144517482458,0.5
1788712966033,111.69983390748033,81.83289054810533,-0.8723639845848083,117.48187653653802,70.5932429994242,122.7979926311029,112.72057131562559,1531.8245257695398,1500.0,0.6618563935912521,0.5
1788712966314,115.88847002645178,71.97587140901821,-1.1195316314697266,123.114093978435,52.75498927901475,141.90940308533882,140.13327440731433,1620.9033724759092,1520.0,1.0,0.5
1788712966593,118.41169222133367,60.64340185931349,-1.3878631591796875,121.41959387961148,25.017402623861784,161.41086002951658,159.80495200212874,1786.7056609231795,1640.0,1.0,0.5
1788712966856,119.15468711552658,47.45121993417815,-1.416940689086914,121.4181820660507,3.677650496353916,161.5805545129895,161.37609744274636,1829.4532880271938,1720.0,1.0,0.5
1788712967126,120.6550946573573,33.061958373062254,-1.4196281433105469,126.02240131699983,8.243501568058761,164.4756626771165,163.18754765239373,1823.372902929491,1800.0,0.7810485394465931,0.5
1788712967381,123.05936077448327,17.97533891332431,-1.4129104614257812,126.06649484325494,1.492326939565615,165.75440474967849,165.3633441472503,1824.994305374292,1840.0,0.750962265032183,0.5
1788712967685,124.73165677288387,19.04810267170583,-1.6651859283447266,125.68299528322471,33.0706358281301,181.39163411035878,180.51295378908415,1769.9832387699971,1840.0,0.6776331547722835,0.5
1788712967975,122.3157987819882,27.063872570127952,-1.6977996826171875,112.88792297333437,40.37566862168311,176.33752121413613,177.35330702312137,1749.5956201220788,1800.0,0.6793209375822622,0.5
1788712968251,115.52726685531498,30.913427157664863,-1.6200428009033203,103.42826841588021,36.467800456679086,162.24045879702595,165.11106771966723,1812.7799504345476,1820.0,0.7482245303079675,0.5
1788712968514,107.79297836183564,32.15697281003937,-1.353790283203125,72.2151691467682,38.16267092417579,143.02308020821113,144.52482126964085,1808.5677172095411,1840.0,0.758462386718464,0.5
1788712968777,98.92614649975394,33.85137843334769,-1.3100948333740234,77.65732231537619,40.96361204413152,138.04038867545643,138.79622731251027,1796.8029257291407,1820.0,0.7375690064352411,0.5
1788712969035,90.73146069143702,37.8068458376907,-1.2866382598876953,74.7825792411022,53.3791792579777,130.92118425398337,131.73137821168413,1742.411180199511,1800.0,0.6763356491536018,0.6645220552288023
1788712969312,85.04371462844489,48.51481279988928,-1.258657455444336,78.02226979736888,71.49626251720048,122.10911596299134,123.3766349661338,1674.2795041311338,1760.0,0.6246744978762564,0.5902869296618216
1788712969557,81.71359805610237,62.03288401205709,-1.248382568359375,76.238841380713,87.51473768661802,113.63057970955713,114.89708626914361,1574.8101306418926,1700.0,0.0,0.49106922836446887
1788712969814,78.44722717765748,76.18918591596949,-1.1720771789550781,74.3274771545512,95.89623037776875,98.82616089659999,100.86630095657605,1528.079525848758,1580.0,0.6023671097118628,0.43937814795366675
1788712970078,76.82687353900099,81.75969641978347,-1.0577869415283203,73.10757321643612,87.58992639590241,99.91964745093978,99.79067458064912,1564.2482888481024,1400.0,1.0,0.44017548882667457
1788712970379,78.13359298105316,81.37014794537403,-0.7426242232322693,82.77338539117002,77.77564349294556,84.43953289975119,85.29380134214568,1603.2308152230955,1440.0,1.0,0.43978713086039173
1788712970666,84.29658664493111,75.69329689806841,-0.6853827834129333,98.6585321535026,63.870243194396714,96.25929932461304,94.16524018387426,1546.7520024003297,1520.0,0.6920214255222681,0.42818571526514687
1788712970983,95.46055110420768,66.4130263441191,-0.3895644545555115,111.4857425666948,54.170082370464804,87.95367831560759,90.71402250616985,1639.4153820332697,1620.0,0.6986340320856114,0.41143617824244944
1788712971242,106.17605614849903,60.68532388041339,-0.17822833359241486,124.36081244362643,55.2518338501622,87.86774884757047,88.55097750404713,1657.3741769826568,1680.0,0.6835111229816976,0.5
1788712971514,118.16494678887796,59.730527382197344,0.1286964863538742,138.8348707965414,62.8388555578236,75.65933118637935,73.92460035557605,1611.61174908726,1700.0,0.6087883052707963,0.5
1788712971778,131.19590458907481,62.4271422859252,0.17192845046520233,154.16315484989417,67.11108147039887,74.36306921820739,77.37750318017652,1591.4680979022144,1680.0,0.5886111412371988,0.5
1788712972097,133.23030727116142,64.79740172859252,-0.059574078768491745,110.03526203542813,68.40712262181599,87.88756159898672,84.09948390112419,1567.4768584230349,1620.0,0.5879744774910611,0.5
1788712972388,122.4178572527067,65.58885469211369,-0.10950465500354767,80.16073825659441,67.62378458575942,72.63646767250756,77.46891018143974,1611.4896913942096,1620.0,0.557162624030028,0.5
1788712972667,109.20337106299212,67.50185027835876,-0.384910523891449,88.63191049781909,73.01221040653809,81.73717781111247,79.3001080570883,1533.0791048239312,1660.0,0.0,0.5
1788712972934,96.60227377583661,72.8913651113435,-0.5892886519432068,74.82491927730197,85.50978142654184,77.50871472676616,79.66716448809464,1582.9822008047279,1560.0,0.7110031501887794,0.5
1788712973191,84.09134511872539,81.9029800535187,-0.5911979079246521,67.0842212648485,99.23995936165738,65.53644160276218,67.17396755185126,1566.2805610866958,1580.0,0.6483211613669784,0.4183757895078463
1788712973440,79.24756628321852,88.4379517562746,-0.7122573256492615,75.88138794747387,92.56480757245009,80.08116578568837,78.72011268465961,1528.430134856848,1480.0,0.6942951781069479,0.4292383435353632
1788712973692,81.00546528973918,88.45239834522638,-0.7638911604881287,85.92098189264736,87.63922020362605,87.57358159844495,87.13206033137924,1524.9523673723038,1360.0,1.0,0.42483016866171464
1788712973975,87.03963152066929,84.14198988065945,-0.6480483412742615,94.8982634329308,78.75771207066407,87.71082549940041,89.5785379021469,1534.7699083421458,1460.0,0.7234364611444575,0.41110954641093517
1788712974238,94.5702163816437,79.51128621739666,-0.13348956406116486,107.53472348936414,72.60748415727178,62.96413963235304,63.41467727018778,1540.8665713261355,1540.0,0.6499672418147684,0.39476519783447805
1788712974494,104.97955562561516,77.88337287001723,0.004076051525771618,124.49775181697451,78.49826918317376,72.26167059591421,71.05598890824841,1466.6802063924033,1540.0,0.5742406033575382,0.5
1788712974758,117.67355130413385,79.31139848363682,0.033763933926820755,138.76263733175145,82.99446101813258,84.35274466892872,81.02045976766601,1496.2716075762823,1540.0,0.5701886369786295,0.5
1788712975026,128.47494771161416,78.68620624692421,0.03833012655377388,128.12451062268988,74.99148783141591,79.90856748753401,87.50862339190144,1516.6947164882056,1500.0,0.687427040610872,0.5
1788712975290,126.76476185716044,75.94525675135336,0.16043858230113983,119.95467946068177,59.118943703724014,68.59556287877172,68.6078612014025,1602.6066594051633,1520.0,0.7514444255146476,0.5
1788712975553,125.66041000246064,69.11149152620571,0.1642494648694992,121.576038131768,41.85229876004135,70.59466483470783,69.67511249107821,1715.4145931152414,1620.0,0.809050747113243,0.5
1788712975827,124.88479253813978,59.91717481237697,0.26144033670425415,119.89164596427956,34.592695453011565,60.84229453223446,63.30356080844109,1777.7369248242017,1700.0,0.8179622715929042,0.5
1788712976129,124.99295452448327,52.47065506582185,0.8660221695899963,128.35420431070366,42.403932147969954,26.106926924344577,38.49270977832498,1763.1250722855816,1760.0,0.7632367264911739,0.5
1788712976395,127.77222640871064,53.034129705954726,1.0863914489746094,134.38948493131008,55.54772296163513,23.809665723959824,20.819393913602596,1635.187069825463,1720.0,0.6146325375353855,0.5
1788712976661,132.33699287955218,54.77697657787893,1.0946273803710938,135.04249197263107,54.50487372841407,25.006448017441926,25.927161889927504,1639.7566923949555,1720.0,0.6092594884356636,0.5
1788712976976,133.02950641301675,56.08659398837352,0.9990578293800354,129.68459833242477,59.23950845448245,28.068260870124334,24.8779220928285,1627.5643291708745,1700.0,0.6282738331477478,0.5
1788712977271,132.01385257750985,59.29885984405758,0.5930100083351135,124.40808465877714,58.84161968942494,56.0945858365086,50.41052902196839,1588.4478440624812,1620.0,0.6471328409259486,0.5
1788712977530,132.37643024114175,56.84930756336123,0.602394163608551,133.32882345627468,41.23729861020176,51.602099818668876,52.023940702127845,1686.3920592939464,1620.0,0.7507323581158734,0.5
1788712977818,131.3757900928888,54.30792380505659,0.618873655796051,127.77590743226881,56.593444069456645,48.397294537966445,48.343629041748386,1637.0613461703224,1700.0,0.7297395720367593,0.5
1788712978066,132.45940921813485,58.060999592458174,0.6380940079689026,138.49159542886457,64.09284119547692,49.972761185052946,47.5404898233208,1581.975928760092,1660.0,0.6063684095436213,0.5
1788712978335,132.57146399790847,58.196252537524614,0.5032520890235901,126.4984276615861,48.48938255559399,56.18176782547107,56.362361308413256,1654.4703219904325,1580.0,0.7316613052649745,0.5
1788712978607,128.57260396161416,56.8888458492249,0.1245441883802414,108.49066306832144,56.70388740265872,74.72591780791123,70.36483521109017,1655.60974818552,1660.0,0.709003573599966,0.5
1788712978878,120.42478546382874,58.12894085260827,-0.008584928698837757,100.66764368924126,61.92446779733975,69.18955914863118,70.56328949946464,1591.9577150223054,1640.0,0.6231144460739477,0.5
1788712979149,108.67613304318407,60.425131489911415,-0.022870969027280807,84.73863625765217,65.44657084714066,59.7608711951674,60.33226348307681,1596.4396412667945,1620.0,0.6577017584807137,0.5
1788712979427,95.29381459153544,63.42360609159695,-0.10123057663440704,73.27363989987751,69.07494793233737,57.221395693471976,57.03190577364569,1697.7392696722297,1660.0,0.7447363930882102,0.45245041659928603
1788712979673,85.12509804072343,67.67745370939961,-0.4238089919090271,68.05193313243402,77.78673209834969,74.61345278579017,71.65585249583724,1672.4023846820874,1700.0,0.682189347491422,0.4431325897142383
1788712979953,76.74045352485236,75.46010415385089,-0.7270812392234802,62.73568749747473,89.039148594742,79.97417567206654,79.85696011767513,1595.9264628927785,1680.0,0.6059796545833684,0.4456306048822086
1788712980218,73.51732148898869,78.62060546875,-0.7314357161521912,67.54398821540636,82.81591964951421,82.32432887739901,82.25166629855546,1615.3053763599523,1540.0,0.7734307926066734,0.45461947906226335
1788712980479,74.21597698542077,78.53662686085138,-0.7166537642478943,77.27680341726428,78.70786122677026,85.66205938538758,85.51067346776603,1636.3340161038373,1480.0,1.0,0.4540348006417159
1788712980751,78.69447242556595,77.66355018916093,-0.38073915243148804,86.18446876730543,76.7715365940261,66.29646722305115,70.11389609885344,1600.5225429312022,1580.0,0.7083764627984585,0.44533049214358544
1788712981045,88.30907626414863,73.9216385488435,-0.31644052267074585,105.01581335563341,65.95385347621189,78.0680431985361,74.91784549481957,1536.7315595428445,1620.0,0.5582475088366927,0.4237812588797209
1788712981341,100.18960306963584,67.7228071558194,-0.21563906967639923,116.56070423252075,59.24928677298122,82.94912335256683,85.06281247317737,1618.1305692756257,1620.0,0.6712714972000041,0.5
1788712981588,111.67486235851379,64.6391524667815,0.0016308308113366365,134.27278699848026,62.22626019162905,79.45430763154627,76.60283190672781,1602.3888884689607,1620.0,0.6828068725636486,0.5
1788712981858,126.50500199926182,64.06704639825296,0.030408907681703568,153.578702100919,65.48921185177441,84.3143353129438,88.01261992996416,1600.8420005499975,1660.0,0.6244106691846569,0.5
1788712982117,135.32947450172244,63.772659902497544,0.1114845722913742,122.62627949785443,62.03894664265747,79.37701496532253,74.2681199018412,1602.2061812594193,1660.0,0.6415735505260811,0.5
1788712982404,127.67406073142224,63.06111974040355,0.16405491530895233,94.44362313638312,61.28768191853209,62.82165018539604,65.61301962208466,1615.8113869801311,1620.0,0.629626762161543,0.5
1788712982700,115.8626141886073,62.78616837629183,-0.1800956279039383,84.39269873219021,67.62421925526732,78.22695128788727,73.11051536412526,1646.5826234115752,1660.0,0.6809584152781388,0.5
1788712982987,106.71404981237697,66.0941344734252,-0.8823699355125427,94.00526296702108,73.85763659308117,114.27683226793911,108.85530884468236,1523.5837199054076,1520.0,0.6597421498283362,0.5
1788712983278,99.90017147514764,71.3142166738435,-1.5403881072998047,92.29728889399011,81.07979390142278,144.1267789358489,136.1171496154118,1532.2529310778523,1560.0,0.6339807934725153,0.5
1788712983560,95.06615826464076,77.26219838059794,-2.3181495666503906,90.84685767423608,86.03840495216537,191.26061726290598,189.00618893408137,1493.1364159380769,1560.0,0.5577433356978669,0.5
1788712983845,92.07384004367619,83.26700525959646,-2.9716501235961914,92.50958182371527,91.81897132102844,224.08390186009012,218.94979157192142,1416.3073545715424,1480.0,0.5673626544320404,0.38469218343295114
1788712984088,93.0548720472441,87.88245493971456,2.808192491531372,99.9205351751416,94.34574678078161,255.37042188864856,251.74771019175455,1391.3374207954469,1380.0,0.6027997709418932,0.38011408085764675
1788712984348,96.62039208599901,91.12286425012303,2.283705949783325,105.50953732861937,93.10737525707134,290.4468204241475,287.98256393598206,1422.8667117858429,1340.0,0.6907795129848981,0.5
1788712984626,101.39961783341536,91.60855030450297,1.7540868520736694,110.78300365072455,90.5264288093291,326.26887919234247,322.5372661558454,1418.0973669949017,1420.0,0.6087715319258232,0.5
1788712984907,104.22412301611713,96.16336852546753,1.4642804861068726,104.89529960042312,106.96651903034032,327.52057584422874,330.8112285534071,1417.880711716117,1420.0,0.6042642187195638,0.5
1788712985203,105.68325733575296,105.32924381766733,1.438909888267517,112.7187578522657,116.91973920118028,318.1328340851107,317.18871112419134,1402.965804526162,1440.0,0.5361607018881086,0.5
1788712985467,109.2977400652067,110.64045583169292,0.8252376317977905,112.21253629265327,115.40529528825229,22.2,355.3775772259856,1418.9388352107094,1420.0,0.6157890726118598,0.5
1788712985713,111.19286724901575,113.20108729084646,-0.08455527573823929,113.98603067789834,115.74272762232006,56.811190851189025,56.885380464737466,1417.8138723646728,1420.0,0.6032787684443539,0.5
1788712985976,116.7457977054626,113.06657926304133,-0.17445625364780426,128.83917362000895,112.09636134181903,68.11304491235505,67.47207972584795,1433.3824129095133,1440.0,0.6074782332410816,0.5
1788712986239,126.42680971641241,111.54594841904527,-0.17768444120883942,140.3427451311255,105.1074547854602,99.6206449445986,92.79348227571003,1478.2095017460535,1460.0,0.6349823897025293,0.5
1788712986537,127.18905711737206,105.64374307947834,0.12050377577543259,116.92411902781781,85.44972401385384,65.00796903293087,64.57646835182749,1399.06098610303,1360.0,0.5542930927144525,0.5
1788712986810,121.00233183132381,102.75834691806104,0.18800102174282074,89.19163414804098,98.88199771998984,43.008087925340874,51.024674737004375,1399.2595308120958,1380.0,0.6532035609791064,0.5
1788712987056,111.68358990526575,102.00846033772146,0.03794323652982712,77.46700463768394,99.62922153032012,44.71177057669183,38.043227801503974,1524.6705730906274,1460.0,0.6903390920682131,0.5
1788712987334,102.21257727915847,101.34456123892717,-0.5306288003921509,76.96714394396739,102.40920178291795,76.02001634122738,71.57281394369099,1527.8673437564366,1540.0,0.6271344750553685,0.5
1788712987611,94.82331523745079,100.36710483821358,-1.1774498224258423,78.09421988611953,94.23581112443523,114.748459463892,108.60904570242576,1530.6371992391307,1480.0,0.7010073874173083,0.36717631363713255
1788712987867,90.87734913262796,96.63131113127461,-1.7550932168960571,81.66279539486519,85.26402346121975,152.35721497712208,146.4655029267688,1560.4251411266898,1520.0,0.6864867850525342,0.37930171909490795
1788712988131,86.98166253998525,89.84689307025099,-2.1381967067718506,73.1147370411322,65.7290412182183,170.91189263940132,170.99302443453615,1696.7419464778297,1560.0,1.0,0.3941869808617956
1788712988418,79.99229611374263,78.46156323049952,-2.150770902633667,59.299547106535265,38.23599219426017,171.8477480621765,172.12231405591925,1807.8642400520966,1640.0,1.0,0.42261627506555666
1788712988703,72.36684243510089,65.6982421875,-2.1541497707366943,43.27967867322477,26.443221044706227,172.5333007625713,172.8483783877194,2027.0546521232925,1740.0,1.0,0.45140959110768725
1788712988999,62.62472798505168,57.18736062838337,-2.5862433910369873,26.743900453258238,33.39603141660111,199.71826314316706,197.79338937071014,1864.1704474332846,1820.0,0.806901621521049,0.5499106048036997
1788712989241,53.53943832277314,50.51977923535926,-2.646991491317749,23.558250404580136,19.02159745336672,198.58408832379737,197.7973235896892,1870.753887734871,1860.0,0.7702831117791906,0.5987858912974169
1788712989520,49.272749292568896,42.79448742002953,-2.222015142440796,48.13861564735289,18.454684036034507,171.10932612209146,174.6808605233817,2000.102099227336,1900.0,1.0,0.6416305111203147
1788712989766,50.934332900159944,37.444239338551924,-1.8692775964736938,59.96907557970521,23.242198057859287,155.35327310801313,156.24167795714436,1984.7033158871625,1940.0,0.8795673475466745,0.6716873933530898
1788712990124,53.25353907787893,30.221427857406496,-1.821175217628479,53.75862532590548,32.19638397652775,158.44700891209828,158.96623729595538,1978.180796725352,1980.0,0.8605507211350719,0.7160770169827193
1788712990392,52.55211537278544,15.775295467827265,-1.778338074684143,49.17734030160765,-25.659421762131373,159.28292563598322,158.7805882771782,1902.2811323370179,1980.0,0.7432556333363594,0.5
1788712990649,50.25517501230315,11.29190880482591,-1.5483518838882446,46.28604801787545,21.449572992688545,138.80314271520666,148.8672372105484,1959.5987024878839,1860.0,0.861370531483282,0.5
1788712990936,49.26816444697343,20.944929948941933,-1.5099722146987915,48.220354854015476,49.94715145453023,135.86253862713514,136.77347458098484,1829.3832051590673,1860.0,0.7911319970124073,0.5
1788712991231,49.150895246370574,35.55594857283465,-1.5191608667373657,48.68008239889298,65.92625303590012,130.22661904833203,131.62998783395028,1739.1205778372487,1780.0,0.7017892825699616,0.71787898615519
1788712991517,49.602536178949315,52.168281134657974,-1.516070008277893,51.14653978711513,82.69872110721522,123.24398642802319,124.79666127253631,1720.1635509218415,1780.0,0.6789632830574894,0.6126306686452632
1788712991759,51.44832581046998,64.93829201525591,-1.7997394800186157,57.89562107245428,87.30328598381293,137.98050665651328,129.1278613164618,1694.77648566259,1700.0,0.7150384929736947,0.5319407545762762
1788712992017,56.37026809331939,75.38205604853593,-2.1231095790863037,69.52572407022404,94.46512049278904,157.42725717728044,157.9335129045771,1541.42255940285,1660.0,0.0,0.49124209354354537
1788712992274,64.56354576771653,85.804443359375,-2.1578595638275146,79.28021933857946,103.08232212638464,156.28181762386606,156.835847795181,1524.9270491686557,1520.0,0.6624376063632598,0.4732442968349637
1788712992539,71.62387637641487,94.02677280696359,-2.178044080734253,77.06964297832188,101.56196277737946,157.8572045213349,156.3171168204637,1522.0303918473428,1400.0,1.0,0.44192938045890395
1788712992819,70.67481814406989,92.40876445620079,-2.2257182598114014,65.03201196053963,78.45518115278793,163.9502224771087,164.14294236076177,1649.5221883001016,1400.0,1.0,0.4421935158307939
1788712993100,67.97468530850148,85.25311807947836,-2.192101240158081,58.815345311056504,59.016784554091714,166.22721938880574,166.387601968835,1718.556288239167,1520.0,1.0,0.4553682584174153
1788712993372,64.79372520146407,75.84809551088829,-2.155477285385132,53.351507682813036,40.67881245142429,168.1937754087548,167.76421554115936,1841.3694234006384,1640.0,1.0,0.4731871024396404
1788712993675,60.615133450725885,64.05250369094489,-2.120630979537964,43.619463682515374,19.678903880017735,168.41485229861243,169.09877864724447,2051.7283876906567,1720.0,1.0,0.5078555084996664
1788712993942,55.73789581539125,51.470216766117126,-2.093895673751831,37.67143680682439,11.445700629555457,169.64323774477913,169.53405778530535,1971.627433126322,1800.0,1.0,0.5906614252683016
1788712994225,49.58454762856792,37.959573099932335,-2.0896413326263428,25.08017359637295,-2.8454655619938407,170.11531694497793,169.20077250432092,1908.281867660119,1880.0,0.8346562893341016,0.6668039988486419
1788712994497,40.99868894562008,26.87098705862451,-2.319597005844116,8.75011371124634,-3.6692362343353544,184.28869819613607,182.86649379118145,1862.2745133273497,1920.0,0.7398932473999926,0.7315148046498126
1788712994793,30.290940652682085,19.865244467427413,-2.7206637859344482,-4.282602182237657,4.608005352048239,207.54491645315102,203.0226238859172,1830.3460841685805,1900.0,0.7098175314244333,0.5
1788712995056,20.128907932071236,20.25749146468996,-2.8177945613861084,5.676953370251219,25.32733623989371,203.91637984553853,203.6827579483224,1826.0742650559048,1880.0,0.7162592759656068,0.5
1788712995314,15.078257162739913,21.35413222425566,-2.739928960800171,18.78872807317139,25.180856986500565,197.6004438827988,202.27040705123227,1815.1608809276838,1840.0,0.7096495502331528,0.5
1788712995585,17.99479807455709,24.865871639702267,-2.6823318004608154,34.09414974814863,34.67799495295772,197.05239877256946,196.99967609453722,1854.3614693802203,1820.0,0.8077484093244828,0.5
1788712995877,26.05182317298228,27.875642551211865,-2.6691882610321045,52.31487384450539,38.499913757543425,199.91185536753073,198.93263954950555,1925.7315029387178,1840.0,0.866726845193878,0.7402030092530855
1788712996136,35.18457607960138,33.780318132535676,-2.685856580734253,48.68252786561597,51.17455038921302,200.4825216303045,199.36112586240293,1790.9527879244024,1900.0,0.0,0.7118266544030639
1788712996403,37.817361185869835,41.71099805456447,-2.6972482204437256,42.82158695548949,60.072287610375,196.07039910428682,197.09827262890875,1748.0525258699738,1800.0,0.6953844903012671,0.6626662468595808
1788712996671,40.374659741018704,51.212446558193896,-2.6954972743988037,49.46707949889539,68.56670952648997,193.99781778323154,193.77104826148388,1739.0363150363958,1800.0,0.6686271672843453,0.601180443703513
1788712996943,44.646899606299215,58.967568705401085,-2.577340841293335,56.01640275179151,73.84591550148562,183.24951707450396,186.6599814859511,1720.379098483825,1800.0,0.6505422610626849,0.5534808994818695
1788712997197,51.89245028758612,67.4642151359498,-2.4361789226531982,70.10752983445006,82.89642926331597,178.25577595535026,178.06099280646302,1624.8165944079028,1720.0,0.6239900476603766,0.5058103206552378
1788712997474,63.37658018577756,76.73629640594243,-2.426582098007202,83.16305261522798,92.29053863472001,180.06951751760238,179.2419091055417,1531.783908599568,1580.0,0.615832798348196,0.485522308870454
1788712997737,75.3470929964321,85.20965335875984,-2.2905938625335693,91.31796809767627,95.58766016512958,171.21947276273,176.1488638793404,1412.583297515602,1420.0,0.5957563737095009,0.4402713855714671
1788712998010,82.00095349409449,86.34581077755907,-1.609845757484436,88.99879889821693,85.13462397912157,131.56059771135082,136.04895529975977,1487.4966474437801,1380.0,1.0,0.41896376688855036
1788712998304,87.13698019192914,82.60711429625985,-0.9809938669204712,93.55004768357772,78.47422957861355,102.60473063785818,104.61954764335832,1537.6423944307578,1500.0,0.6870287392270938,0.40997630812093144
1788712998564,93.77091535433071,77.94814703032726,-0.738381028175354,106.49611275024837,71.21343643594136,103.20117889680205,101.74601357142143,1544.9925764054153,1500.0,0.6928177432802715,0.3964745690497368
1788712998836,102.41800143024115,73.90813391978347,-0.6815439462661743,116.95274130521167,65.40372047956902,110.01713402993441,108.40798796707085,1561.4105375908516,1560.0,0.6609850770106869,0.5
1788712999110,108.77440445066438,68.67024098794292,-0.40016138553619385,116.87521278809754,64.40706389637208,87.11613238925202,93.3727622039509,1578.8232071408333,1600.0,0.6695184752450349,0.5
1788712999385,112.93033149298721,67.37833338459646,-0.157572403550148,119.1781526144924,66.39933929734346,82.82840319559712,80.6709812624486,1570.9332903478755,1600.0,0.6367496702810339,0.5
1788712999665,120.02314530019684,66.9937926765502,0.015113226138055325,133.87246306578393,67.77392003829904,78.22848377444775,79.48344565307973,1571.445687481087,1600.0,0.6315592220910123,0.5
1788712999912,128.1578917015256,68.22784183532234,0.13332687318325043,135.21017167003134,66.69689102508538,79.60470183221332,80.37857489355508,1560.721722693721,1620.0,0.6030469774219531,0.5
1788713000203,129.9370713121309,64.44557009719489,0.25603044033050537,131.97526511625136,44.13324526512528,66.55747473919564,65.72398459560884,1675.963538760542,1640.0,0.7245099394622434,0.5
1788713000485,131.5642589659203,56.872231791338585,0.4127086400985718,133.63062999046198,43.641215959380865,60.44854039629905,65.3963433116574,1697.1925395257776,1700.0,0.7001939208273191,0.5
1788713000797,132.70085852915847,51.08272041861467,0.8654798269271851,126.07044076516958,42.372786483231934,31.992320134199474,38.12395970431504,1726.9181976545378,1720.0,0.6983208405719683,0.5
1788713001063,132.10370401697836,50.422026867002955,0.8734258413314819,130.77004905039172,48.9440607962869,34.652889268297486,34.80155874311225,1672.438845727418,1760.0,0.6345906406228132,0.5
1788713001368,132.13863342765748,50.45890748031496,0.8732579946517944,132.0521864688461,50.14544729283316,34.99717132793705,35.37269798587636,1667.8830281582536,1780.0,0.0,0.5
1788713001665,132.14680348794292,50.475742610420774,0.8724550008773804,130.46067175241802,48.399925847738075,35.12016836147626,35.03075632967989,1672.1302781292216,1680.0,0.6947186276510312,0.5
1788713001922,132.17617725762796,50.51764540784941,0.8719228506088257,131.36260935024328,49.1317601963541,35.20517779153778,35.353166374306625,1675.45205493036,1700.0,0.6779164992920566,0.5
1788713002185,132.14922567052164,50.48050046905758,0.8714345693588257,130.32219595762498,48.65642373530811,35.104571987246175,35.71425886722261,1670.6181087285781,1720.0,0.6496580331477334,0.5
1788713002484,130.56738665723427,50.27461975578248,0.8742021322250366,114.76056622177073,47.21807725759795,32.06023505657117,33.2699066395478,1704.6530485401795,1680.0,0.7099984037260155,0.5
1788713002759,124.24738365834153,49.87098033033957,0.8647779226303101,98.41128427769658,50.48788051146523,25.130261393128876,26.76216829696159,1719.1007114172266,1640.0,0.8013891558190681,0.5
1788713003019,116.89987543061024,51.52575875830463,0.7292274236679077,101.04392170671538,55.11245957833588,29.71331642247793,28.264296971727788,1654.838388160692,1720.0,0.6463928205393836,0.5
1788713003275,110.58518777682087,54.39212348517471,0.31684720516204834,96.76042502547166,59.720665253453284,54.65003854218554,49.450281746177836,1610.1892386303027,1700.0,0.6015167552050512,0.5
1788713003545,104.54267847256398,58.0580535648376,-0.27280962467193604,92.42567343877003,66.01331556070987,83.82820760827082,82.06486491853238,1556.3933700774535,1640.0,0.5908609648846691,0.5
1788713003813,96.77432563361221,63.825587475393704,-0.40667784214019775,80.11821690713361,75.60407381018616,74.24816123426817,75.67965694223895,1624.048413888804,1600.0,0.6935560429491097,0.5
1788713004101,86.36603407972441,71.68593999907726,-0.4230419397354126,67.20361379424105,85.68257855214308,64.99123481729488,65.36471557507262,1615.8817681994974,1620.0,0.661600041211603,0.4196010124141991
1788713004348,77.39530308040108,79.28959884042816,-0.4223581552505493,64.64972538541791,92.35683847377803,57.282347536164465,57.918089849605536,1615.8288086017299,1640.0,0.6653304675975099,0.4420146429008389
1788713004618,75.90112400805857,81.81086022084153,-0.42196810245513916,77.78877447998538,81.21650479856662,67.1398776321106,65.87780286271962,1608.3426126724494,1620.0,0.6358678677576334,0.44735193018821373
1788713004883,81.35431725209153,80.61166838398131,-0.3987346887588501,90.63643676700455,79.224376428199,73.31273417907514,73.26048979515588,1549.6305331788012,1600.0,0.620470069217061,0.43377851289714797
1788713005166,87.5822388656496,79.03221310593013,-0.38370954990386963,83.36382838842121,79.25611042666308,72.62178086130204,75.48289494590992,1560.7158501543356,1500.0,0.6987107474185662,0.4132680555902216
1788713005461,84.3523833507628,80.00338817205954,-0.36455023288726807,80.61892022945293,83.25655096255048,64.61866763813987,64.34266662770278,1589.1230578536831,1400.0,1.0,0.42177077849608574
1788713005760,89.5183989757628,78.72640774944635,-0.33048880100250244,102.24406404153487,76.05450239500492,75.05186264818309,73.74957556794234,1529.968234326487,1500.0,0.6873173906608334,0.412010942096487
1788713006048,100.30486820250985,75.66934420367865,-0.2943331003189087,120.7966856850222,69.21154443422745,87.5070392129855,84.02244815220483,1543.8453665327568,1560.0,0.6316239684786442,0.5
1788713006366,115.28958538385827,70.13882854792078,-0.2769256830215454,137.96361919097887,59.65316111659324,99.7475461584691,96.6300424277831,1601.9659918078023,1600.0,0.646881527785789,0.5
1788713006644,125.64320481668308,63.63067386657234,-0.24907173216342926,140.9113914843516,58.68216614472384,102.8827257621509,102.04586563209457,1647.4869583159277,1600.0,0.7375800795604583,0.5
1788713006945,127.35224686269684,62.06194539708415,-0.15936435759067535,107.11007160715732,63.04564540152706,86.54417679823818,89.84438158249509,1599.6337329188405,1620.0,0.6829357313131021,0.5
1788713007217,118.75561331200788,63.94495205616388,-0.15325893461704254,97.45508047983002,70.02574449938558,74.38559903086596,76.6256166481598,1539.107366242583,1580.0,0.6350364953128877,0.5
1788713007504,108.33998792753445,68.08490422766978,-0.38033926486968994,94.43425821870757,75.51961149448097,80.44223301533799,74.63961273819471,1529.42055886572,1600.0,0.5715914498836226,0.5
1788713007766,99.67700387549213,74.36805544875739,-0.5876575708389282,82.34490680375367,87.29274178372576,79.73306454398988,81.65250208865692,1541.2569862625915,1580.0,0.6027667415604776,0.5
1788713008010,88.98746039923721,82.79116172490157,-0.6025177240371704,71.02776785784849,97.34912761246966,67.94882247122719,69.38260462274972,1538.0772963847735,1580.0,0.5936593708763863,0.40144459667686305
1788713008280,83.20784441129429,86.86524398683564,-0.602033257484436,78.61968602300777,90.71550439101595,70.86460090240172,72.90891048182357,1523.2434093828501,1500.0,0.6885993177094826,0.4182895578686953
1788713008578,82.43909940944883,86.74772007258858,-0.6833978891372681,81.23801119747878,80.69397956014821,84.9903677021808,80.78634434168805,1577.2625050089587,1480.0,0.7440324240570134,0.42110383452809647
1788713008848,82.9329363004429,82.49072457861712,-1.109775185585022,83.82800241328448,68.47097153283362,118.31567366002145,113.76862371289569,1625.136692493715,1560.0,0.7475859864639255,0.4207420024607903
1788713009151,84.58411509596456,72.9906265378937,-1.2497488260269165,89.27121194143967,53.64509700251216,127.95690766338498,125.91655056663662,1652.8467449781253,1620.0,0.6884975632863065,0.4223220973086548
1788713009473,87.33532042015257,58.989584614911415,-1.255841851234436,92.57947311791038,21.924944942539483,134.70058192703038,134.11608754471726,1872.6836356100885,1700.0,1.0,0.46279053243171675
1788713009778,92.01453501783958,43.11375415231299,-1.2476621866226196,101.3705135314168,20.04681111852448,141.02905073765177,141.41154171195151,1879.4717531190008,1800.0,0.8646342298550869,0.5920727503274037
1788713010038,98.58330193467029,32.235715370478594,-1.2179847955703735,114.40523422660559,21.72479833369384,144.48104538928777,143.74805879060102,1856.417003903582,1840.0,0.8153745665777123,0.5
1788713010337,108.46312515378938,26.821611058993604,-1.125527024269104,124.49268435637848,21.77103850182832,143.53930107857744,146.28103574153224,1813.4325540713708,1900.0,0.6808655707937523,0.5
1788713010656,118.25644185223918,22.189708319235972,-1.152342438697815,130.57127244693874,13.989984548192965,149.06710792579048,144.87828377369664,1792.287407919545,1800.0,0.7441196828890799,0.5
1788713010913,123.18793829970473,18.9259266290139,-1.512611985206604,125.92309508019515,24.82067003865307,174.72627143189533,173.48105991922995,1792.2193050197554,1800.0,0.7478329287734024,0.5
1788713011220,122.050262210876,22.157628817821116,-1.5490528345108032,120.89603789904595,26.129140133154042,169.38021766886277,169.21189089842727,1790.1313933120157,1800.0,0.7422622019752214,0.5
1788713011477,122.46760811392718,18.426650640532728,-1.4956976175308228,123.50850715613733,13.237663754904307,168.32253680708664,171.52030211064786,1822.8449414853528,1840.0,0.7502644299918816,0.5
1788713011763,122.07005298043799,19.995680681363805,-1.4633527994155884,118.84568859515089,30.853788107256825,164.47493189981685,165.08157325856087,1802.345193133679,1840.0,0.7217107686439664,0.5
1788713012100,118.71773306779035,29.28060456523745,-1.4690557718276978,112.61288200572741,47.79028486763381,160.8189996466121,161.60505002841808,1728.052014354759,1800.0,0.6829684163861205,0.5
1788713012372,115.06837859867127,39.76519727331447,-1.473065972328186,107.26301261814822,61.38506991305364,156.45543297576194,157.1052605435436,1622.0335052447563,1720.0,0.6117325522994842,0.5
1788713012648,111.16311861774115,51.564681886688,-1.476892113685608,103.90501864270142,76.6596849434741,150.9584428207088,151.79190209759616,1542.9707673505732,1620.0,0.5910141499059747,0.5
1788713012904,107.37924650898131,63.778965266670774,-1.4811779260635376,100.07323817996371,90.1107115809667,143.5768847429009,146.16807748488807,1450.7597713619928,1460.0,0.6616460203250296,0.5
1788713013195,103.27464666892226,78.0126953125,-1.4860178232192993,96.22321924998981,105.2539701548856,133.42309331830714,136.52125073513554,1414.9514301148681,1440.0,0.5553767031881971,0.5
1788713013472,99.34512641486221,92.5387068620817,-1.4866396188735962,92.4560864218008,120.04498362459121,118.90191481002853,122.78694278199751,1390.0179272186845,1420.0,0.5028783894043879,0.5
1788713013717,96.02380467212107,105.46500138410434,-1.4872766733169556,90.04049645433065,133.18586539566166,105.29532058028397,109.63194287416876,1406.500175076126,1320.0,0.6383010219146859,0.5
1788713014021,92.1572707769439,121.59594918799212,-1.4878116846084595,84.91094284273568,151.1169700215203,88.3286984516112,86.98767516894588,1524.3600775372677,1320.0,1.0,0.5
