Time,X,Y,Heading,ProjectedX,ProjectedY,TurretTarget,TurretActual,ShooterTarget,ShooterActual,ShooterPower
276,7.750048900213768,135.50014225516733,2.2649765014648438E-5,5.711442536782569,135.4999224940523,309.82199438253025,309.8213271784148,1900.0,220.0,1.0
529,7.7499569870355565,135.4999115711122,6.283165280018942,5.7113618975551965,135.49988733218984,309.8220411288297,309.8251420347129,1900.0,580.0,1.0
774,7.7498440479669055,135.49970972256398,6.2831130663501185,5.707533126325585,135.4918767880669,309.8265085974389,309.8559656187713,1900.0,880.0,1.0
1034,7.750160037063239,135.5002672090305,7.200241088867188E-5,5.717029144726526,135.51145782867457,309.8155306250299,309.77582632202734,1900.0,1140.0,1.0
1298,7.750021266186332,135.49995963029036,9.059906005859375E-6,5.702884582975951,135.48188831960752,309.8320262022513,309.8898279523037,1900.0,1360.0,1.0
1573,7.750169048159141,135.5001710906742,7.677078247070312E-5,5.700068008679568,135.475644024143,309.8354377587646,309.9075586864798,1900.0,1560.0,1.0
1835,7.750575148214505,135.50098809670277,2.613067626953125E-4,5.7147653362673685,135.50619670165526,309.8183577704383,309.7863915149794,1900.0,1700.0,1.0
2111,7.7505691408172375,135.5009688730315,2.574920654296875E-4,5.700693175109428,135.4767372161608,309.83478434045946,309.85407186716486,1900.0,1820.0,0.8724999999999999
2354,7.7505126712829115,135.50085353100394,2.2983551025390625E-4,5.72234711775551,135.52202628477662,309.8095243565132,309.72468316610025,1900.0,1940.0,0.7125
2616,7.750569741556963,135.5010265440453,2.5773048400878906E-4,5.696522124593216,135.4681119364823,309.83961625636414,309.9332154838462,1900.0,1900.0,0.8125
2891,7.750773993064099,135.50137257012796,3.533363342285156E-4,5.704862466469226,135.4853072245584,309.8299731385299,309.86311446109653,1900.0,1900.0,0.7925
3156,7.750623207392656,135.5010265440453,2.8705596923828125E-4,5.695811564976641,135.46637505093148,309.8405343182363,309.93654570354613,1900.0,1900.0,0.7925
3412,7.750612394077573,135.50108421505908,2.8228759765625E-4,5.697155423233184,135.46923064387505,309.8389502921079,309.9254048970856,1900.0,1920.0,0.7925
3677,7.750466414323943,135.50075741264763,2.1386146545410156E-4,5.703106842438919,135.4818505505725,309.83194511155835,309.88034688039806,1900.0,1920.0,0.7925
3936,7.7506051852008495,135.50097848486715,2.7680397033691406E-4,5.723683664321345,135.5246415451084,309.8080293913024,309.7121772908388,1900.0,1920.0,0.7725
4209,7.750539103830893,135.50073818897638,2.4580955505371094E-4,5.706405587389899,135.48854360160698,309.82816966706696,309.85342925071745,1900.0,1920.0,0.7725
4460,7.750611793337845,135.50091120201773,2.803802490234375E-4,5.726132527330029,135.52958101917096,309.80523801934555,309.68991426931393,1900.0000000000002,1920.0,0.7725
4731,7.750780601201095,135.50127645177164,3.559589385986328E-4,5.711362175749323,135.49863047742198,309.82248654613556,309.80766276623456,1900.0,1920.0,0.7725
4994,7.750959621639703,135.5015744186762,4.382133483886719E-4,5.715702124781397,135.50754639384957,309.8174811158217,309.7704295445651,1900.0,1920.0,0.7725
5259,7.750799824872356,135.50126683993602,3.647804260253906E-4,5.707506344855081,135.49055006919562,309.82699034506896,309.8395853540237,1900.0,1920.0,0.7725
5530,7.7508502870094125,135.50130528727854,3.8814544677734375E-4,5.700059602993985,135.47469828358038,309.8357767124807,309.89520728621073,1900.0,1920.0,0.7725
5783,7.750974640132874,135.50162247785434,4.444122314453125E-4,5.722434830440815,135.52160228917307,309.8096373091582,309.7159770706015,1900.0,1920.0,0.7725
6048,7.7511278287632255,135.50192044475887,5.125999450683594E-4,5.709361125941225,135.49402461803226,309.82497002797516,309.8168279447848,1900.0,1920.0,0.7725
6311,7.7509103609820995,135.50139179379923,4.119873046875E-4,5.722760611976774,135.5222474553475,309.80927018012113,309.7142416353995,1900.0,1920.0,0.7725
6575,7.751058142954909,135.5017666553888,4.801750183105469E-4,5.716842650646039,135.50980901998128,309.8161942822874,309.759078004043,1900.0,1920.0,0.7725
6849,7.751038318543922,135.50165131336124,4.715919494628906E-4,5.697355493955549,135.46896627096487,309.8389590068331,309.9161459078764,1900.0,1920.0,0.7725
7114,7.751166876845472,135.50195889210138,5.30242919921875E-4,5.696945098786452,135.46824029121086,309.8393909349205,309.9215788064238,1900.0,1920.0,0.7725
7371,7.75091396542046,135.50139179379923,4.131793975830078E-4,5.701489275596676,135.47774982565105,309.8340868391453,309.88578749796943,1900.0,1920.0,0.7725
7627,7.751007080078125,135.50153597133365,4.551410675048828E-4,5.710674637793125,135.4969459952638,309.8233759750121,309.8124821415033,1900.0,1920.0,0.7725
7886,7.7509806475301435,135.5014879121555,4.4274330139160156E-4,5.696947448380039,135.46807454063463,309.83944872157946,309.9198554486802,1899.9999999999998,1920.0,0.7725
8145,7.750895342488928,135.50121878075788,4.024505615234375E-4,5.712108631883332,135.49974289015688,309.82177487093975,309.79846408238666,1900.0,1920.0,0.7725
8387,7.751238965612697,135.5018723855807,5.605220794677734E-4,5.712544750021656,135.5005202384725,309.82131390872803,309.79370669839363,1900.0,1940.0,0.7725
8656,7.751371729092336,135.50220879982777,6.225109100341797E-4,5.703551776315245,135.48166866107627,309.83182046351504,309.8638790012951,1900.0,1920.0,0.7725
8924,7.7515789842981055,135.50267977977362,7.164478302001953E-4,5.719041059591095,135.51375641473297,309.8138606187583,309.7317830830075,1900.0,1920.0,0.7725
9187,7.751765213613436,135.50306425319883,8.006095886230469E-4,5.70296062846633,135.4799951088655,309.8326651868215,309.8594270769926,1900.0,1920.0,0.7725
9438,7.752029539093257,135.50358329232284,9.224414825439453E-4,5.707143266520118,135.48842384941238,309.82789852566765,309.82001374980837,1900.0,1920.0,0.7725
9693,7.752040953148068,135.50357368048722,9.264945983886719E-4,5.720265435026463,135.5157573090867,309.8126309584328,309.7117370006622,1900.0,1920.0,0.7725
9946,7.752089613065945,135.5036986343504,9.472370147705078E-4,5.724558514725332,135.52481951645592,309.8075943672368,309.67849414082775,1899.9999999999998,1920.0,0.7525
10199,7.75215389221672,135.5037947527067,9.777545928955078E-4,5.701402723238402,135.4763321001948,309.8346263734077,309.86653661816763,1900.0,1920.0,0.7724999999999997
10452,7.751921405942421,135.50330454908956,8.721351623535156E-4,5.721741143418866,135.51886004583187,309.8109039931801,309.7002422442115,1900.0,1920.0,0.7724999999999997
10727,7.751881757120448,135.503189207062,8.535385131835938E-4,5.700193725692872,135.47391093763076,309.83599891150214,309.87877925924704,1900.0,1920.0,0.7725
10980,7.752064381997417,135.50358329232284,9.357929229736328E-4,5.719023974702821,135.5132558840141,309.8140452716982,309.72498702486996,1900.0,1920.0,0.7725
11237,7.752072191613865,135.5036025159941,9.417533874511719E-4,5.7079798603771374,135.4900941294802,309.8269506911838,309.81317111393764,1900.0,1920.0,0.7725
11517,7.752032542791893,135.50355445681595,9.222030639648438E-4,5.694026828299923,135.46082916065183,309.8432600294785,309.9243053533512,1900.0,1920.0,0.7725
11773,7.751902783010888,135.5032180425689,8.616447448730469E-4,5.6901106760446645,135.45280087158287,309.8477725092262,309.9600868046682,1900.0,1920.0,0.7725
12027,7.752092016024853,135.50374669352857,9.486675262451172E-4,5.727047125312484,135.53002831244683,309.8046906702483,309.65738152713834,1900.0,1920.0,0.7725
12278,7.751915999284879,135.50334299643208,8.654594421386719E-4,5.700900515470858,135.47537968561284,309.83517760391317,309.87141469579706,1900.0,1920.0,0.7925
12534,7.752352737066314,135.50422728531004,0.001064300537109375,5.726249037395609,135.5280114407807,309.8057446067193,309.65792078840377,1900.0,1920.0,0.7725
12806,7.752508929395301,135.50455408772146,0.0011348724365234375,5.696812716747661,135.46628589094522,309.84014036926254,309.8944641320495,1900.0,1920.0,0.7925
13056,7.752708975724349,135.50497700848916,0.0012249946594238281,5.729666213732181,135.53479859365598,309.8018869868942,309.6223150634439,1900.0,1920.0,0.7725
13322,7.752562995970719,135.50464059424212,0.0011599063873291016,5.693120804209922,135.45842250571084,309.8444988216388,309.92183842483826,1900.0,1920.0,0.7725
13579,7.752686748354455,135.50490011380413,0.0012149810791015625,5.691331940787446,135.4544352170683,309.8466736176381,309.9323938038549,1900.0,1920.0,0.7725
13822,7.752525149367926,135.5044387456939,0.0011396408081054688,5.719520271685585,135.51365001082655,309.81369458788765,309.7100735116396,1900.0,1920.0,0.7725
14088,7.7527858704093875,135.50499623216044,0.0012574195861816406,5.72240987028676,135.5195402401047,309.8103786327959,309.68299276607627,1900.0,1920.0,0.7725
14341,7.75287177619033,135.5051404096949,0.0012974739074707031,5.709565329782099,135.49248745303723,309.82542816831557,309.7842061027511,1900.0,1920.0,0.7725
14601,7.753079632135828,135.50555371862697,0.0013933181762695312,5.695182530327146,135.46202604156417,309.84234423310073,309.8954405441334,1900.0,1960.0,0.7324999999999999
14858,7.752996129313792,135.50539031742125,0.0013546943664550781,5.69862335167021,135.4694646433239,309.838243305251,309.8716425768433,1900.0,1920.0,0.7725
15118,7.752751027505229,135.5049193374754,0.0012404918670654297,5.710920899236765,135.49547608596106,309.82379236648626,309.776158115875,1900.0,1940.0,0.7525
15370,7.7529180331492995,135.50522691621555,0.0013146400451660156,5.716957265505618,135.50792591436792,309.81681298045146,309.72413523120736,1900.0,1920.0,0.7725
15640,7.752877783587598,135.50509235051675,0.0012934207916259766,5.705060100188516,135.48292429153622,309.8307340397727,309.820270362786,1900.0,1920.0,0.7725
15908,7.752844742902621,135.50502506766733,0.0012769699096679688,5.710035585386388,135.49350539394752,309.8248673704325,309.78273632526464,1900.0,1920.0,0.7725
16176,7.752883790984868,135.5050827386811,0.0012938976287841797,5.724355951886459,135.52351424547737,309.8081430026966,309.6676268032934,1900.0,1920.0,0.7725
16426,7.75275463194359,135.5047559362697,0.001234292984008789,5.723625841590653,135.52188049244307,309.80903234508554,309.673077798019,1900.0,1940.0,0.7725
16692,7.752725796436701,135.5047271007628,0.0012183189392089844,5.721595022364586,135.51779303002104,309.81134424180016,309.6916538571893,1900.0,1920.0,0.7725
16974,7.7528273214505425,135.50493856114667,0.0012660026550292969,5.733904495230492,135.5433991572253,309.79703808014926,309.5882422748997,1900.0,1900.0,0.7725000000000002
17225,7.752850149560162,135.50503467950296,0.0012750625610351562,5.726506220381981,135.5279384131676,309.8056611325091,309.6476295781688,1900.0,1960.0,0.7324999999999999
17479,7.752927044245202,135.50522691621555,0.0013093948364257812,5.732360922344016,135.5401027330264,309.7988621377171,309.5981830972577,1900.0,1940.0,0.7725
17745,7.753340353177289,135.50605353407974,0.0014977455139160156,5.727667513389704,135.5301265206424,309.8043920953162,309.63338895638435,1900.0,1940.0,0.7525
18037,7.753367987204725,135.50607275775099,0.0015099048614501953,5.728309593018521,135.53105765712937,309.8037891863983,309.6207299011421,1900.0,1920.0,0.7525
18279,7.753680371862698,135.50663985605317,0.0016512870788574219,5.701002437305533,135.4735317949311,309.83578958536737,309.8385708799542,1900.0,1940.0,0.7725
18542,7.753534392109068,135.50630344180612,0.0015845298767089844,5.707838426893788,135.48802250825318,309.8277452932771,309.7867223105858,1900.0,1920.0,0.7725
18798,7.753830556794415,135.50692821112207,0.0017211437225341797,5.698961932517175,135.46924451143136,309.8381774478496,309.8555222446372,1900.0,1920.0,0.7725
19055,7.753696591835324,135.5067167507382,0.0016598701477050781,5.725344057728948,135.52470517419485,309.80730088857337,309.6436537914792,1900.0,1920.0,0.7725
19317,7.7537272295613935,135.5067455862451,0.0016720294952392578,5.712686705572723,135.49790360138277,309.8221811131565,309.7408225685049,1900.0,1920.0,0.7725
19580,7.753542802465244,135.5063611128199,0.0015873908996582031,5.685607779740496,135.44123303614168,309.85379055161775,309.9627716938419,1900.0,1920.0,0.7725
19840,7.753337950218381,135.50601508673722,0.0014934539794921875,5.727275757477143,135.52885514939277,309.8050091236833,309.62904759089645,1900.0,1920.0,0.7525
20091,7.753409438245879,135.50614965243602,0.001528024673461914,5.690433953620437,135.45181742244645,309.8479839760638,309.93037520825794,1900.0,1920.0,0.7525
20344,7.753071221779651,135.50547682394193,0.0013735294342041016,5.730714977252559,135.53644301069087,309.80085848331146,309.6082948363918,1900.0,1940.0,0.7725
20592,7.753132497231792,135.50557294229822,0.0014019012451171875,5.718507896666361,135.5108756959523,309.81510824801086,309.7081026308864,1900.0,1920.0,0.7725
20850,7.753203384519562,135.50572673166832,0.0014345645904541016,5.720375077799335,135.51479952007608,309.81292377500466,309.6930379758387,1900.0,1920.0,0.7725
21098,7.753595667561208,135.506591796875,0.0016162395477294922,5.709440014046166,135.4914897278321,309.8258351614812,309.7733091522855,1900.0,1920.0,0.7725
21351,7.753730833999754,135.50689937561518,0.0016765594482421875,5.723856655201565,135.5216471624089,309.80901689086227,309.653946542393,1900.0,1920.0,0.7725
21607,7.754171776959277,135.5078125,0.0018799304962158203,5.720384419646083,135.5138528620962,309.8132552955736,309.67200040466764,1900.0,1920.0,0.7725
21862,7.75448416161725,135.50842765748033,0.002024412155151367,5.714090010675727,135.5004064281146,309.8206973017612,309.7186803281261,1900.0,1920.0,0.7725
22127,7.754759901151882,135.50893708476872,0.0021486282348632812,5.711471347454939,135.49467481627576,309.8238424084318,309.73695994501713,1900.0,1920.0,0.7725
22394,7.754818172905389,135.50898514394686,0.0021762847900390625,5.723054704388726,135.51879182349924,309.8103696841193,309.6406093449664,1900.0,1920.0,0.7725
22656,7.755176213782604,135.50973486712599,0.002340555191040039,5.7333305873976625,135.539988442076,309.79849032049657,309.54890618392096,1900.0000000000002,1920.0,0.7525
22919,7.755696454386073,135.51082100455216,0.0025763511657714844,5.72616296570501,135.5245938068992,309.8069921662039,309.60053679693783,1900.0,1920.0,0.7525
23169,7.75554927315299,135.510513425812,0.0025107860565185547,5.723428250277485,135.5187584456495,309.8102226905284,309.6204442663659,1900.0,1920.0,0.7725
23436,7.7557349017285935,135.51094595841536,0.0025954246520996094,5.718224893237082,135.50790015441976,309.81628317365914,309.663090691751,1900.0,1940.0,0.7525
23699,7.755821408249262,135.51112858329233,0.002633810043334961,5.72405688178881,135.52008019390183,309.8094870285647,309.614868734389,1900.0,1920.0,0.7525
23960,7.755725890632689,135.51093634657974,0.002590656280517578,5.720830775550107,135.51322623801423,309.8132875968228,309.6396778101953,1900.0,1920.0,0.7725
24227,7.75556849682425,135.51055187315453,0.002516031265258789,5.708560438887221,135.4875129358669,309.827619016581,309.7418574530079,1900.0,1900.0,0.7725
24481,7.755938552496002,135.5112535371555,0.0026874542236328125,5.731915172404507,135.53636414223905,309.8003761026198,309.54879563523923,1900.0,1920.0,0.7725
24742,7.755916325126108,135.5111189714567,0.0026748180389404297,5.706119851752871,135.48192226052,309.83063882193596,309.7554541726863,1900.0,1920.0,0.7525
25004,7.756118173674336,135.5115322803888,0.0027666091918945312,5.704349462196008,135.4780122898017,309.8327778865533,309.76603671554483,1900.0,1920.0,0.7725
25258,7.7561446062223185,135.5115322803888,0.002777576446533203,5.726981358877312,135.5255552654534,309.80630352040345,309.58243547410336,1900.0,1920.0,0.7725
25526,7.75622870978408,135.5116668460876,0.002816438674926758,5.73448975796397,135.54136973070553,309.79750811709346,309.5231109109883,1900.0,1920.0,0.7525
25791,7.756145807701772,135.51148422121062,0.002778291702270508,5.731795419880872,135.53555506855938,309.80071365359527,309.5419441530273,1900.0,1920.0,0.7525
26061,7.756264754167693,135.51172451710138,0.0028319358825683594,5.713078038326519,135.49609184045718,309.82265700219347,309.69257933686185,1900.0,1920.0,0.7525
26310,7.756475013072097,135.51217627337599,0.002927541732788086,5.716616489048153,135.50332340942586,309.818589200907,309.6589764333796,1900.0000000000002,1940.0,0.7725
26576,7.756253940852609,135.5115995632382,0.002826690673828125,5.719320520601023,135.509124289423,309.8153834885385,309.641989699704,1900.0,1920.0,0.7925
26833,7.7562833770992246,135.51163801058073,0.0028429031372070312,5.726526602562851,135.5242263905042,309.80696774310894,309.5822795882061,1900.0,1920.0,0.7725
27087,7.756133792907234,135.51133043184055,0.0027747154235839844,5.702985694677056,135.47482196007923,309.83448896862564,309.776048730532,1900.0,1940.0,0.7725
27347,7.75617884838675,135.51145538570375,0.0027942657470703125,5.72115361930632,135.5129731590294,309.81324002616856,309.6265824569864,1900.0,1920.0,0.7725000000000002
27616,7.756494837483084,135.51207054318408,0.0029387474060058594,5.698338459951867,135.4648011045222,309.84001840894,309.8093882340877,1900.0,1920.0,0.7525
27871,7.756518266332431,135.51214743786912,0.0029489994049072266,5.7085303335221536,135.48625903774905,309.8280763876744,309.7259118023803,1900.0,1920.0,0.7725
28140,7.7565098559762555,135.51206093134843,0.0029420852661132812,5.7144978265765545,135.4987883641982,309.8210974922096,309.67891160653585,1900.0,1920.0,0.7725
28404,7.756613183209277,135.51219549704726,0.002985715866088867,5.709886380268298,135.48895896807574,309.8265426377379,309.71542352892754,1900.0,1920.0,0.7725
28665,7.756848072442483,135.51271453617127,0.003093242645263672,5.716583467771686,135.5025621020809,309.8188730931101,309.6508725901674,1900.0,1920.0,0.7725
28922,7.757109994963399,135.51321435162401,0.00321197509765625,5.701157522710201,135.4700275046577,309.836966416226,309.7756606726307,1900.0,1920.0,0.7725
29180,7.757331067182887,135.51371416707676,0.003312826156616211,5.725059801060709,135.52004824980395,309.80907192821894,309.574983680718,1900.0,1920.0,0.7725
29430,7.757299227977363,135.5137237789124,0.0032989978790283203,5.730110198519824,135.53080885859703,309.8031117312231,309.53502212762123,1900.0,1920.0,0.7725
29690,7.757307638333538,135.5136853315699,0.0033016204833984375,5.72364669450956,135.51700798848483,309.81075013136,309.5849302123047,1900.0,1920.0,0.7725
29947,7.757448211429626,135.51392562746062,0.0033643245697021484,5.7124938774773915,135.493443225649,309.82384430505664,309.674788127536,1900.0,1920.0,0.7525
30201,7.757450013648807,135.5138871801181,0.0033638477325439453,5.712185776219282,135.49282401609344,309.8241948109799,309.6789435714022,1900.0,1920.0,0.7725
30464,7.75751068836122,135.51398329847441,0.003390789031982422,5.740103854714073,135.55148663051406,309.7915373662181,309.4495376965565,1900.0,1920.0,0.7525
30714,7.757872333676796,135.51486758735237,0.0035581588745117188,5.701736463278696,135.47039632766862,309.83658950361945,309.7545713452912,1900.0,1920.0,0.7525
30980,7.7578693299781625,135.51486758735237,0.003556489944458008,5.729555665751678,135.52918333535666,309.80392344808564,309.5308734261673,1900.0,1920.0,0.7725
31236,7.75806757408803,135.51529050812007,0.003645658493041992,5.7118373263581805,135.49159425620653,309.8247789265571,309.66998264346853,1900.0,1940.0,0.7725
31495,7.757919191375493,135.514877199188,0.003575563430786133,5.711567797204175,135.49102549579467,309.82509515426915,309.67423456288486,1900.0,1920.0,0.7725
31755,7.758167897622417,135.51538662647638,0.003692150115966797,5.714338337084118,135.49651806061917,309.82197009872243,309.6454080527667,1900.0,1920.0,0.7725
32018,7.758414801650161,135.51585760642223,0.003805875778198242,5.720775307925398,135.51000996682976,309.81445105992424,309.59203678946733,1900.0,1920.0,0.7725
32284,7.758513322965367,135.51602100762796,0.0038509368896484375,5.719884187799081,135.50801730533328,309.81553618332197,309.5976770573891,1900.0,1920.0,0.7725
32540,7.758647888664186,135.51636703371065,0.0039103031158447266,5.704776764219108,135.47600941348992,309.8333064701946,309.7169653593812,1900.0,1940.0,0.7725
32793,7.758471871924213,135.51588644192913,0.003828763961791992,5.7266027986512045,135.52196208352547,309.8077376903488,309.5396749974543,1900.0,1920.0,0.7725
33056,7.7585361510749875,135.51596333661416,0.0038568973541259766,5.720773161042141,135.5097558160947,309.81454204871227,309.5900128169337,1900.0,1920.0,0.7525
33310,7.758574598417508,135.516097902313,0.003872394561767578,5.7008300873584075,135.46777749094534,309.8379035871763,309.7531636306936,1900.0,1920.0,0.7525
33565,7.758565587321605,135.51604984313485,0.0038700103759765625,5.720143492718142,135.50823267553346,309.8153496019854,309.59121293605904,1900.0,1920.0,0.7725
33814,7.758683332308071,135.51633819820375,0.003924369812011719,5.734482064956459,135.53852767715046,309.79851818077543,309.47455989402874,1900.0,1920.0,0.7725
34085,7.7585878146914995,135.51611712598424,0.0038819313049316406,5.72772192103983,135.5243318443084,309.8064221413502,309.5313062447708,1900.0,1920.0,0.7725
34352,7.758290448526698,135.51552119217519,0.0037431716918945312,5.735599844631642,135.54101485991447,309.7971618028977,309.46804820683064,1900.0,1920.0,0.7725
34616,7.758484487458477,135.51594411294292,0.003833770751953125,5.72952277029023,135.52835140620903,309.8042321974647,309.5197369482047,1900.0,1920.0,0.7725
34867,7.7583955779789,135.5156749815453,0.003792285919189453,5.7169456335693,135.50175643972582,309.81900469481695,309.6222617124039,1900.0,1900.0,0.7525
35119,7.758295254444513,135.51544429749015,0.0037429332733154297,5.728124025942254,135.52532824013596,309.805898112543,309.532300893821,1900.0,1920.0,0.7725
35381,7.758440032718688,135.5157807117372,0.0038094520568847656,5.72492413762008,135.51848151440336,309.8096848079148,309.5557948054284,1900.0,1940.0,0.7725000000000002
35652,7.75840699203371,135.5157422643947,0.003793001174926758,5.705156777801008,135.4769624524117,309.83280696207424,309.7190814444964,1900.0,1920.0,0.7725000000000002
35917,7.7584316223625125,135.51586721825788,0.0038056373596191406,5.7282378323260925,135.52586720215274,309.8056587525996,309.5347521360534,1900.0,1920.0,0.7525
36186,7.758710365595781,135.51639586921752,0.00393366813659668,5.733420006179855,135.53630825282943,309.799756038345,309.48340351645516,1900.0,1920.0,0.7725
36429,7.75885634534941,135.5166746124508,0.003999471664428711,5.715650753218121,135.49856841985314,309.8206852926429,309.62272443045913,1900.0,1920.0,0.7725
36691,7.7588413268562375,135.51666500061515,0.003991603851318359,5.709101366363851,135.48483081685302,309.82834001363113,309.67835303236575,1900.0,1920.0,0.7725
36957,7.758573396938053,135.51615557332678,0.003866910934448242,5.7115612803554425,135.49029618541618,309.8253564869304,309.6621246862047,1900.0,1920.0,0.7725
37222,7.758500707431103,135.51603061946358,0.0038328170776367188,5.72126841303399,135.51097860272782,309.8138981064588,309.5868963327498,1900.0,1920.0,0.7725
37480,7.758464663047491,135.51597294844981,0.003815174102783203,5.74449624630246,135.5599534217334,309.7866709752334,309.3978325655846,1900.0,1920.0,0.7725
37745,7.758547565129798,135.51617479699803,0.0038526058197021484,5.704435054041918,135.4754918124279,309.83363528579866,309.7235787428799,1900.0,1940.0,0.7725
38009,7.758638877568282,135.51636703371065,0.0038924217224121094,5.718854922904077,135.50583823340875,309.81674613259133,309.6050151785423,1900.0,1920.0,0.7725
38270,7.758633470910741,135.516357421875,0.003888368606567383,5.720541554015936,135.50943966722065,309.81475257058514,309.5920293909471,1900.0,1920.0,0.7725
38526,7.758762629952018,135.51665538877953,0.003947734832763672,5.719027976822432,135.50604957452123,309.8165976482901,309.6001588042891,1900.0,1940.0,0.7725
38785,7.758757223294476,135.5165881059301,0.003943681716918945,5.727124278635634,135.5229676392801,309.8071596467165,309.5320497505288,1900.0,1920.0,0.7725
39049,7.759082223486712,135.51726093442423,0.0040912628173828125,5.712921527914124,135.4928196941239,309.82388354425495,309.64390201618676,1900.0,1920.0,0.7725
39311,7.759200569212906,135.51748200664372,0.004145622253417969,5.714930479631444,135.49683656451583,309.821605441747,309.62378040225303,1900.0,1920.0,0.7725
39566,7.75938980222687,135.51784725639763,0.004231691360473633,5.704890358091683,135.47566479458214,309.8333803861321,309.70643004004967,1900.0,1920.0,0.7525
39828,7.7591825470211,135.51739550012306,0.004136085510253906,5.729601490086742,135.52765083222093,309.8044469504549,309.50248368661016,1900.0,1940.0,0.7725
40081,7.75935135488435,135.51780880905514,0.004214763641357422,5.720552110109518,135.50862019298995,309.8150385240469,309.57595988233174,1900.0,1920.0,0.7725
40344,7.75933813861036,135.51782803272638,0.004205942153930664,5.717792369621876,135.50274789301344,309.8182932644798,309.59681521417804,1900.0,1920.0,0.7725
40614,7.759849968857653,135.5188949464813,0.004440784454345703,5.7342188105841565,135.53720226002676,309.7990996614253,309.45860336136604,1900.0,1920.0,0.7725
40861,7.759649321788879,135.51844319020668,0.00434565544128418,5.717574855446982,135.50210642013897,309.8186131203709,309.59605635729326,1900.0,1920.0,0.7725
41114,7.759329127514456,135.51768385519193,0.004198312759399414,5.713088681591571,135.49272568734335,309.82384580681236,309.6357287774431,1900.0,1920.0,0.7725
41377,7.759570024144931,135.51820289431595,0.004309654235839844,5.7274178307385615,135.52290129186815,309.8070583410274,309.5176604751705,1900.0,1920.0,0.7725
41627,7.759696179487574,135.51846241387796,0.004366874694824219,5.717154496352126,135.50118567727006,309.819118211973,309.6003075545178,1900.0,1920.0,0.7725
41889,7.759651724747785,135.51843357837106,0.004346132278442383,5.71679753401031,135.50024477541592,309.81960350011457,309.59824564742405,1900.0,1920.0,0.7525
42155,7.759794700802781,135.51865465059055,0.00441431999206543,5.720197998586036,135.50739443937712,309.81562352478295,309.57129833439035,1900.0,1940.0,0.7725
42406,7.759790495624692,135.51862581508365,0.004411458969116211,5.73110304022534,135.5303315994344,309.8028586678847,309.4811399825121,1900.0,1920.0,0.7725
42663,7.759610874446358,135.51822211798722,0.00432896614074707,5.710963131156739,135.48784742640578,309.82647896202593,309.64655475287805,1900.0,1920.0,0.7525
42922,7.759965911624939,135.51895261749507,0.00449371337890625,5.725675294479119,135.5186314916121,309.80931228046705,309.52166303917886,1900.0,1920.0,0.7525
43176,7.760093268447036,135.51924097256398,0.004551410675048828,5.721365677155212,135.50964502522814,309.8143293948389,309.55885105229527,1900.0,1920.0,0.7725
43426,7.759737029789001,135.51858736774116,0.004389047622680664,5.71290273027472,135.4919713580571,309.8241922873447,309.6296422744542,1900.0,1920.0,0.7725
43681,7.759759257158895,135.5185681440699,0.00439763069152832,5.7092992724661755,135.48443391253096,309.82839660518187,309.6617058264974,1900.0,1920.0,0.7525
43935,7.759806715597318,135.5186642624262,0.0044176578521728516,5.721375027048524,135.50979472122123,309.81427236428954,309.5605321460871,1900.0,1920.0,0.7725
44202,7.75978148452879,135.51864503875493,0.0044040679931640625,5.711970473677574,135.48995826755367,309.8253023250628,309.6373101972074,1900.0,1920.0,0.7725
44462,7.759679358775221,135.51842396653544,0.004357099533081055,5.737062971518445,135.54317925776246,309.79577294683827,309.43714650924517,1900.0,1920.0,0.7725
44711,7.759770671213706,135.5185681440699,0.004396677017211914,5.715033216210845,135.49640048157943,309.8217163523715,309.6124335795919,1900.0,1920.0,0.7725
44980,7.7600860595703125,135.5192217488927,0.004542827606201172,5.721601622164635,135.50994586861682,309.81412245275243,309.55302445113455,1900.0,1920.0,0.7525
45236,7.75987940510427,135.518798828125,0.004449129104614258,5.716786981620827,135.4999228836348,309.8197220891199,309.5946584806295,1900.0,1920.0,0.7725
45506,7.758012906772884,135.51906795952263,0.004502534866333008,5.721814790640181,135.51470088752708,309.8123466130622,309.5379757733906,1900.0,1940.0,0.7725
45763,7.758031529704417,135.51914485420767,0.004512310028076172,5.719196909156365,135.50923404482575,309.8153971433376,309.55960825930606,1900.0,1920.0,0.7725
46023,7.758078988142839,135.51924097256398,0.0045320987701416016,5.71493393012055,135.50006313670792,309.8204602021825,309.59053264384283,1900.0,1920.0,0.7725
46285,7.757983470526267,135.5189910648376,0.004485130310058594,5.7095293923632005,135.48881494607087,309.8267454659507,309.63921276429187,1900.0,1920.0,0.7725
46563,7.758108424389457,135.51923136072836,0.004541158676147461,5.730682295775955,135.53333541974243,309.8019733320883,309.4638359226674,1900.0,1940.0,0.7725000000000002
46818,7.758060365211307,135.51914485420767,0.0045206546783447266,5.7133304225132795,135.4968896485469,309.8222668822723,309.6096693202046,1900.0,1940.0,0.7725
47079,7.758238184170461,135.51950049212599,0.004604816436767578,5.70978052213017,135.489225617813,309.82649310348046,309.63528293665604,1900.0,1940.0,0.7725
47334,7.758055559293492,135.51914485420767,0.004520893096923828,5.7046455964099945,135.47837370242644,309.832523838233,309.67618134838017,1900.0,1940.0,0.7725
47595,7.758014708992064,135.51897184116635,0.004502534866333008,5.718553505868144,135.50764250654072,309.81623478017815,309.56307526254034,1900.0,1920.0,0.7725
47853,7.758185919814223,135.51929864357774,0.00458073616027832,5.7094082390049445,135.48826116591036,309.82699331060513,309.63673436100044,1900.0,1920.0,0.7725
48112,7.758449043814592,135.519760011688,0.004702091217041016,5.72830746063981,135.527865839764,309.8049209838404,309.4777333175484,1900.0,1920.0,0.7725
48383,7.75852233406127,135.51990418922244,0.004735231399536133,5.723902471602298,135.51856649846368,309.81008908364987,309.5144293705389,1900.0,1920.0,0.7725
48628,7.758398581677535,135.51970234067423,0.004677772521972656,5.730896923849619,135.53342572772078,309.8018500775929,309.45790094793165,1900.0,1920.0,0.7725
48888,7.758516927403728,135.52001953125,0.004732847213745117,5.70668737062269,135.4821698458597,309.8303097695522,309.6517113499915,1900.0,1940.0,0.7725
49141,7.758373951348733,135.5197888471949,0.004665851593017578,5.72681506528214,135.5248195053605,309.80663493038844,309.48904707392353,1900.0,1920.0,0.7725
49416,7.758452047513226,135.5198849655512,0.004700183868408203,5.7199864893900925,135.51032732536837,309.81467396139556,309.54429560347864,1899.9999999999998,1920.0,0.7725
49671,7.75850491260919,135.51993302472934,0.004725456237792969,5.723297324078146,135.51733985355716,309.81078106938423,309.51868030372555,1900.0,1920.0,0.7725
49949,7.758611243540846,135.52019254429135,0.004775524139404297,5.73171105873344,135.53491332610992,309.8009768778811,309.44576042562744,1900.0,1940.0,0.7725
50192,7.75873920110267,135.52043284018208,0.004830121994018555,5.718843483159917,135.50770262113033,309.81609018681627,309.5507759403272,1900.0,1920.0,0.7725
50448,7.75852233406127,135.52003875492127,0.004730939865112305,5.728687873630504,135.52874493719497,309.8044477577607,309.47363255413507,1900.0,1920.0,0.7725
50703,7.75867011603408,135.5203655573327,0.004797935485839844,5.738503479107553,135.54939744170568,309.7929578558792,309.3913384665767,1900.0,1920.0,0.7725
50977,7.758571594718874,135.52015409694883,0.0047512054443359375,5.701110050173179,135.47033319353145,309.83687818522503,309.6955787010786,1900.0,1940.0,0.7725
51233,7.758599829486036,135.52022137979824,0.004765033721923828,5.719822058687531,135.50977759954247,309.81493870499816,309.5405231173222,1900.0,1920.0,0.7725
51482,7.758555975485975,135.52026943897638,0.004741191864013672,5.712383231155298,135.4943556978747,309.8235678631995,309.6049855252229,1900.0,1920.0,0.7725
51735,7.7589134156234625,135.52105760949803,0.004906177520751953,5.729094289433229,135.52949230415152,309.8040101525764,309.4642814018075,1900.0,1940.0,0.7725
51992,7.75865089236282,135.5205577940453,0.004786014556884766,5.714327059411837,135.49845483636886,309.8212883238159,309.5876780683544,1900.0,1920.0,0.7725
52250,7.758812491349349,135.52083653727854,0.004860877990722656,5.728876715583271,135.5289954759049,309.80427869467565,309.46483560044544,1900.0,1920.0,0.7725
52501,7.758855744609683,135.52094226747047,0.0048825740814208984,5.706607983088583,135.4818258095214,309.83046550724606,309.64512754297357,1900.0,1920.0,0.7725
52766,7.7590215487742995,135.52122101070375,0.004957675933837891,5.721389231871172,135.51302002947858,309.8131232401265,309.52475004762687,1900.0,1920.0,0.7725
53032,7.758969284418061,135.5211825633612,0.004932403564453125,5.713509254998505,135.49641592270194,309.82235878695985,309.5890531569032,1900.0,1920.0,0.7725
53286,7.758948859267347,135.52108644500493,0.004921913146972656,5.718528166204759,135.50703385428503,309.8164612813177,309.54886550547565,1900.0,1920.0,0.7725
53544,7.759030559870202,135.52127868171752,0.004960298538208008,5.729801431098887,135.5307138316182,309.80327668634993,309.45383493408076,1900.0,1920.0,0.7725
53798,7.75915190929503,135.52154781311515,0.005014657974243164,5.720398502678638,135.5106815551553,309.81437324268086,309.52704386793573,1900.0,1920.0,0.7525
54050,7.759299090528113,135.52196112204723,0.005084991455078125,5.734528683769489,135.54067373572488,309.79773811647897,309.41171257712585,1900.0,1920.0,0.7725
54304,7.759096641240158,135.52150936577266,0.00499272346496582,5.716393056222387,135.50239106621513,309.81901467305914,309.56158125533693,1900.0,1920.0,0.7725
54563,7.759160920390933,135.52176888533467,0.0050220489501953125,5.702120399077435,135.4723047502674,309.83574948613193,309.6777224847691,1900.0,1920.0,0.7725
54811,7.759199968473179,135.5218457800197,0.005039215087890625,5.705037327979176,135.47847651201144,309.83232085085444,309.6540789978071,1900.0,1940.0,0.7725
55067,7.759229404719796,135.52185539185533,0.005053520202636719,5.7224433217195845,135.5151213015886,309.81193038849386,309.50951516976863,1900.0,1920.0,0.7725
55326,7.75899631770577,135.52139402374507,0.004946231842041016,5.74459365011792,135.562321288848,309.78579102879513,309.3353351852395,1900.0,1920.0,0.7725
55593,7.759137491541585,135.52179772084153,0.0050122737884521484,5.72497772735071,135.52075582004488,309.8088560896855,309.49201639602325,1900.0,1920.0,0.7725
55845,7.75927085576095,135.5221052995817,0.0050737857818603516,5.722648700530028,135.5157178531875,309.81163165582313,309.5078268521909,1900.0,1920.0,0.7725
56105,7.759709996501292,135.52302803580218,0.005277156829833984,5.729244927594455,135.52925789384457,309.80402915578327,309.44551765675055,1900.0,1940.0,0.7725
56369,7.760004358967459,135.52364319328248,0.005414009094238281,5.699035233052074,135.46514653291715,309.8395996981194,309.6893917684322,1900.0,1920.0,0.7725
56628,7.759929867241326,135.5235182394193,0.005378246307373047,5.719478370708377,135.50839539624977,309.81557471585745,309.52125934728724,1900.0,1920.0,0.7725
56893,7.759809118556226,135.52324910802164,0.005319833755493164,5.746586826444218,135.56595836896972,309.78365550894176,309.3039646850011,1900.0,1920.0,0.7725
57162,7.759484719103716,135.5225474440207,0.005168914794921875,5.731433470282879,135.53390098093135,309.80145356290046,309.42800550559105,1900.0,1940.0,0.7725
57428,7.759612676665539,135.5227781280758,0.0052280426025390625,5.706505260143698,135.48104651822325,309.8307855003465,309.6307956533567,1900.0,1920.0,0.7725
57695,7.759384395569328,135.52230714812993,0.005120515823364258,5.724482560004451,135.51949582736344,309.80951311823327,309.4918727358481,1900.0,1920.0,0.7725
57957,7.759532177542139,135.52259550319883,0.005189657211303711,5.7249265551651884,135.52029177974197,309.8090422842406,309.48550470022394,1900.0,1940.0,0.7725
58215,7.759369977815884,135.5222398652805,0.0051136016845703125,5.736726479206198,135.545435870688,309.79511668600225,309.3933595389583,1900.0,1940.0,0.7725
58479,7.7590900331031625,135.52159587229332,0.004984855651855469,5.728241942627982,135.52769912629304,309.80500791113235,309.4681346662477,1900.0,1920.0,0.7725
58731,7.758958471102979,135.5213267408957,0.00492405891418457,5.720740981378078,135.51178563294516,309.8138363330546,309.527786575484,1900.0,1940.0,0.7725
58993,7.759095439760704,135.5216919906496,0.004987239837646484,5.748337392318166,135.57030203935952,309.7813730360272,309.304775470579,1900.0,1920.0,0.7725
59252,7.759139894500493,135.52180733267716,0.00500798225402832,5.728688300027536,135.5285621676085,309.80451233414556,309.4603763432244,1900.0,1920.0,0.7524999999999997
59519,7.758924829678273,135.5213363527313,0.0049076080322265625,5.742595623516993,135.55821264254098,309.7880956757814,309.3519960802514,1900.0,1920.0,0.7525
59779,7.759108656034695,135.5217496616634,0.004992008209228516,5.73427225004177,135.54052952221778,309.7978982417876,309.41827463012874,1900.0,1920.0,0.7525
60038,7.759322519377461,135.5221725824311,0.0050885677337646484,5.722593857540819,135.51558277487908,309.8117028436418,309.50921174465793,1900.0,1920.0,0.7725
60301,7.759246225432149,135.5220091812254,0.005051374435424805,5.72244626850266,135.51537644780387,309.8118387143967,309.51214467391924,1900.0,1920.0,0.7725
60560,7.759304497185655,135.52213413508858,0.005077362060546875,5.729864030041128,135.53090415879763,309.80318263643784,309.4490057394894,1900.0,1920.0,0.7725
60829,7.759167528527929,135.52182655634843,0.005015373229980469,5.734842156614862,135.54158077256454,309.7972835136819,309.41091140022104,1900.0,1920.0,0.7725
61094,7.759389201487143,135.5222687007874,0.005116939544677734,5.711023181135937,135.49082994438842,309.8253960193451,309.599094559017,1900.0,1940.0,0.7725
61354,7.759665541761504,135.52282618725394,0.0052454471588134766,5.712169110114681,135.49308592337144,309.82410904584617,309.5863110273999,1900.0,1920.0,0.7725
61611,7.759562815268209,135.52262433870573,0.005196571350097656,5.739367915792972,135.55073560690658,309.79211630953995,309.3660123284003,1900.0,1920.0,0.7725
61862,7.759367574856976,135.522201417938,0.005106210708618164,5.72915256669113,135.52920007810948,309.8040889118078,309.4516646860304,1900.0,1940.0,0.7725
62125,7.759149506336122,135.52179772084153,0.005002021789550781,5.708406876142601,135.4856880538889,309.82833131919136,309.62704960608426,1900.0,1920.0,0.7725
62397,7.759310504582924,135.52219180610237,0.005075931549072266,5.736787159629877,135.54558704856439,309.7950373338162,309.39165517563697,1900.0,1920.0,0.7525
62652,7.759353157103531,135.5223263718012,0.005094289779663086,5.730749137230859,135.53284376385764,309.8021190989481,309.4408720073725,1900.0,1940.0,0.7725
62907,7.7593609667199805,135.52238404281496,0.005095243453979492,5.72232392171723,135.51495724363292,309.81203929472036,309.50781467928766,1900.0,1920.0,0.7525
63163,7.759379589651513,135.52242249015748,0.005103588104248047,5.735944425480345,135.54393860786604,309.7959795913874,309.3995014511304,1900.0,1940.0,0.7725
63432,7.759741835706816,135.5231722133366,0.00526881217956543,5.733399095308028,135.53821307954593,309.799090119384,309.41337992073545,1900.0,1920.0,0.7525
63690,7.759877602885089,135.52343173289862,0.00532984733581543,5.717107820176329,135.50369494552564,309.81824861579855,309.5466463413952,1900.0,1940.0,0.7725
63935,7.7599575012687625,135.52349901574803,0.005366325378417969,5.7206498610399095,135.51091804296533,309.81418255866504,309.5138722862837,1900.0,1920.0,0.7725
64196,7.759859580693283,135.52323949618602,0.0053195953369140625,5.712594445293475,135.49389738809455,309.82364054314394,309.58183270408074,1899.9999999999998,1920.0,0.7525
64448,7.759761059378076,135.5230376476378,0.005274772644042969,5.726942444978924,135.5243243007021,309.8067562392891,309.4657049211048,1900.0,1920.0,0.7725
64710,7.759928065022146,135.52344134473427,0.005350351333618164,5.7306421522680315,135.53206294557154,309.8024412260224,309.4325242244445,1900.0,1920.0,0.7725
64969,7.760174368310163,135.52392193651573,0.0054628849029541016,5.72455721162626,135.5189223415666,309.80968460229406,309.4775411907449,1900.0,1920.0,0.7725
65229,7.760277094803458,135.52411417322836,0.0055103302001953125,5.7067777030610225,135.48126639911237,309.83059171253285,309.62356595655024,1900.0,1940.0,0.7725
65487,7.76026147557056,135.5241045613927,0.0055010318756103516,5.7072863327685,135.4822776892557,309.83001689810686,309.6170932799821,1900.0,1920.0,0.7525
65745,7.760398444228286,135.52444097563975,0.0055654048919677734,5.709158045468673,135.48614063211815,309.8278515106136,309.5994262451883,1900.0,1940.0,0.7725
66004,7.760323351762427,135.52431602177657,0.0055310726165771484,5.70411881994911,135.47579198536616,309.83366327562953,309.6456438767798,1900.0,1940.0,0.7725
66259,7.758220161978654,135.52400844303642,0.0054721832275390625,5.7131524594209315,135.49883043453053,309.82165455225004,309.5522549594409,1900.0,1940.0,0.7725
66519,7.758276631512981,135.52414300873525,0.005500078201293945,5.733074895129773,135.5409199121027,309.7982690717408,309.3868548816922,1900.0,1940.0,0.7725
66786,7.758542759211983,135.52472933070865,0.0056226253509521484,5.723598749004194,135.52081019277506,309.809423131836,309.4634324944939,1900.0,1920.0,0.7525
67043,7.758580005075049,135.52481583722934,0.005637645721435547,5.716288895566798,135.50529156335296,309.8180308595321,309.52212632004716,1900.0,1920.0,0.7725
67303,7.75840699203371,135.5244794229823,0.005560398101806641,5.709027872320407,135.49000699258463,309.8265360499848,309.58257017225515,1900.0,1920.0,0.7725
67560,7.758229773814284,135.52412378506398,0.005478620529174805,5.728378982615761,135.5312270942463,309.8036996511101,309.428949621421,1900.0,1940.0,0.7725
67813,7.757925799512488,135.523422121063,0.005337715148925781,5.696301927231586,135.4635283228382,309.84133555086464,309.69660731262456,1900.0,1920.0,0.7725
68079,7.758182916115588,135.52385465366635,0.005453824996948242,5.7207391017095555,135.51508434200062,309.81266806662495,309.49582790985494,1900.0,1940.0,0.7725
68348,7.75832649291031,135.52421029158464,0.005521535873413086,5.7273224413057635,135.52876359816304,309.80502171228517,309.43571852387004,1900.0,1920.0,0.7725
68616,7.758605836883305,135.52481583722934,0.005650043487548828,5.714696280629148,135.5017923027365,309.819948296245,309.53388595984484,1900.0,1920.0,0.7725
68881,7.758861752006952,135.5253829355315,0.005768537521362305,5.71531203927091,135.50299153225967,309.8192614247672,309.5266141516729,1900.0,1920.0,0.7725
69137,7.758599829486036,135.52488312007873,0.005646944046020508,5.692395690637937,135.45463669696764,309.846149976977,309.71624969219124,1900.0,1900.0,0.7724999999999997
69382,7.7585860124723185,135.52488312007873,0.005636453628540039,5.7146248473382535,135.50174207272457,309.81999647065396,309.5341298604253,1900.0,1920.0,0.7725
69646,7.758731391486221,135.5252195343258,0.0057032108306884766,5.7271641218102225,135.52811721298363,309.80531805181124,309.4275320211625,1900.0,1920.0,0.7725
69913,7.758925430418,135.52556556040847,0.005791425704956055,5.700598642849322,135.47185489483687,309.83655592470996,309.64632446124006,1900.0,1920.0,0.7725
70179,7.758628064253199,135.5249311792569,0.005654096603393555,5.718702561335904,135.51035345534115,309.81521057640606,309.50093996400255,1900.0,1920.0,0.7725
70437,7.758897796390564,135.52555594857284,0.0057795047760009766,5.701722697232165,135.47428000435502,309.8352180663063,309.63716297565543,1900.0,1940.0,0.7725
70699,7.759120070089505,135.5259596456693,0.0058820247650146484,5.7144634346665635,135.50089213378726,309.8203663727339,309.5263021520651,1900.0,1940.0,0.7725
70968,7.757009070689285,135.52765132874015,0.005827188491821289,5.722488857725662,135.52412689941477,309.8087197437773,309.44570209179733,1900.0,1920.0,0.7525
71223,7.756805419921875,135.5272860789862,0.005732297897338867,5.720017812063884,135.5192222161521,309.8115083429242,309.4717802198711,1900.0,1920.0,0.7725
71489,7.756884116826095,135.52738219734252,0.005770206451416016,5.70604594314391,135.48939907515552,309.8280192536322,309.5829278042114,1900.0,1940.0,0.7725
71751,7.756880512387734,135.52739180917814,0.005769014358520508,5.714616452900326,135.50761791637112,309.8179173297608,309.51344705647307,1900.0,1920.0,0.7525
72019,7.756377693236344,135.52627683624507,0.005536079406738281,5.711196933675368,135.5005844340617,309.82186415131633,309.5469131246816,1900.0,1940.0,0.7725
72279,7.7564155398391375,135.52637295460138,0.005553007125854492,5.70547660495462,135.4885829186219,309.8285506482964,309.59551908272454,1900.0,1920.0,0.7725
72541,7.75670269342858,135.52699772391733,0.005683183670043945,5.723558387447552,135.52660946446153,309.80738535425485,309.4421170469569,1900.0,1920.0,0.7525
72800,7.757014477346826,135.52767055241142,0.005826711654663086,5.7187570898090625,135.51616053773228,309.81312934121314,309.4753890636109,1900.0,1920.0,0.7725
73060,7.757078155757874,135.52777628260336,0.0058553218841552734,5.7149326512625045,135.50795018244895,309.8176651342208,309.5054973733543,1900.0,1940.0,0.7725
73320,7.757096778689408,135.52783395361712,0.00586390495300293,5.711353177941946,135.50050056390307,309.8218274576434,309.53648740841936,1900.0,1920.0,0.7725
73575,7.757074551319513,135.52781472994587,0.005854129791259766,5.7396345945454765,135.5605663197086,309.78852125785346,309.3076567213973,1900.0,1920.0,0.7725
73838,7.756912351593258,135.52732452632875,0.005777835845947266,5.694382007397986,135.46462206050234,309.8417637360967,309.67981198584107,1900.0,1920.0,0.7725
74090,7.756857083538386,135.52709384227364,0.005751848220825195,5.708500655550069,135.49450803833264,309.8251644536279,309.56552468665336,1900.0,1920.0,0.7725
74350,7.756396316167876,135.5261518823819,0.0055387020111083984,5.724637769717812,135.5290033470667,309.8060782287568,309.43895461825446,1900.0,1920.0,0.7725
74610,7.756544698880414,135.52655557947836,0.005605220794677734,5.7380780148777735,135.55767914099997,309.79020561586185,309.33199219815583,1900.0,1920.0,0.7725
74865,7.756487027866634,135.5264402374508,0.005578517913818359,5.733370044612352,135.54753955775527,309.79579871681284,309.366900905898,1900.0,1920.0,0.7725
75136,7.756487027866634,135.526382566437,0.005576610565185547,5.70900475307633,135.49595308469594,309.8244378710202,309.5675942229793,1900.0,1940.0,0.7725
75388,7.756565124031128,135.52650752030019,0.00561213493347168,5.705746296773847,135.48901331869155,309.82828340355707,309.5942339509222,1900.0,1920.0,0.7725
75649,7.756668451264148,135.52675742802657,0.0056610107421875,5.728713271507698,135.53744650092332,309.80135408295195,309.40202868333006,1900.0,1920.0,0.7725
75913,7.756908146415171,135.52735336183565,0.005773067474365234,5.703460401764643,135.48383708901952,309.83109042837657,309.6042647750662,1900.0,1920.0,0.7725
76180,7.756876307209646,135.52726685531496,0.005756378173828125,5.705803043631425,135.4888212924011,309.82832736172406,309.5852875899611,1900.0,1920.0,0.7725
76440,7.756826445812316,135.52710345410924,0.005731105804443359,5.732963516595694,135.5463824817437,309.7963814227875,309.36498616346967,1900.0,1920.0,0.7525
76700,7.754925705316499,135.52725724347934,0.005765676498413086,5.713736841594737,135.5096979855268,309.81755403970317,309.5048376091506,1900.0,1920.0,0.7725
76969,7.754713644192914,135.52682471087599,0.005666255950927734,5.715371913338214,135.51349003862546,309.8155149478721,309.497196962929,1900.0,1920.0,0.7725
77214,7.756169236551121,135.5277955062746,0.005429983139038086,5.701483777793327,135.4824426013722,309.8324251422174,309.63505360787167,1900.0,1920.0,0.7725
77469,7.756234116441622,135.52791084830218,0.005457162857055664,5.704392731183972,135.48864102917847,309.82899080657484,309.6124234693825,1900.0,1940.0,0.7725
77721,7.755889892578126,135.52717073695868,0.00529789924621582,5.716534480585543,135.51446710401055,309.8146744199849,309.51572430944407,1900.0,1920.0,0.7725
77975,7.758075984444205,135.5275744340551,0.005392313003540039,5.698313118289048,135.47165439472695,309.8375985913653,309.67980521329673,1900.0,1940.0,0.7725
78239,7.757860318882259,135.52716112512303,0.0052907466888427734,5.714760419588895,135.50672908561236,309.81817116075496,309.54930942190686,1900.0,1920.0,0.7725
78497,7.758218359759473,135.5279204601378,0.0054585933685302734,5.713513081502761,135.50376582747953,309.8197517799547,309.5530886561469,1900.0,1940.0,0.7725
78746,7.758122241403174,135.52776667076773,0.005415439605712891,5.702606709607857,135.48079681413293,309.83253136033557,309.6435922210859,1900.0,1940.0,0.7725
79002,7.757914385457677,135.5272860789862,0.00531768798828125,5.705817568202902,135.4874892115079,309.8287934741592,309.6160288347769,1900.0,1920.0,0.7725
79259,7.758401585376169,135.52827609805612,0.0055425167083740234,5.713498950637759,135.5034410191719,309.8198729189314,309.5478751461508,1900.0,1920.0,0.7725
79527,7.758143267293614,135.52778589443898,0.0054242610931396484,5.693685618827743,135.46158424377197,309.8431372395769,309.71126600496314,1900.0,1920.0,0.7725
79785,7.757933609128938,135.52735336183565,0.005328655242919922,5.733592012915936,135.54633514148168,309.79613095519,309.3900107466661,1900.0,1920.0,0.7725
80042,7.75841299943098,135.52841066375493,0.0055506229400634766,5.743014312359426,135.56615620559276,309.7851046340309,309.30907113685373,1900.0,1920.0,0.7725
80291,7.7586785263902565,135.5289777620571,0.005674600601196289,5.707151109700317,135.48984841056887,309.8273901248697,309.59464886648357,1900.0,1920.0,0.7725
80552,7.7587488129383,135.5291027159203,0.005709409713745117,5.7386459157303875,135.55636111504722,309.7904309205976,309.33340867439097,1900.0,1920.0,0.7725
80798,7.759262445404774,135.53035225455218,0.005945682525634766,5.7265953496175594,135.53063402601973,309.80466814856646,309.425210030726,1900.0,1920.0,0.7725
81054,7.761172196996494,135.53030419537401,0.00591588020324707,5.712406385049582,135.49638918653542,309.82283713974937,309.5547768609092,1900.0,1940.0,0.7725
81316,7.7611355518731555,135.5302080770177,0.005898952484130859,5.730659818371031,135.53517377720547,309.8013315926823,309.4074704668383,1900.0,1920.0,0.7725
81584,7.7612725205308815,135.53048682025099,0.005962371826171875,5.746074610590674,135.56769791082885,309.783257363882,309.2787425639185,1900.0,1920.0,0.7725
81845,7.761162585160864,135.53226500984252,0.005917549133300781,5.742305491530577,135.56200682438825,309.78687539890666,309.3146127550526,1900.0,1920.0,0.7525
82102,7.761081485297737,135.5320343257874,0.0058803558349609375,5.725298471689692,135.5257361438735,309.80695496258016,309.4507246934795,1900.0,1940.0,0.7725
82364,7.76130916565422,135.53256297674704,0.00598454475402832,5.727197414931082,135.52977338929625,309.8047170910311,309.4342587272504,1900.0,1940.0,0.7725
82617,7.761360228531005,135.53263025959646,0.006005048751831055,5.738740969851428,135.55413412578793,309.79117922064484,309.33836077852436,1900.0,1940.0,0.7725
82874,7.761823398860421,135.53353377214566,0.006219387054443359,5.733914893689061,135.54330965158815,309.7970653643293,309.36687406249257,1900.0,1940.0,0.7725000000000002
83130,7.762067899929257,135.53409125861222,0.0063323974609375,5.751862891436515,135.58131763242844,309.7759737728183,309.2182409751995,1900.0,1940.0,0.7725
83389,7.761970580093505,135.53385096272146,0.006283998489379883,5.716132985891908,135.5054922834217,309.8180259996482,309.51090754287566,1900.0000000000002,1920.0,0.7725
83646,7.761753713052104,135.53338959461124,0.006182670593261719,5.70907603120812,135.4907208918967,309.8262624751378,309.5725762889947,1900.0,1920.0,0.7725
83903,7.761715265709585,135.53327425258368,0.006165027618408203,5.720713975155637,135.51543799669216,309.81255341735204,309.47822174940393,1900.0,1920.0,0.7725
84166,7.761876864696112,135.53359144315945,0.006239414215087891,5.70617189810555,135.4842401610027,309.82979482734976,309.5918367691611,1900.0,1920.0,0.7525
84430,7.761849230668677,135.53353377214566,0.006225109100341797,5.7148320904778975,135.5027786149086,309.81954094395275,309.5240139271434,1900.0,1920.0,0.7725
84688,7.762138787217029,135.53414892962599,0.006361484527587891,5.735161653990323,135.54555898663583,309.7957384621484,309.34995492404175,1900.0,1920.0,0.7725
84951,7.762422336368111,135.5347640871063,0.006491184234619141,5.707321071657438,135.48621771285772,309.82860512587234,309.5728080573615,1900.0,1920.0,0.7725
85202,7.762448168176366,135.5347640871063,0.006502389907836914,5.720073931983286,135.51331337406518,309.81357849816317,309.46977427404227,1900.0,1920.0,0.7525
85457,7.762739526943898,135.53542730376475,0.006636857986450195,5.720945164547649,135.51479410934903,309.8126833124609,309.4551044839543,1900.0,1920.0,0.7725
85722,7.762743131382259,135.53538885642226,0.0066394805908203125,5.736232779572265,135.54723996310773,309.7946875825943,309.32982843786647,1900.0,1920.0,0.7725
85971,7.7625893420121805,135.53506205401084,0.006566762924194336,5.723627386427474,135.5205158726121,309.80951525130627,309.4344132107865,1900.0,1920.0,0.7725
86225,7.762831440122109,135.53548497477854,0.006678581237792969,5.7282610209474365,135.53025550078462,309.8040940451564,309.39580018488937,1900.0,1920.0,0.7525
86481,7.762922151820867,135.5356964351624,0.006721019744873047,5.702033827108187,135.4742184984138,309.83510761541925,309.6044803908626,1900.0,1920.0,0.7725
86739,7.7629810243141,135.53584061269686,0.00674891471862793,5.7291068651180606,135.53195772427992,309.8031313023154,309.3862682045683,1900.0,1940.0,0.7725
87007,7.762565913162833,135.53491787647638,0.0065577030181884766,5.738621322647764,135.55226637897496,309.7918916055344,309.31111019628406,1900.0,1920.0,0.7525
87272,7.762850663793369,135.5354945866142,0.006689548492431641,5.725239613056595,135.52377043108237,309.80767651286305,309.42032625435354,1900.0,1920.0,0.7525
87519,7.7649069958784445,135.53564837598427,0.006724357604980469,5.726725070813928,135.5226598157444,309.80743846131077,309.42236013142224,1900.0,1920.0,0.7525
87785,7.765071598563607,135.53595595472441,0.006800651550292969,5.713637878193905,135.4945901124954,309.82295135715134,309.5247236327082,1900.0,1920.0,0.7725
88040,7.764884768508551,135.53555225762796,0.006714344024658203,5.7489779609758935,135.5697560066461,309.78129396679736,309.23766802690625,1900.0,1920.0,0.7725
88302,7.76514008289247,135.53610013225887,0.006833314895629883,5.718518289376719,135.50472172945607,309.8172849966193,309.4807358510973,1899.9999999999998,1920.0,0.7725
88550,7.765273447111836,135.53638848732777,0.006895303726196289,5.706415395983294,135.4789138926074,309.8315799127479,309.5781246264539,1900.0,1920.0,0.7725
88812,7.7651833361528055,135.5361770269439,0.006853342056274414,5.732581990584599,135.53451046356446,309.8007492789215,309.3631617519977,1900.0,1920.0,0.7725
89075,7.7649244173305245,135.53567721149116,0.006733894348144531,5.713602595853796,135.49455394145608,309.82297918018145,309.52544647061245,1900.0,1920.0,0.7725
89335,7.764930424727793,135.53571565883365,0.006736040115356445,5.701208698918929,135.46830123612247,309.8375568866798,309.627579709437,1900.0,1920.0,0.7525
89608,7.765200156865158,135.5362731453002,0.006861686706542969,5.71575218969023,135.49895731561273,309.8205043097154,309.50499963624,1900.0,1920.0,0.7525
89865,7.765256025659756,135.53645577017716,0.006890296936035156,5.753016137083972,135.57822998082648,309.77657642976936,309.1999225940532,1900.0,1920.0,0.7725
90122,7.76496947281004,135.53795521653544,0.006763458251953125,5.720639445389789,135.51154474316144,309.8139648765925,309.4641726546855,1900.0,1920.0,0.7725
90390,7.765066792645793,135.53812822957678,0.006809711456298828,5.713856346801696,135.49735432508126,309.82187856420126,309.52420797638683,1900.0,1920.0,0.7725
90658,7.764705147330217,135.53741695374015,0.0066449642181396484,5.739398389409943,135.5516393591216,309.7917832563686,309.31509514008894,1900.0,1920.0,0.7525
90924,7.764737587275468,135.53757074311022,0.006658792495727539,5.720954626916048,135.5126403645648,309.81344257493265,309.4678499267535,1900.0,1920.0,0.7725
91178,7.764893178864727,135.53786871001478,0.006728410720825195,5.738907365102441,135.55078010433618,309.7922963872434,309.3212595331638,1900.0,1920.0,0.7725
91431,7.764899186261996,135.53788793368602,0.006731986999511719,5.715742871171385,135.5015706093394,309.81958192413066,309.51090159364844,1900.0,1920.0,0.7725
91687,7.765104639248586,135.5383877491388,0.006827116012573242,5.725699575633788,135.52262337835825,309.807887398105,309.4260423486405,1900.0,1920.0,0.7725
91948,7.764740590974102,135.53760919045277,0.00665736198425293,5.7090957290580775,135.48765811242734,309.8273399779392,309.5679668694363,1900.0,1920.0,0.7725
92201,7.764662494809609,135.53746501291832,0.006619930267333984,5.730103145883749,135.53233655655373,309.8025734719011,309.3970623811658,1900.0,1940.0,0.7725
92451,7.76461443563146,135.5373977300689,0.006598949432373047,5.717363023753629,135.50517894836085,309.8176141073603,309.4984944082464,1900.0,1940.0,0.7725
92715,7.764557966097134,135.53730161171262,0.006570100784301758,5.721857688855203,135.51496278932314,309.81223555800057,309.4657052652117,1900.0,1920.0,0.7725
92973,7.764482272891549,135.53715743417814,0.006533622741699219,5.720961822595166,135.51313217758866,309.8132652152526,309.4743702658916,1900.0,1920.0,0.7525
93230,7.764582596425935,135.53725355253445,0.006578207015991211,5.729346761079095,135.53085391406702,309.80342037837426,309.40611309240467,1900.0,1920.0,0.7725
93493,7.7647159606453,135.5374554010827,0.006641864776611328,5.727322533658222,135.526342162364,309.8058796370021,309.4204597677842,1900.0,1920.0,0.7725
93753,7.764685923658957,135.53740734190453,0.006628990173339844,5.714291153751013,135.49852689208151,309.82127804623326,309.5244378777729,1900.0,1920.0,0.7525
94007,7.764503899521716,135.53700364480807,0.006543874740600586,5.731254006486353,135.53467922739125,309.8012541530967,309.3879477368364,1900.0,1920.0,0.7725
94265,7.764448030727117,135.53693636195868,0.0065190792083740234,5.724595858094862,135.52081269911898,309.80899829705993,309.44733446080727,1900.0,1920.0,0.7725
94524,7.764481672151821,135.53699403297244,0.00653386116027832,5.732211026076213,135.5368168424421,309.80008992760276,309.3815934251038,1900.0,1940.0,0.7725
94791,7.764465452179196,135.53698442113682,0.006529808044433594,5.731825004104815,135.53602319648263,309.8005352293779,309.384545997533,1900.0,1920.0,0.7725
95043,7.764461247001108,135.53692675012303,0.006527900695800781,5.726326679994075,135.52433892614738,309.80701287142125,309.43014180682997,1900.0,1920.0,0.7725
95301,7.7647616168645435,135.53753229576773,0.006665468215942383,5.734659377543949,135.5417662634334,309.7972955253892,309.35745350639957,1900.0,1920.0,0.7725
95563,7.764781441275529,135.5375899667815,0.006675004959106445,5.724754492694469,135.52066410488058,309.8089835046449,309.4368143287072,1900.0,1920.0,0.7725
95819,7.764897384042815,135.53789754552167,0.006728649139404297,5.747634238802405,135.56927924745895,309.782034203366,309.24936200280126,1900.0000000000002,1920.0,0.7725
96079,7.764765822042631,135.5376860851378,0.006669044494628906,5.727391203618319,135.52653338742797,309.8057826833468,309.4181637475806,1900.0,1920.0,0.7525
96338,7.764724971741203,135.5376188022884,0.006651878356933594,5.70806303541517,135.48533175907147,309.8286038227683,309.5729540415151,1900.0,1920.0,0.7725
96594,7.764841515248217,135.53781103900099,0.0067059993743896484,5.734062143774572,135.54062226197527,309.79795472838316,309.3619302843085,1900.0,1920.0,0.7725
96861,7.764628853384904,135.5374554010827,0.006608009338378906,5.70590430447989,135.4810169378392,309.83105146733396,309.59528160408934,1900.0,1920.0,0.7725
97118,7.764902790700357,135.53798405204233,0.006731986999511719,5.736483846858151,135.54564749999238,309.7951448949126,309.3394993880414,1900.0,1940.0,0.7725
97376,7.764588603823205,135.53731122354822,0.006585359573364258,5.722352534253709,135.51574721880723,309.8117471707126,309.4581189955202,1900.0,1920.0,0.7725
97627,7.764508104699804,135.53712859867127,0.006549835205078125,5.726180844984101,135.5241924651196,309.8071267749088,309.4327703018123,1900.0,1920.0,0.7725
97889,7.764488280288817,135.5370805394931,0.006539344787597656,5.733041343540263,135.53881384896644,309.79902941103603,309.37759234232635,1900.0,1920.0,0.7525
98148,7.764239574041893,135.5364942175197,0.0064239501953125,5.724151538392063,135.52000777173174,309.8094724465299,309.45335870281065,1900.0,1920.0,0.7725
98398,7.764217947411725,135.5364365465059,0.006414175033569336,5.735084440187663,135.5431877498506,309.7966112441876,309.3636195657202,1900.0,1940.0,0.7725
98660,7.76409419502799,135.53613857960138,0.0063550472259521484,5.736462501996071,135.54624954590963,309.79494071753174,309.35542103047203,1900.0,1920.0,0.7724999999999997
98934,7.76399447223333,135.535888671875,0.00630950927734375,5.7086824384358374,135.48722073496592,309.8276707510854,309.5823899077104,1900.0,1920.0,0.7725
99183,7.763892947219489,135.5356579878199,0.0062634944915771484,5.731213632156488,135.53524564995828,309.8010706494114,309.4020697847434,1900.0,1920.0,0.7725
99440,7.763801034041277,135.53538885642226,0.00621795654296875,5.712199623819503,135.49482256686065,309.8234804129357,309.558194464538,1900.0,1920.0,0.7725
99695,7.764172291192483,135.53615780327266,0.006388187408447266,5.744724910353892,135.56362402343552,309.7852738903097,309.2879371816591,1900.0,1940.0,0.7725
99947,7.763918779027744,135.53552342212106,0.006268739700317383,5.732542165181589,135.5377035301675,309.7996350041894,309.3880269685005,1900.0,1920.0,0.7525000000000002
100203,7.763977651520977,135.53571565883365,0.006295919418334961,5.72207372803728,135.51570208458116,309.8118817059698,309.4772484576155,1900.0,1920.0,0.7725
100458,7.7638304702878935,135.5353504090797,0.006226539611816406,5.733595280471309,135.5400571164953,309.79835344344724,309.3819913702064,1900.0,1960.0,0.7125
100731,7.763521690068283,135.53466796875,0.006082057952880859,5.7309336181250465,135.5346378152279,309.8014050534515,309.40881019702124,1900.0,1920.0,0.7725
100996,7.7635373093011815,135.53471602792817,0.006089925765991211,5.73631606994249,135.54619870257457,309.79502099216046,309.3670888629115,1900.0,1920.0,0.7725
101262,7.763557133712168,135.53471602792817,0.006098270416259766,5.694730616111391,135.45776247552897,309.84404865167846,309.70379194986754,1900.0,1940.0,0.7725
101520,7.764069564699189,135.5357541061762,0.006335735321044922,5.733527670014672,135.53988443544313,309.7984433639873,309.38340748224994,1900.0,1940.0,0.7725
101789,7.764243178480253,135.53604246124507,0.0064127445220947266,5.723408023291244,135.51799012353138,309.81050356266985,309.4600631972148,1900.0,1900.0,0.7525
102052,7.764451635165477,135.53647499384843,0.006512165069580078,5.709956040863947,135.4893330960338,309.8263803798157,309.56821664554013,1900.0,1920.0,0.7525
102304,7.76446845587783,135.53658072404036,0.006520986557006836,5.748745954887571,135.57149258652004,309.7807777529942,309.24506473400675,1900.0,1920.0,0.7525
102559,7.7645952119602,135.536849855438,0.006578683853149414,5.724573599006925,135.52010566816784,309.80925830484676,309.4417937086615,1900.0,1920.0,0.7525
102818,7.764273215466598,135.53613857960138,0.006430149078369141,5.7193788401035945,135.50947635384185,309.8152339132188,309.4932459530969,1900.0,1940.0,0.7725000000000002
103068,7.764077975055365,135.53574449434055,0.006340503692626953,5.74194453026954,135.55749310416115,309.7886273658686,309.3104442845341,1900.0,1920.0,0.7725
103322,7.764194518562377,135.53603284940945,0.006395816802978516,5.7295909535829415,135.53126337102904,309.80317147861257,309.41081789139014,1900.0,1920.0,0.7525
103576,7.763767392616573,135.53511011318898,0.006195783615112305,5.728803114455268,135.5299659424441,309.80396614452593,309.42451590852215,1900.0,1920.0,0.7525
103826,7.7637535756028555,135.53508127768208,0.0061893463134765625,5.705404328714146,135.4803927188411,309.83148535602913,309.61756890050947,1900.0,1940.0,0.7725
104089,7.763805239219366,135.5352158433809,0.006212949752807617,5.71664460815341,135.50396223419506,309.81835081045324,309.51997271392133,1900.0,1920.0,0.7525
104354,7.76383888064407,135.53533118540847,0.006228446960449219,5.754376060751582,135.58424142732264,309.7738699628815,309.21468974919014,1900.0,1920.0,0.7725
104609,7.7638647124523255,135.53536002091536,0.006238460540771484,5.711937018062462,135.49407794352038,309.82385603237526,309.56048644353086,1900.0,1940.0,0.7725
104876,7.764011893685408,135.53564837598427,0.006305217742919922,5.731865384319987,135.53628309859323,309.8004259839212,309.39560323299065,1900.0,1920.0,0.7725
105140,7.76423236516517,135.53609052042324,0.006404876708984375,5.740281164056853,135.5539455218855,309.7905910896557,309.3234592134079,1900.0,1920.0,0.7725000000000002
105396,7.76417108971303,135.5360136257382,0.006376743316650391,5.740864449455872,135.55518647908684,309.78990355504266,309.3177521173352,1900.0,1920.0,0.7725
105643,7.764357319028359,135.53640771099901,0.0064601898193359375,5.72390231861449,135.51904177468063,309.8099207252263,309.453731837998,1900.0,1900.0,0.7725
105908,7.764539943905327,135.53679218442423,0.0065460205078125,5.715829020260948,135.50167021938242,309.81950998924094,309.5152093512763,1900.0,1920.0,0.7725
106166,7.765101635549951,135.53803211122047,0.006804704666137695,5.72578607291102,135.52237944025086,309.8079370600381,309.42428622290277,1900.0,1920.0,0.7725
106429,7.765119657741757,135.53811861774113,0.006814718246459961,5.711922899663011,135.49292908394952,309.8242693217494,309.53748995372894,1900.0,1920.0,0.7725
106696,7.765271644892656,135.5384165846457,0.006886720657348633,5.72513979653313,135.52077280977667,309.80878116051696,309.4241911015688,1900.0,1920.0,0.7725
106961,7.7659084290031375,135.53972379429135,0.007179975509643555,5.724495360128348,135.51887690960828,309.8097269999635,309.42028149231373,1900.0,1940.0,0.7725
107217,7.765979917030634,135.53984874815453,0.007212638854980469,5.705083609229875,135.47751635172708,309.83264165110876,309.5783241245613,1900.0,1920.0,0.7525
107476,7.7657095841535435,135.53923359067423,0.0070874691009521484,5.715289726818172,135.49932438722666,309.8205708065404,309.49734853339373,1900.0,1920.0,0.7725
107748,7.765828530619464,135.53947388656496,0.007142543792724609,5.70861697125492,135.4850713666163,309.8284606547213,309.55105450314966,1900.0,1920.0,0.7725
108007,7.765540776290293,135.5388683409203,0.00700831413269043,5.726099073129939,135.5224876712488,309.807765625876,309.41279107846503,1900.0,1920.0,0.7725
108280,7.76578527735913,135.54138664185533,0.007126808166503906,5.731305539319313,135.5354080287157,309.800974043693,309.3664170036046,1900.0,1920.0,0.7725
108529,7.767462542676551,135.54076187253938,0.006985187530517578,5.719532534469665,135.50646637795228,309.8162353964649,309.4835884256338,1900.0,1940.0,0.7725
108783,7.767409076840859,135.54058885949803,0.006963968276977539,5.721158038636637,135.5098329074965,309.8143510876135,309.4696590597664,1900.0,1940.0,0.7725
109057,7.767358614703801,135.540511964813,0.006937742233276367,5.730006449942052,135.52869906550896,309.80390335760546,309.3980678630512,1900.0,1920.0,0.7725
109320,7.767133938045952,135.54002176119587,0.0068318843841552734,5.709878953935696,135.48611391581127,309.82755450144134,309.56634781271214,1900.0,1920.0,0.7725
109572,7.767450527882013,135.54064653051182,0.006974935531616211,5.7388169329209395,135.54735382438952,309.7935484163357,309.3251356795911,1900.0,1920.0,0.7725
109825,7.7670366182101995,135.53979107714076,0.0067861080169677734,5.724866729012833,135.51817340498025,309.8098184021508,309.44846908470004,1900.0,1920.0,0.7725
110088,7.766951913908711,135.53959884042817,0.006746768951416016,5.733145644408736,135.53577651335667,309.8000610788688,309.3815141469033,1900.0,1920.0,0.7725
110338,7.767224649744709,135.54014671505905,0.0068743228912353516,5.746767138713254,135.56438907761046,309.78413452298275,309.26279295388827,1900.0,1920.0,0.7725
110592,7.767582690621925,135.54083876722441,0.007040977478027344,5.747069123023155,135.56478822680836,309.78386476169385,309.2572031553144,1900.0,1940.0,0.7725
110857,7.767563466950665,135.54079070804627,0.0070323944091796875,5.728901214048295,135.52603843276887,309.8053160147191,309.4035836744522,1900.0,1920.0,0.7725
111112,7.767545444758859,135.54071381336124,0.007025480270385742,5.737588248010366,135.5444689364284,309.7950927505144,309.33268026049905,1900.0000000000002,1920.0,0.7725
111371,7.767700435608392,135.54097333292324,0.007097005844116211,5.7249367565071125,135.51740690178238,309.81006025648236,309.43398697871,1900.0,1960.0,0.7725
111624,7.767631350539801,135.54083876722441,0.007062673568725586,5.744222691980056,135.55857731904,309.7872746319966,309.279567332307,1900.0,1920.0,0.7725
111893,7.7673177644023745,135.54015632689467,0.006917476654052734,5.721989472063657,135.5113671689754,309.81345381975893,309.46309984056813,1900.0,1920.0,0.7725
112157,7.76725708968996,135.53998331385336,0.006886005401611328,5.723403644197802,135.51451523314472,309.81173686856823,309.45495680717113,1900.0,1920.0,0.7725
112419,7.767627145361713,135.54078109621062,0.007057905197143555,5.729244428371764,135.52652480262788,309.8049977479616,309.39936131440436,1900.0,1920.0,0.7725
112676,7.767926313745694,135.54141547736222,0.007196187973022461,5.748024336879894,135.56638296267732,309.7828938540966,309.2433957101641,1900.0,1940.0,0.7725
112932,7.767791748046876,135.5411944051427,0.007134675979614258,5.715150734629579,135.4965091949993,309.8216278507588,309.5126324040631,1900.0,1920.0,0.7725
113186,7.767445721964198,135.54047351747047,0.006974220275878906,5.729463517630909,135.52725525869425,309.8046457751771,309.401028658918,1900.0,1920.0,0.7725
113452,7.767167579470657,135.53992564283956,0.006846189498901367,5.75342581567723,135.57855902235696,309.7762857144959,309.21130711047454,1900.0,1920.0,0.7525
113711,7.766902052511381,135.53931048535927,0.0067234039306640625,5.75081218222318,135.57313304577337,309.7793182405127,309.23694859602233,1900.0,1920.0,0.7725
113968,7.766980749415601,135.53945466289372,0.006758689880371094,5.716734429979472,135.500698081839,309.8194696443535,309.5154116424445,1900.0,1920.0,0.7725
114232,7.767064852977362,135.53965651144193,0.006796360015869141,5.726502107175201,135.52134990407404,309.807997430221,309.43306096607034,1900.0,1920.0,0.7525
114482,7.766942902812808,135.5393585445374,0.006740570068359375,5.748508421571925,135.56823106735266,309.7820335957968,309.2561765940138,1900.0,1920.0,0.7725
114733,7.766826960045522,135.5391278604823,0.006688117980957031,5.730139065830982,135.52931894876238,309.80362733856094,309.408491991828,1900.0,1920.0,0.7725
115002,7.766660555141179,135.53882989357777,0.006612300872802734,5.704776344232318,135.4755870098883,309.83345643909246,309.6179698850617,1900.0,1920.0,0.7925
115256,7.766942902812808,135.5393200971949,0.006742715835571289,5.726891119558002,135.5223507121279,309.8074773893716,309.43444498223766,1900.0,1920.0,0.7725
115515,7.7669146680456445,135.53928164985237,0.006732940673828125,5.735997670416775,135.54163941218485,309.7967713991678,309.3587348082642,1900.0,1920.0,0.7725
115774,7.767090684785617,135.53963728777066,0.006814479827880859,5.724350463785392,135.51662341869803,309.81058718721874,309.4489810519875,1900.0,1920.0,0.7725
116036,7.767015592319758,135.5395796167569,0.006779193878173828,5.738561796775872,135.54694111153023,309.7938030926532,309.33312308043094,1900.0,1920.0,0.7725
116291,7.7666869876891615,135.53891640009843,0.0066301822662353516,5.716600813466242,135.5006531562474,309.8195423770897,309.5198083530129,1900.0,1920.0,0.7525
116551,7.766738050565945,135.53901251845474,0.006655454635620117,5.721043551467336,135.51018237292436,309.81427590711564,309.4847694965888,1900.0,1920.0,0.7725
116810,7.766554224209522,135.53862804502953,0.006571292877197266,5.721433394640525,135.5110704262449,309.8137954176531,309.4826549604227,1900.0,1920.0,0.7525
117069,7.7666269137164745,135.53879144623525,0.0066051483154296875,5.705288410264611,135.47675885244567,309.8328232008794,309.61451913119345,1900.0,1920.0,0.7725
117319,7.766630518154836,135.53882989357777,0.006608009338378906,5.7203019358632,135.5087484899511,309.81509941835975,309.49311000433454,1900.0,1920.0,0.7925
117575,7.766805934155081,135.53921436700296,0.00668787956237793,5.744995472003061,135.56097282001917,309.78609768145253,309.2858038266845,1899.9999999999998,1920.0,0.7725
117831,7.767115915854147,135.5398391363189,0.00683283805847168,5.733845126690942,135.53707011266536,309.7993053713889,309.3729977512837,1900.0,1920.0,0.7725
118090,7.7668738177442185,135.5394450510581,0.006721019744873047,5.725687530283701,135.5198808777985,309.80886433853544,309.441151704405,1900.0,1920.0,0.7725
118345,7.76702520415539,135.53978146530514,0.006792306900024414,5.720186131688349,135.50825575721973,309.8153232924798,309.4870675051259,1900.0,1920.0,0.7725
118606,7.766989760511503,135.5397430179626,0.0067768096923828125,5.7479181472830705,135.5673030938732,309.78261319916487,309.26143593537233,1900.0,1920.0,0.7725
118873,7.7668924406757505,135.53959884042817,0.0067310333251953125,5.7380302580699345,135.54626789496544,309.794267576253,309.3404888945063,1900.0,1920.0,0.7525
119126,7.766878623662033,135.5396468996063,0.006722450256347656,5.727522172132773,135.5240310257672,309.80661366417866,309.42733188532054,1900.0,1920.0,0.7725
119387,7.7670768677719,135.5400602085384,0.00681304931640625,5.724004541896509,135.51635345850096,309.81082993533175,309.45168849626407,1900.0,1920.0,0.7525
119656,7.767400666484684,135.54071381336124,0.006962776184082031,5.719387857395733,135.50641773259923,309.81631414993336,309.48755934365545,1900.0,1920.0,0.7725
119906,7.767270906703679,135.54052157664862,0.006902456283569336,5.720797242893071,135.50943917667928,309.81464403353687,309.47525898432013,1900.0,1920.0,0.7725
120175,7.767422893854577,135.54087721456693,0.006972551345825195,5.744236491119718,135.55921902529934,309.78704151063016,309.28153926012624,1900.0,1920.0,0.7725
120426,7.767422893854577,135.5408964382382,0.006971836090087891,5.733265623490638,135.53569788896726,309.800037917041,309.36725249638926,1900.0,1920.0,0.7925
120676,7.767497385580709,135.54117518147146,0.00700831413269043,5.710265991746526,135.48700742895247,309.82707316075476,309.55794271238256,1900.0,1920.0,0.7525
120927,7.767740685170091,135.54178072711613,0.007121562957763672,5.725964226093323,135.52013473799826,309.80865673317567,309.4222652616472,1900.0,1940.0,0.7725
121187,7.767981581800566,135.5423382135827,0.007230997085571289,5.747855387627946,135.56664206977626,309.78287395226386,309.2404070451212,1900.0,1920.0,0.7725
121445,7.768281350924274,135.5430494894193,0.007370710372924805,5.7277714412451,135.52368921502418,309.80662879410346,309.3994853285867,1900.0,1920.0,0.7725
121711,7.768166609636443,135.54278035802167,0.007317781448364258,5.721532834890046,135.51053616641698,309.8139424876765,309.45315675132565,1900.0,1920.0,0.7725
121959,7.768288559800997,135.54309754859744,0.007376909255981445,5.727594200011152,135.52345737517643,309.80678630600084,309.4026430188203,1900.0,1940.0,0.7725
122216,7.768087311992496,135.54264579232284,0.007283210754394531,5.739241923288418,135.5482126277172,309.7930635079779,309.30725395531715,1900.0,1940.0,0.7725
122472,7.768333014540786,135.54313599593996,0.0073969364166259766,5.730317366330815,135.52909638567846,309.8036303812718,309.37815813316433,1900.0,1940.0,0.7725
122731,7.768118550458293,135.54274191067913,0.007296323776245117,5.718498347562713,135.50408753152317,309.8175182669563,309.47715655539514,1900.0,1920.0,0.7725
122984,7.768230288047491,135.542953371063,0.007346153259277344,5.7218296217581734,135.51107414320478,309.81362563556604,309.4484537285067,1900.0,1920.0,0.7725
123259,7.7683053805133495,135.54312638410434,0.007381439208984375,5.745449792743086,135.56126057923112,309.7858025793049,309.2521911931964,1900.0,1920.0,0.7924999999999998
123529,7.76852404977393,135.54361658772146,0.007482051849365234,5.723562718407613,135.51466389273784,309.8116165498236,309.4311031212492,1900.0,1920.0,0.7525
123784,7.768605750376785,135.54379921259843,0.00751805305480957,5.730587879046624,135.5294055001043,309.80340583713894,309.36937615433374,1900.0,1920.0,0.7725
124035,7.768410509965551,135.54332823265256,0.007426023483276367,5.748154437667752,135.56689063417195,309.7826587639004,309.228282835949,1900.0,1920.0,0.7725
124303,7.768778162678396,135.54409717950296,0.007597208023071289,5.72844956329399,135.52461890157528,309.80601103813086,309.3837087458712,1900.0000000000002,1920.0,0.7525
124553,7.768837635911357,135.54416446235237,0.0076236724853515625,5.723105389339355,135.51317060730736,309.8123402105126,309.4273810296421,1900.0,1920.0,0.7725
124810,7.768904318021039,135.54433747539372,0.007654666900634766,5.738845941082964,135.54655226094317,309.79382000082376,309.2946644273187,1900.0,1920.0,0.7525
125079,7.769049697034941,135.5447219488189,0.007723569869995117,5.745817974408126,135.5614849888388,309.7855665410876,309.237903185134,1900.0,1920.0,0.7725
125348,7.769108569528174,135.54490457369587,0.007751941680908203,5.739954077760053,135.54884847371525,309.79253546264124,309.2816282234546,1900.0,1920.0,0.7525
125611,7.76932063065176,135.5454620601624,0.00785207748413086,5.71935589377674,135.50489274039668,309.81686826284954,309.4473079207547,1900.0,1920.0,0.7725
125879,7.769651638241265,135.54609644131398,0.00800323486328125,5.7250346377319055,135.51670093539505,309.81026881777404,309.3956796018131,1900.0,1940.0,0.7524999999999997
126134,7.769416749008059,135.54557740218996,0.00789332389831543,5.738155945331613,135.5448239676511,309.7947255920364,309.2916614665852,1900.0,1920.0,0.7725
126391,7.769324235090121,135.54538516547737,0.007849454879760742,5.738402982542289,135.54536906374992,309.7944274625704,309.2905604592754,1900.0,1920.0,0.7725
126662,7.769621000515195,135.54599071112204,0.007985591888427734,5.725688430379749,135.5180599597964,309.80950922919175,309.3912599591746,1900.0,1940.0,0.7725
126913,7.769624004213829,135.54602915846456,0.007987260818481445,5.716316477698134,135.49802253095328,309.82059576621697,309.4660129823402,1900.0,1920.0,0.7725
127172,7.7697129136934056,135.5461637241634,0.008028030395507812,5.727953396949521,135.52275402388796,309.80688280583263,309.36984545522046,1900.0,1920.0,0.7725
127425,7.7695140688438125,135.54574080339566,0.007935523986816406,5.7239630362377,135.5144104131467,309.81153617386315,309.40603176584455,1900.0,1920.0,0.7725
127682,7.769338052103839,135.545394777313,0.007852792739868164,5.728709498131896,135.52476651992563,309.8058482087523,309.371411003641,1900.0,1920.0,0.7725
127933,7.769476822980747,135.54566390871062,0.007916927337646484,5.724603355749757,135.51583800105445,309.8107580004384,309.40199470439404,1900.0,1920.0,0.7725
128189,7.7698192446250625,135.5463367372047,0.00807809829711914,5.717920197631568,135.50121156256625,309.81878349078147,309.4504681350354,1900.0,1940.0,0.7725
128439,7.770268597940761,135.5471921905758,0.008287429809570312,5.741465293140348,135.55092439030992,309.7911575719677,309.2493678113036,1900.0,1920.0,0.7525
128693,7.770138838159757,135.54689422367127,0.008225679397583008,5.735663548898451,135.5385065789919,309.7980232685409,309.296439027647,1900.0,1920.0,0.7725
128966,7.770223542461245,135.54711529589076,0.008265256881713867,5.747948961123272,135.5647116104543,309.78351773513134,309.195927582869,1900.0,1920.0,0.7725
129225,7.7704157791738435,135.54744209830216,0.008354425430297852,5.710841060655349,135.48546342226263,309.8273761107083,309.4993119554671,1900.0,1920.0,0.7725
129486,7.770621832900161,135.5498546690453,0.008456945419311523,5.741854210950766,135.55332752102552,309.7901410550134,309.23895108811394,1900.0,1900.0,0.7725
129745,7.770389947365588,135.54931640625,0.008348464965820312,5.72884800802235,135.5255695457406,309.8055047775407,309.34625886635695,1900.0,1920.0,0.7525
130006,7.770739577886626,135.55006612942915,0.008512496948242188,5.734499476418457,135.53745019676057,309.7988924838303,309.29613781497505,1900.0,1920.0,0.7725
130269,7.770945030873216,135.55049866203248,0.008606195449829102,5.750289675805852,135.57098566771708,309.7803007534816,309.16371585500383,1900.0,1920.0,0.7525
130528,7.771052563284327,135.55074856975887,0.008658647537231445,5.73896112832368,135.5466624793836,309.7937319795364,309.25271807499917,1900.0,1920.0,0.7725
130792,7.771316888764148,135.55135411540354,0.008779048919677734,5.724066831609169,135.514684983481,309.81139473649176,309.37143576060544,1900.0,1920.0,0.7725
131052,7.771276639202449,135.5512195497047,0.008758544921875,5.740201578223471,135.54909612804647,309.7923424993391,309.2384528677478,1900.0,1920.0,0.7725
131315,7.771252609613374,135.55116187869095,0.008747100830078125,5.733951165480746,135.53570728998818,309.79974308623616,309.28940055726366,1900.0,1920.0,0.7725
131566,7.771131260188546,135.55087352362204,0.00869131088256836,5.735190095769997,135.53838235082893,309.798268597978,309.2802704556068,1900.0,1920.0,0.7525
131839,7.771203949695498,135.55103692482777,0.008724451065063477,5.738999469536058,135.54659719623936,309.7937387995997,309.25053256567776,1900.0,1920.0,0.7525
132100,7.771187729722873,135.5509600301427,0.008716106414794922,5.731104167849165,135.52963774873538,309.8031040224354,309.314578993901,1900.0,1920.0,0.7725
132365,7.771206352654405,135.5510177011565,0.008724451065063477,5.7401892329350686,135.54902690558933,309.7923722672017,309.2388686096115,1900.0,1920.0,0.7525
132627,7.7712952621339815,135.55116187869095,0.008767843246459961,5.737081917606074,135.54218905809503,309.79611565032087,309.2615608264505,1900.0,1940.0,0.7525
132886,7.771437036709523,135.55148868110237,0.008834362030029297,5.731984515444149,135.53129709679592,309.8021417850819,309.30266290153736,1900.0,1920.0,0.7725
133145,7.77150672251784,135.55160402312993,0.00886678695678711,5.730625218515337,135.5283343331889,309.80376948574025,309.3139781741419,1900.0,1920.0,0.7725
133411,7.771709171805795,135.55195966104824,0.008961200714111328,5.738594225307471,135.54514003869485,309.79442726525696,309.24463076828806,1900.0,1920.0,0.7525
133672,7.7722089872585505,135.55308424581693,0.009196758270263672,5.743274712221879,135.55475257083617,309.7890322951905,309.1975039494637,1900.0,1920.0,0.7725
133939,7.772401824710876,135.55349755474901,0.009286642074584961,5.729286314891074,135.52448792181946,309.80570166430994,309.30514877983353,1900.0,1900.0,0.7725
134205,7.772492536409634,135.55367056779036,0.009328603744506836,5.713226204022095,135.49013741404343,309.8247049445979,309.4376378744821,1900.0,1920.0,0.7725
134481,7.772615087313914,135.55393008735237,0.009385108947753906,5.732622353537485,135.53150613920448,309.8017965080178,309.27570274429206,1900.0,1940.0,0.7525
134736,7.772704597533219,135.55416077140748,0.009428977966308594,5.716441498785165,135.49690138347898,309.82094004717374,309.4090697076101,1900.0,1920.0,0.7925
135012,7.772935882328064,135.55461252768208,0.009536027908325195,5.730193674049235,135.52590093392513,309.80481518090494,309.2883917778395,1900.0,1920.0,0.7725
135265,7.773022388848733,135.55483359990157,0.009575605392456055,5.7451922540103775,135.55798682101968,309.7870714478572,309.16374184575136,1900.0,1920.0,0.7725
135525,7.773065041369342,135.55490088275099,0.009598255157470703,5.741337281886434,135.54965395011328,309.7916619809287,309.19448408941844,1900.0,1920.0,0.7725000000000002
135778,7.77312871978039,135.55498738927167,0.009625911712646484,5.731333530941054,135.5281004435301,309.8035511781003,309.27485993723985,1900.0,1920.0,0.7725
136050,7.7734008548766615,135.55552565206693,0.009752511978149414,5.714771401009938,135.49249118136467,309.8232135359723,309.40899782336123,1900.0,1900.0,0.7725
136303,7.7733990526574805,135.55548720472441,0.009752511978149414,5.73054621914252,135.52609079813337,309.8045980036536,309.27630796794017,1900.0,1900.0,0.7725
136564,7.773718045452449,135.5562465397392,0.009901285171508789,5.723076726779766,135.50991798257093,309.81350515549934,309.3336185303747,1900.0,1920.0,0.7725
136823,7.773972759096641,135.55674635519193,0.010020017623901367,5.738456610254232,135.542561702592,309.79539909134286,309.20144274617815,1900.0,1920.0,0.7725
137079,7.773910282165047,135.55662140132873,0.009992361068725586,5.747219943749177,135.5613651315691,309.7850127916843,309.12968489597654,1900.0,1920.0,0.7725
137346,7.773895864411602,135.55660217765748,0.009985208511352539,5.734868248869518,135.53488876001663,309.79964311056636,309.230745076982,1900.0,1920.0,0.7725
137605,7.774089903343381,135.55696742741142,0.010075807571411133,5.737366201744742,135.54011008187302,309.79673122062843,309.20849569667666,1900.0,1920.0,0.7725
137863,7.774022620493972,135.5568040262057,0.010042190551757812,5.741587573561614,135.54909079267674,309.7917550128587,309.1731926953544,1900.0,1920.0,0.7725
138125,7.774062870055672,135.55684247354824,0.010061502456665039,5.734033054606302,135.53288866321174,309.80070684448833,309.23571076698227,1900.0,1920.0,0.7725
138381,7.774247897891548,135.55729422982284,0.010145425796508789,5.737445028283227,135.54012045648756,309.7966940262942,309.2052192279373,1900.0,1920.0,0.7525
138649,7.774134958822897,135.55704432209646,0.010093450546264648,5.748297268018172,135.5634458456617,309.7838178317469,309.11744591340914,1900.0,1920.0,0.7725
138916,7.774259311946358,135.5573134534941,0.010150432586669922,5.7257355201566265,135.51490266227412,309.81060809067435,309.2996284463363,1900.0,1920.0,0.7525
139174,7.774223267562747,135.55723655880905,0.010134458541870117,5.742738564648051,135.55135406948466,309.7904639398315,309.1594982577665,1900.0,1920.0,0.7725
139435,7.774456354576772,135.5576979269193,0.010242700576782227,5.717588553605356,135.49730259756979,309.8203101372434,309.36500532319224,1900.0,1920.0,0.7725
139696,7.774366844357469,135.55745763102854,0.01019906997680664,5.743593956545142,135.55294612713013,309.7895363198554,309.14862213875085,1900.0,1920.0,0.7725
139961,7.774407694658895,135.55754413754923,0.010217666625976562,5.736769785602393,135.53836804269596,309.7976019489066,309.20633965369143,1900.0,1920.0,0.7725
140223,7.774175809124324,135.55713082861715,0.010110139846801758,5.739838117751258,135.54521098109734,309.79387319372086,309.1846601194203,1900.0,1920.0,0.7725
140473,7.774106123316006,135.55697703924704,0.010077476501464844,5.7273553651250095,135.51854005165995,309.808630333578,309.28926971298483,1900.0,1920.0,0.7724999999999997
140737,7.77402682567206,135.5568328617126,0.010041952133178711,5.742395251221599,135.55096682362532,309.7907470869913,309.16828929399867,1900.0,1920.0,0.7725
140984,7.776071142962599,135.55699626291832,0.010071754455566406,5.7547239816743305,135.5729433923215,309.7777217939267,309.0780508783946,1900.0,1920.0,0.7725
141243,7.776393740195928,135.5576690914124,0.010223388671875,5.718593352141624,135.49524599370318,309.82061198250517,309.3713954078871,1900.0,1920.0,0.7725
141491,7.7763649046890375,135.5576306440699,0.010210990905761719,5.727770294985269,135.51497365038097,309.8097177564949,309.29612302886653,1900.0,1940.0,0.7725
141762,7.77618408203125,135.55730384165847,0.010127067565917969,5.747639511603269,135.55781792270332,309.7860905476979,309.1364166496818,1900.0,1920.0,0.7725
142020,7.776110791784572,135.5571788877953,0.010091781616210938,5.731542538422731,135.5234325819592,309.8051162497927,309.2707629469155,1900.0,1920.0,0.7725
142279,7.776240551565576,135.55742879552164,0.010152816772460938,5.758705465921357,135.5814951154952,309.77300092390453,309.0440697164106,1900.0,1920.0,0.7725
142536,7.776405154250739,135.55780365711124,0.010230064392089844,5.7322544292337465,135.52466300212802,309.8043775639197,309.25904930863544,1900.0,1920.0,0.7725
142796,7.776554738442729,135.56017778051182,0.010309219360351562,5.73336418056156,135.52889190439714,309.8024072990666,309.2449329278718,1900.0,1940.0,0.7725
143054,7.776614812415416,135.56034118171752,0.010338783264160156,5.730835819067692,135.52342638304603,309.8054189508307,309.26448909632927,1900.0,1920.0,0.7725
143315,7.77669651301827,135.560562253937,0.010376453399658203,5.755286079077722,135.57579478500887,309.77647321312014,309.0603601715352,1900.0,1920.0,0.7525
143565,7.776873130497971,135.56093711552657,0.010458707809448242,5.722965748493558,135.50643305982868,309.8147874901616,309.326152177787,1900.0,1920.0,0.7725
143828,7.77695002518301,135.56103323388288,0.010494232177734375,5.732378086351405,135.52656385377963,309.80365146247624,309.2487579460559,1900.0,1920.0,0.7725
144079,7.77714947077233,135.56148499015748,0.01058506965637207,5.741966286665485,135.54683566596032,309.79239273173783,309.16308393723557,1900.0,1920.0,0.7525
144345,7.777494295375554,135.5622058778297,0.010747671127319336,5.740905328983262,135.54419625106345,309.7937788098378,309.16558313166536,1900.0,1920.0,0.7725
144599,7.777668509896346,135.56257112758365,0.010825634002685547,5.754614602285432,135.5734368316592,309.77759360727356,309.04825901818924,1900.0,1920.0,0.7725
144851,7.777676920252523,135.5626095749262,0.010832548141479492,5.73131020697858,135.52335729917695,309.8052417154416,309.23946453555266,1900.0,1920.0,0.7525
145114,7.777869757704848,135.5629363773376,0.010922670364379883,5.756944047560606,135.5782604036184,309.7748951871473,309.02664951799284,1900.0,1940.0,0.7725
145380,7.777865552526761,135.56288831815945,0.01092076301574707,5.719051069028773,135.4968412857861,309.81985185225153,309.33972929171534,1900.0,1920.0,0.7725
145658,7.777840321458231,135.56280181163876,0.010911941528320312,5.743665409112535,135.5495670949113,309.7907027202494,309.13412438492253,1900.0,1920.0,0.7525
145906,7.777898593211737,135.56295560100887,0.010938882827758789,5.73604466374655,135.53320380237201,309.799739816227,309.1963790182026,1900.0,1920.0,0.7725
146160,7.778035561869464,135.56327279158467,0.011002779006958008,5.746558510278155,135.55570362711077,309.7872990293765,309.1080066065957,1900.0,1920.0,0.7725
146414,7.778264443705401,135.5637437715305,0.011110305786132812,5.726340589005598,135.51209150351292,309.8113470816713,309.27149239593746,1900.0,1920.0,0.7725
146679,7.7782199889656125,135.56369571235237,0.011087894439697266,5.748734383333692,135.560258356543,309.78476069429604,309.0867101003088,1900.0,1920.0,0.7925
146942,7.778169526828556,135.56358037032481,0.0110626220703125,5.744725444947859,135.55164113689756,309.78951734703264,309.12002906418684,1900.0,1920.0,0.7725
147192,7.778248824472502,135.56365726500985,0.01110076904296875,5.735433334730498,135.5315159503247,309.8005977530959,309.19527131600114,1900.0,1920.0,0.7725
147465,7.7781533068559305,135.5635130874754,0.011054754257202148,5.748263758324415,135.55913769507325,309.7853576961983,309.090424866999,1900.0,1920.0,0.7525
147727,7.778100441759966,135.56342658095474,0.011028289794921875,5.733249128381926,135.52704264620073,309.80311143635697,309.2156342397242,1900.0,1920.0,0.7725
147981,7.7782818651574805,135.56376299520178,0.011112213134765625,5.728868181330814,135.51750898236173,309.80835246449107,309.2509093648009,1900.0,1920.0,0.7525
148228,7.7783641665000625,135.5638975609006,0.01115107536315918,5.735312569693386,135.53119585679616,309.8007625121618,309.19551139857094,1900.0,1920.0,0.7725
148480,7.77846809447281,135.56407057394193,0.011198759078979492,5.756809053157799,135.57725887298704,309.77530716905005,309.0159708146656,1900.0,1920.0,0.7725
148737,7.778452475239912,135.56397445558565,0.011191129684448242,5.7463395035688665,135.55468907625755,309.78775147400603,309.10325658100965,1900.0,1920.0,0.7725
148986,7.7784969299797,135.5640225147638,0.011211872100830078,5.74420444730725,135.54997961952475,309.7903273820539,309.11848118851253,1900.0,1920.0,0.7725
149238,7.7784020131028555,135.56382066621558,0.011167287826538086,5.731660191866471,135.52307876711524,309.8051915923686,309.2237953922671,1900.0,1920.0,0.7725
149496,7.778728815514272,135.5645703893947,0.011319875717163086,5.745530804557888,135.552825216913,309.78875549336925,309.10632955206165,1900.0,1920.0,0.7725
149748,7.778722808117004,135.5646088367372,0.011315107345581055,5.746660536187524,135.55515956944475,309.7874483225831,309.09461224271206,1900.0,1920.0,0.7725
149997,7.778442262664555,135.56395523191438,0.01118326187133789,5.73988740101674,135.5408594273473,309.7953936737642,309.15658345278166,1900.0,1940.0,0.7725
150266,7.778334730253445,135.5637341596949,0.011133670806884766,5.734604811231205,135.52949360021387,309.8016665744571,309.2000098408348,1900.0,1900.0,0.7725
150524,7.778411624938485,135.56397445558565,0.011168718338012695,5.733944106305132,135.52813981629623,309.8024271755685,309.2051390822912,1900.0,1920.0,0.7725
150786,7.778394804226132,135.56388794906496,0.011159896850585938,5.748884262877616,135.5602235317438,309.7847092878033,309.0821331412751,1900.0,1920.0,0.7725
151054,7.778402613842581,135.56384950172244,0.011163711547851562,5.734768802699019,135.5298784560895,309.80146048630974,309.19971161798287,1900.0,1920.0,0.7725
151306,7.7785371795414004,135.56423397514766,0.011225700378417969,5.738934661699096,135.5387778770913,309.7965361917757,309.1629235839174,1900.0,1920.0,0.7725
151563,7.778609869048352,135.56442621186025,0.011258840560913086,5.730190745181839,135.51994248817255,309.80692775350644,309.23369934016955,1900.0,1920.0,0.7725
151816,7.778719804418369,135.56462806040847,0.011311054229736328,5.741755440064593,135.54457440490114,309.79328335648046,309.13390875134496,1900.0,1940.0,0.7724999999999997
152075,7.778638704555241,135.5644742710384,0.011270284652709961,5.756277071915422,135.57594971563373,309.7759969031641,309.01674190994527,1900.0,1920.0,0.7725
152340,7.77859665277436,135.5642820343258,0.01125025749206543,5.758159790047905,135.5800445205376,309.7737465247956,309.0038817105001,1900.0,1920.0,0.7725
152606,7.778884407103532,135.56480107344981,0.011381864547729492,5.75197678645721,135.5662415141992,309.78126308982434,309.04691492645816,1900.0,1920.0,0.7725
152853,7.779139721487451,135.56532972440945,0.011500120162963867,5.731395109291313,135.5216956527439,309.8057944065517,309.2118651266611,1900.0000000000002,1920.0,0.7724999999999997
153115,7.779389028474102,135.56590643454726,0.011616706848144531,5.745747031047669,135.55246429240634,309.78879137015156,309.09005479808866,1900.0,1920.0,0.7725
153375,7.779817956639088,135.5668195589321,0.011818647384643555,5.72961988000772,135.5172809530959,309.80811364477,309.215048713809,1900.0,1940.0,0.7725
153634,7.7799705445297125,135.56715597317915,0.011890888214111328,5.747579615309396,135.5558021518976,309.78682989850904,309.0628885919632,1900.0,1920.0,0.7725
153889,7.780037226639395,135.56728092704233,0.011922597885131836,5.74804501612146,135.55669570645077,309.7863155271873,309.05738416630606,1900.0,1940.0,0.7725
154136,7.779723039762242,135.56660809854824,0.011774778366088867,5.730582968904416,135.5194169834554,309.8069471933017,309.20809395466244,1900.0,1920.0,0.7725
154405,7.779611902912771,135.56634857898624,0.01172184944152832,5.731357147039011,135.521241603172,309.805971440369,309.2050060560937,1900.0,1920.0,0.7725
154653,7.779822161817176,135.56683878260336,0.011820793151855469,5.752580323641333,135.5667537032401,309.7808250558638,309.02518678974,1900.0,1920.0,0.7725
154926,7.779689999077264,135.56654081569883,0.011759281158447266,5.748875426345912,135.55883676605248,309.7852041429756,309.0568325879101,1900.0,1920.0,0.7525
155190,7.779723039762242,135.56657926304135,0.01177525520324707,5.747481903808794,135.55582127092688,309.78686468076296,309.0692484074036,1900.0,1920.0,0.7725
155449,7.77957165335107,135.56626207246555,0.011704206466674805,5.730247527105234,135.51885435968276,309.8072891989985,309.21432383077763,1900.0,1920.0,0.7725
155705,7.779465923159141,135.56603138841044,0.01165461540222168,5.759539180997792,135.58195054159236,309.7724851209827,308.97308852944184,1900.0,1920.0,0.7725
155964,7.779513381597564,135.56608905942423,0.011677742004394531,5.75139138367119,135.5644009457924,309.78216379068704,309.04061441402246,1900.0,1940.0,0.7725
156222,7.7793944351316435,135.56577186884843,0.011623382568359375,5.745718910140007,135.55220807392456,309.78889407430296,309.0895371771751,1900.0,1920.0,0.7725
156484,7.779680987981361,135.56636780265748,0.01175832748413086,5.747655372221078,135.55620101664528,309.7866564232935,309.0704896562546,1900.0,1920.0,0.7725
156733,7.779581265186701,135.56613711860237,0.011709213256835938,5.73001057767736,135.5182028739023,309.8076208160215,309.2161002272951,1900.0,1920.0,0.7725
157006,7.7798540010226995,135.5666946050689,0.011834144592285156,5.76199824231009,135.58681694961686,309.76971660862836,308.9476262292735,1900.0,1920.0,0.7725
157268,7.779681588721088,135.5663005198081,0.011753559112548828,5.748168197458944,135.55705223258835,309.78613687986007,309.06259251782376,1900.0000000000002,1920.0,0.7725
157526,7.779806542584277,135.56656965120573,0.011812925338745117,5.724656521275647,135.50641738992934,309.8140741476098,309.25701814543083,1900.0,1920.0,0.7725
157776,7.779939906803643,135.56680033526084,0.011875391006469727,5.740119350200228,135.5395547905399,309.79575719612234,309.12713212725816,1900.0,1940.0,0.7725
158041,7.7795950822004185,135.56608905942423,0.011713743209838867,5.724526868440363,135.506260402878,309.81418491663555,309.2606218061759,1900.0,1920.0,0.7725
158303,7.779742263433502,135.5665312038632,0.01177978515625,5.732194252664756,135.5227555646734,309.8050790253934,309.1950306282025,1900.0,1920.0,0.7725
158559,7.779959130474902,135.56702140748033,0.011882305145263672,5.76197812171239,135.58684707731888,309.76971450168355,308.94711778320834,1900.0,1920.0,0.7725
158814,7.779753076748586,135.56667538139763,0.01178741455078125,5.747873105674749,135.55656134427534,309.78643621900375,309.06344705261404,1900.0,1920.0,0.7724999999999997
159071,7.779751875269132,135.566665769562,0.011785745620727539,5.720498173050796,135.4978789876333,309.8188687276852,309.2950689732414,1900.0,1920.0,0.7725
159330,7.779850997324065,135.5669156772884,0.011831045150756836,5.7634023214951435,135.5900710820662,309.7679675826958,308.93616430244333,1900.0,1940.0,0.7725
159580,7.779852799543246,135.56696373646653,0.011833429336547852,5.723293701003994,135.5037616817681,309.8155948993206,309.26803890809106,1900.0,1920.0,0.7525
159835,7.779823964036356,135.56687722994587,0.011818647384643555,5.729688842304837,135.5174937397357,309.8080089158937,309.21486195022567,1900.0,1920.0,0.7725
160096,7.7797855166938366,135.5667234405758,0.011801004409790039,5.727958967169909,135.513608838653,309.81012120777956,309.22723698061964,1900.0,1920.0,0.7725
160364,7.779998779296876,135.56713674950788,0.011901378631591797,5.749489927779979,135.5598504812797,309.7845838245751,309.0473511110961,1900.0,1940.0,0.7725
160626,7.779893049104946,135.56692528912401,0.011851787567138672,5.747119427668532,135.55481189724608,309.78737630380044,309.0686815169187,1900.0,1920.0,0.7725
160899,7.780234870009536,135.567626953125,0.012013435363769531,5.7474975710238345,135.55523075859486,309.78706715022247,309.0577547160117,1900.0,1940.0,0.7725
161160,7.7801693893793065,135.56745394008365,0.011983156204223633,5.746070734733422,135.55214256399617,309.78876765917903,309.0703839997808,1900.0,1920.0,0.7525
161423,7.780188613050566,135.5675308347687,0.01199030876159668,5.754888023904651,135.57125100296903,309.77825123548394,308.9988813981963,1900.0,1920.0,0.7725
161680,7.7802258589136315,135.56759811761813,0.0120086669921875,5.73565232301633,135.52982842416748,309.80110251728127,309.1579735152194,1900.0,1920.0,0.7725
161931,7.780296746201403,135.5677519069882,0.012040853500366211,5.727745913976011,135.5127680075151,309.8105097852878,309.223022063043,1900.0000000000002,1920.0,0.7725
162187,7.780295544721948,135.56774229515256,0.012040376663208008,5.748440397947892,135.557191572548,309.78597177520567,309.0494858213997,1900.0,1940.0,0.7725
162470,7.780298548420584,135.5678191898376,0.012042999267578125,5.744584577942294,135.54883183285253,309.79057226300614,309.07870758543186,1900.0,1900.0,0.7725
162716,7.780513613242803,135.56825172244095,0.012145280838012695,5.743888592266411,135.54720931027657,309.7914429263382,309.0823449721481,1900.0,1920.0,0.7725
162964,7.7805532620647755,135.56835745263288,0.012161970138549805,5.7330481140085405,135.52382716398378,309.80433624001165,309.17154450736257,1900.0,1920.0,0.7925
163225,7.780542448749692,135.5682997816191,0.012158632278442383,5.740126034512351,135.53908455944506,309.7959209312131,309.11313062904526,1900.0,1920.0,0.7725
163483,7.780613336037463,135.56854007750985,0.012193441390991211,5.754727199545674,135.57066378203046,309.7785275470091,308.99274612943634,1900.0,1920.0,0.7725
163745,7.780576090174398,135.56848240649606,0.012176513671875,5.752415569506042,135.56569250529046,309.781270885166,309.012129560159,1900.0,1920.0,0.7525
164008,7.780633160448451,135.5686265840305,0.01220250129699707,5.75021518711773,135.56083989984486,309.78392501233634,309.0270685300793,1900.0,1920.0,0.7725
164261,7.780786349078802,135.56895338644193,0.012273788452148438,5.764206167361457,135.59093563046704,309.76731968279995,308.91011575814196,1900.0,1920.0,0.7725
164512,7.78048537847564,135.56837667630413,0.012133598327636719,5.748640241053934,135.55761500905496,309.7857368310983,309.04278962440526,1900.0,1920.0,0.7725
164788,7.780720267708846,135.56885726808565,0.012243509292602539,5.759864316666197,135.58154129679085,309.7724917138182,308.9450270744537,1900.0,1920.0,0.7725
165040,7.78081938976378,135.56912639948328,0.01228952407836914,5.72975995040231,135.51686294302777,309.80820221716857,309.19669985882797,1900.0,1920.0,0.7725
165301,7.780659592996432,135.5688188207431,0.012213706970214844,5.746962972964232,135.55398209909444,309.7877367198011,309.05504653346725,1900.0,1920.0,0.7725
165552,7.780535840612697,135.56860736035927,0.012156486511230469,5.729187403722658,135.51601729961538,309.8087453450905,309.2079199793453,1900.0,1920.0,0.7725
165817,7.780643973763534,135.56879959707186,0.01220560073852539,5.7345085327432415,135.52725101740742,309.8025020817498,309.16002087996276,1900.0,1920.0,0.7525
166073,7.7807473009965555,135.56905911663387,0.012254714965820312,5.737219890797521,135.53282652001732,309.7993737391042,309.1315566104911,1900.0,1920.0,0.7725
166333,7.780776136503445,135.569107175812,0.012267827987670898,5.728497429136338,135.5141230305782,309.809710026264,309.20612006721205,1900.0,1920.0,0.7725000000000002
166589,7.78103805902436,135.56967427411416,0.012392759323120117,5.721035478578511,135.49778502808732,309.8186735829778,309.26312218661076,1900.0,1940.0,0.7725000000000002
166856,7.781565508504553,135.57077002337599,0.01263880729675293,5.7456920760298305,135.55033225191684,309.7895698604627,309.047169977905,1900.0,1920.0,0.7725
167112,7.78147780050443,135.57056817482777,0.012598276138305664,5.7367339271316915,135.53105384292556,309.8002084249455,309.1230097616584,1900.0,1920.0,0.7725
167359,7.781733114888349,135.57117372047244,0.012718677520751953,5.75632881885355,135.5733080829171,309.7769101519878,308.9589466904024,1900.0,1920.0,0.7725
167624,7.781794991080217,135.5712602269931,0.012745857238769531,5.7452533397005,135.54926820021979,309.7901333096112,309.0486939027761,1900.0,1920.0,0.7525
167886,7.781886904258428,135.57145246370573,0.01278996467590332,5.743602073328845,135.54562469135027,309.792126050202,309.0613274843581,1900.0,1920.0,0.7725
168152,7.781621978038878,135.57294229822836,0.012676000595092773,5.72637938245254,135.5106979330197,309.81182447693357,309.2061453308903,1900.0,1920.0,0.7725
168413,7.781509639709953,135.57271161417324,0.012620925903320312,5.7408170278178385,135.5420036654309,309.7945930290526,309.0890562699925,1900.0,1920.0,0.7725
168675,7.781479001983883,135.57259627214566,0.012607812881469727,5.732874681274131,135.52494212729337,309.8040149201902,309.1574146288658,1900.0,1920.0,0.7925
168925,7.78174633116234,135.57323065329726,0.012734413146972656,5.738717952158586,135.53728719495294,309.79715642493255,309.10257121355903,1900.0,1920.0,0.7725
169183,7.781757745217151,135.57331715981792,0.012742042541503906,5.728858501100739,135.5160547057002,309.80887194061046,309.184337355199,1900.0,1920.0,0.7725
169446,7.781772763710323,135.5733075479823,0.012748479843139648,5.751720790257395,135.56532210300304,309.78169751895524,308.9935693207749,1900.0,1920.0,0.7725
169706,7.781840647299458,135.573470949188,0.012777566909790039,5.7404794627220745,135.54102540434565,309.795083109602,309.08596832844114,1899.9999999999998,1920.0,0.7725
169961,7.781734316367802,135.5732498769685,0.012727975845336914,5.7599010397210995,135.58285762618374,309.772010112646,308.92316161317444,1900.0,1920.0,0.7725
170211,7.781763151874693,135.5732498769685,0.012741565704345703,5.751701460327143,135.56509662945712,309.7817855794635,308.9913037528115,1900.0,1920.0,0.7525
170472,7.781715092696543,135.57314414677657,0.01271820068359375,5.734446782789658,135.52796278087666,309.8022761521319,309.1368699444462,1900.0,1920.0,0.7725
170733,7.7816694364773005,135.57300958107777,0.012696027755737305,5.757090230747854,135.57684384109143,309.77533452022465,308.9501167946554,1900.0,1920.0,0.7725
170997,7.78171569343627,135.5730864757628,0.012716531753540039,5.754791523765821,135.5718478499383,309.77808095477445,308.9684180281854,1900.0,1920.0,0.7725
171249,7.781306589682272,135.5722790815699,0.012524127960205078,5.754731014162768,135.57193945694652,309.77807425431826,308.9720640312473,1900.0,1920.0,0.7925
171504,7.7814537709153555,135.57255782480317,0.012593507766723633,5.735413302357546,135.5303613107366,309.8010153540975,309.1346732938282,1900.0,1920.0,0.7725
171766,7.78144115538109,135.57252898929627,0.012586593627929688,5.7598002284947745,135.5829294117556,309.77202757608995,308.93213241749095,1900.0,1920.0,0.7725
172028,7.781646007627954,135.57290385088584,0.012683391571044922,5.763092864846624,135.5898897144635,309.768163395569,308.9031434163544,1900.0,1920.0,0.7725
172286,7.781609362504614,135.57275967335138,0.012664556503295898,5.741123386096656,135.54243274620026,309.79431075877017,309.0854952728232,1900.0,1920.0,0.7725
172541,7.781692865326649,135.57291346272146,0.012700080871582031,5.754573458028017,135.57125404307948,309.7783839402149,308.97106353983895,1900.0,1920.0,0.7725
172796,7.7814621812715306,135.57247131828248,0.012593269348144531,5.74326280220829,135.54711519001324,309.7917423828389,309.06861314601724,1900.0,1920.0,0.7725
173061,7.781396099901575,135.57229830524116,0.012560844421386719,5.726159636905972,135.51015956056196,309.8121087174782,309.2096394358323,1900.0,1920.0,0.7925
173308,7.781451367956447,135.57244248277559,0.012585639953613281,5.75662149559015,135.57590029207745,309.77586792013267,308.9574072969609,1900.0,1920.0,0.7725
173575,7.781446562038632,135.57245209461124,0.012581825256347656,5.74321461675182,135.5470730447807,309.7917778016912,309.06984965579807,1900.0,1920.0,0.7725
173834,7.781521053764764,135.5726731668307,0.012616872787475586,5.7575897136113925,135.57816196226662,309.77465543951234,308.95136662500886,1900.0,1920.0,0.7725
174096,7.783918606014702,135.57354784387303,0.012814760208129883,5.732649257504026,135.5196886019537,309.80597232296117,309.16618799270896,1900.0,1920.0,0.7725
174359,7.7838933749461745,135.5734421136811,0.01279902458190918,5.741399740802715,135.5384114641606,309.7956177355661,309.0914872236767,1900.0,1920.0,0.7725
174617,7.784015325110729,135.57371124507873,0.012853145599365234,5.744544042241307,135.54508274924382,309.7919174328269,309.0632957092729,1900.0,1920.0,0.7725
174889,7.784179927795891,135.57413416584646,0.012929439544677734,5.774201102269065,135.6091204419128,309.75663289092097,308.8166182593583,1900.0,1880.0,0.7725
175144,7.784256221741203,135.57432640255905,0.012964963912963867,5.758708783232753,135.57554525909055,309.77510589346724,308.94185090522456,1900.0,1920.0,0.7725
175403,7.7842892624261815,135.57438407357284,0.012980461120605469,5.742329735995662,135.54017450743243,309.7945977053015,309.0779520763597,1900.0,1920.0,0.7925
175649,7.784419022207186,135.57467242864175,0.013040781021118164,5.735059473769033,135.52429618903219,309.8033147688579,309.1343350706409,1900.0,1920.0,0.7525
175920,7.784750029796691,135.57533564530019,0.013193845748901367,5.743321230461287,135.54193160613124,309.7935536427891,309.0625599794229,1900.0,1920.0,0.7925
176183,7.78463108333077,135.57501845472441,0.01313638687133789,5.749022693834458,135.5541755679988,309.78679226460685,309.0149928454871,1900.0,1920.0,0.7725
176434,7.784854558509167,135.57550865834153,0.013240337371826172,5.758758028406937,135.5751316522328,309.7752313820974,308.9327125232853,1900.0,1920.0,0.7725
176694,7.78471939207062,135.57525875061515,0.013174772262573242,5.757658564123276,135.5728147670029,309.77651927334773,308.94212157177253,1900.0,1920.0,0.7725
176947,7.7847109817144435,135.57525875061515,0.01317286491394043,5.73801202421376,135.5303230368334,309.7999238523027,309.10443434315334,1900.0,1920.0,0.7725
177199,7.78471939207062,135.57530680979332,0.013176202774047852,5.746786995026303,135.54934003877858,309.7894556575453,309.0312746689385,1900.0,1920.0,0.7725
177456,7.784610658180057,135.57507612573818,0.01312398910522461,5.762097618340362,135.58244443880878,309.7712221533493,308.9049922083311,1900.0,1920.0,0.7725
177709,7.784561397522453,135.57496078371065,0.013098716735839844,5.753759275305972,135.56449531566676,309.78112334920985,308.9758830725092,1900.0,1920.0,0.7725
177964,7.784709780234991,135.57522991510828,0.013170003890991211,5.75227820325402,135.56122953851948,309.7829096741724,308.98757168648194,1900.0,1920.0,0.7725
178218,7.785026970810778,135.57596041461613,0.013319015502929688,5.7417026530513455,135.53802664035553,309.79562524593655,309.0674795528513,1900.0,1920.0,0.7725
178489,7.78520118533157,135.57635449987697,0.01340031623840332,5.74468179365132,135.54440095614353,309.79210035275037,309.04141846583195,1900.0,1920.0,0.7725
178749,7.78518977127676,135.57630644069883,0.013395071029663086,5.755010562211241,135.5665646959592,309.77985843087697,308.9530716215552,1900.0,1940.0,0.7725
179005,7.785253449687808,135.5763929472195,0.013422012329101562,5.749474279673355,135.55457580689642,309.78645846829494,308.9993781484102,1900.0,1920.0,0.7725
179268,7.785093652920461,135.57604692113682,0.01334691047668457,5.7439950897147725,135.54281838175572,309.79295295931155,309.0471344629443,1900.0,1920.0,0.7925
179530,7.785500954455278,135.5769984928642,0.013538599014282227,5.754884456799083,135.56617687823135,309.78004938495826,308.95113469765397,1900.0,1920.0,0.7725
179787,7.785562830647145,135.57708499938485,0.013565778732299805,5.751718459884704,135.55913647336845,309.7838889309144,308.97527246067284,1900.0,1920.0,0.7725
180036,7.785798921359805,135.57766170952263,0.013677835464477539,5.754379129512121,135.5646420412337,309.78080777522615,308.94682786261797,1900.0,1900.0,0.7725
180292,7.7858049287570745,135.57767132135828,0.013679742813110352,5.7476788824698435,135.5501501985563,309.7887894190316,309.002431905182,1900.0,1920.0,0.7725
180544,7.785799522099532,135.57762326218014,0.01367640495300293,5.751945605450102,135.55937266321266,309.7837086875229,308.9671490470995,1900.0,1920.0,0.7725
180819,7.785878219003753,135.57771938053642,0.013713598251342773,5.741040274934345,135.53557114824778,309.7967768011698,309.0548639328041,1900.0,1920.0,0.7525
181070,7.786213431771346,135.57837298535927,0.013870954513549805,5.738161712089803,135.52903839000854,309.8003153477108,309.07481420657825,1900.0,1940.0,0.7725
181325,7.786015788401206,135.5779404527559,0.013777494430541992,5.750905745271261,135.55680143988803,309.78506148695647,308.97248344441164,1900.0,1920.0,0.7725
181577,7.786320964182456,135.5786709522638,0.013920783996582031,5.7356112957072485,135.52343641239523,309.8033847629331,309.0934722133361,1900.0,1920.0,0.7725
181832,7.786364818182518,135.5787382351132,0.01394200325012207,5.759314823254798,135.57457633883791,309.7751911769302,308.89331220997474,1900.0,1920.0,0.7725
182094,7.786290326456386,135.5786421167569,0.013906240463256836,5.741639133806539,135.53659950214535,309.79615782874265,309.0445865765022,1900.0,1920.0,0.7925
182361,7.786338986374262,135.57872862327756,0.013930320739746094,5.753279090091922,135.56174165459464,309.7823026605265,308.9469343429205,1900.0,1920.0,0.7725
182626,7.7861461489219375,135.57832492618112,0.013836145401000977,5.7383137408758484,135.52942105449245,309.80011512027136,309.07257778791836,1900.0,1920.0,0.7324999999999999
182886,7.786143145223302,135.57830570250985,0.013833999633789062,5.740874342800318,135.5350028790023,309.79704868265895,309.05242194822256,1900.0,1920.0,0.7725
183150,7.78587101012703,135.57769054502953,0.013704299926757812,5.735681470198454,135.52409731635703,309.8031207427988,309.10233115870005,1900.0,1920.0,0.7725
183401,7.785616897222564,135.57707538754923,0.013586044311523438,5.744919051299479,135.5442555738512,309.7920509527273,309.0303202544533,1900.0,1920.0,0.7725
183671,7.785559826948512,135.57683509165847,0.01355886459350586,5.723218729573892,135.49731336803544,309.81791248682276,309.21287314289873,1899.9999999999998,1920.0,0.7324999999999999
183938,7.7856042816883,135.5768447034941,0.013574838638305664,5.753400007231301,135.56244343694968,309.782002725034,308.9610651395685,1900.0,1920.0,0.7725
184193,7.785908856729823,135.5774214136319,0.01371622085571289,5.742922738043434,135.53937889444563,309.79462736724446,309.04167341493485,1900.0,1920.0,0.7725
184460,7.785998967688854,135.5775848148376,0.01375889778137207,5.741290080416913,135.5356326229928,309.79664879274173,309.0517581419076,1900.0,1900.0,0.7725
184709,7.78592267374354,135.577392578125,0.013723611831665039,5.733342866673959,135.51853801168568,309.8060851058708,309.1204230848998,1900.0,1920.0,0.7725
184960,7.785741851085753,135.57705616387796,0.01363992691040039,5.743353236433572,135.54040771787882,309.7940798439645,309.0402483966035,1900.0,1920.0,0.7725
185216,7.786006176565576,135.57770015686518,0.013763189315795898,5.74664081046994,135.54741269533176,309.7902004750592,309.0093704994264,1900.0,1920.0,0.7725
185477,7.786137738565761,135.5779404527559,0.01382589340209961,5.754346009980178,135.5638550961218,309.78110051900535,308.94167994413374,1900.0,1920.0,0.7725
185732,7.78617618590828,135.57812307763288,0.013845443725585938,5.7724901981986125,135.60318168121054,309.7594621330896,308.7900184443952,1900.0,1920.0,0.7525
185996,7.786277110182394,135.57825764333168,0.013893604278564453,5.744153110302442,135.54179921857687,309.79324677415843,309.02633833898017,1900.0,1920.0,0.7925
186255,7.786402064045584,135.5785171628937,0.013953685760498047,5.733774905556701,135.5190737517145,309.8057115460492,309.1078211442323,1900.0,1920.0,0.7725
186522,7.786276509442668,135.57819997231792,0.013895511627197266,5.733374864211614,135.51833671611274,309.80614283125806,309.1141766582256,1900.0,1920.0,0.7725
186788,7.786323967881091,135.57831531434547,0.013919353485107422,5.7398716750697325,135.53228165653482,309.7984391291969,309.0576623356785,1900.0,1920.0,0.7725
187051,7.786138339305487,135.5779692882628,0.013832330703735352,5.75601844373572,135.56744231071673,309.7791190317293,308.92646261831374,1900.0,1920.0,0.7725
187305,7.786215233990527,135.5781903604823,0.013870000839233398,5.745976165668982,135.545827486196,309.79104461086627,309.0114186213318,1900.0,1920.0,0.7725
187558,7.786290927196113,135.57827686700296,0.013904094696044922,5.727319088247479,135.50538986112636,309.8133062166156,309.166421851756,1900.0,1920.0,0.7725
187816,7.786409873662033,135.5784787155512,0.013959407806396484,5.733342075428387,135.5180141384086,309.80627108381236,309.109996135081,1900.0000000000002,1920.0,0.7725
188071,7.786622535525345,135.57892085999018,0.014057397842407227,5.752697850655918,135.55978667691465,309.783242153845,308.9467940343161,1900.0,1920.0,0.7925
188333,7.786576879306102,135.5788055179626,0.014036893844604492,5.757635625027977,135.57060733843713,309.77731058909154,308.9083134500099,1900.0,1920.0,0.7725
188587,7.786554051196482,135.58092973363682,0.014037609100341797,5.732416725782422,135.51800107846915,309.80666919329593,309.1139208022555,1900.0,1920.0,0.7725
188841,7.786697027251477,135.5812757597195,0.014102697372436523,5.742423566770163,135.53960890025505,309.7947581646538,309.0293182632647,1900.0,1900.0,0.7725
189105,7.786513200895054,135.5808912862943,0.01401519775390625,5.749172628384486,135.55449971691408,309.78661370112246,308.97829648390814,1900.0,1920.0,0.7725
189374,7.786635751799335,135.5811123585138,0.014070510864257812,5.733795614645955,135.5211099893842,309.80498119231777,309.104961758228,1900.0,1920.0,0.7725
189636,7.786540834922491,135.58090089812993,0.014024972915649414,5.742637051653712,135.54029626266035,309.7944238877201,309.0322655110617,1900.0,1920.0,0.7925
189890,7.786382239634597,135.58052603654036,0.01395273208618164,5.742934397782799,135.54099660194785,309.79404935402704,309.0313134284131,1900.0,1920.0,0.7725
190145,7.786181592565822,135.58004544475887,0.013860940933227539,5.733115527203672,135.51983865344212,309.8057208827266,309.11575430331914,1900.0,1920.0,0.7725
190402,7.786196010319267,135.5800646684301,0.013868093490600586,5.762819470484006,135.58417727001768,309.77030172679946,308.8699701824743,1900.0,1900.0,0.7725
190662,7.786469346894992,135.58065099040354,0.013994693756103516,5.752061382476293,135.56061400166706,309.7832198591825,308.9536047907337,1900.0,1920.0,0.7725
190924,7.786483163908711,135.58068943774606,0.014002561569213867,5.748852078580942,135.55352828596946,309.78709406509836,308.9779854179126,1900.0,1920.0,0.7725
191187,7.786616528128076,135.58097779281496,0.014065027236938477,5.7366781566466996,135.52704725967718,309.80165168662455,309.076628469282,1900.0,1920.0,0.7725
191444,7.786924707607961,135.58168906865157,0.014210224151611328,5.757458832649594,135.57202206834515,309.7768848786273,308.9022471805522,1900.0,1920.0,0.7725
191702,7.786956546813485,135.58178518700788,0.014225959777832031,5.75780350558896,135.5727049071614,309.77649652563014,308.89743110114387,1900.0,1920.0,0.7925
191957,7.787066482183501,135.58194858821358,0.014276504516601562,5.755987147047137,135.5684556366247,309.7787735434624,308.907850781703,1900.0,1920.0,0.7725
192216,7.787103728046567,135.58203509473424,0.01429438591003418,5.7476412055265715,135.550564778689,309.78865860562536,308.98096689159695,1900.0,1920.0,0.7725
192473,7.786993792676551,135.58180441067913,0.014241695404052734,5.739242649907566,135.53231552812014,309.7986946194846,309.0495728049235,1900.0,1920.0,0.7725000000000002
192743,7.7867847352516,135.58135265440453,0.014141559600830078,5.759611230940652,135.57660284461747,309.7743476546612,308.8839748439193,1900.0,1920.0,0.7725
193005,7.786633348840429,135.5809970164862,0.014070272445678711,5.767362050529112,135.593534897422,309.7650574114785,308.82282091290836,1900.0,1920.0,0.7725
193256,7.788597767747294,135.58104507566438,0.014063358306884766,5.753160096156658,135.5585628085621,309.7834789730044,308.9556456981443,1900.0,1920.0,0.7725
193507,7.788717915692668,135.5812757597195,0.014119386672973633,5.754253264566546,135.56093039767183,309.7821756313042,308.9475413342084,1900.0,1920.0,0.7925
193771,7.788325031911295,135.5803818590059,0.013933897018432617,5.731496320570323,135.511800963261,309.8092577824548,309.14032861153214,1900.0,1920.0,0.7725
194031,7.7880456879383,135.57970903051182,0.013800382614135742,5.733912497866087,135.5174018743774,309.80624548929876,309.1285753702259,1900.0,1920.0,0.7525
194287,7.788130992979516,135.5799301027313,0.013840675354003906,5.772597491305628,135.60116651565977,309.7601296312852,308.80826395240854,1900.0,1920.0,0.7725
194553,7.787903913362759,135.57943028727854,0.013733863830566406,5.742392565278976,135.53589258638792,309.79608786045213,309.0605361191301,1900.0,1940.0,0.7725
194818,7.78769065075972,135.57892085999018,0.01363372802734375,5.748251224766254,135.54867733803766,309.7890676827123,309.0149060370393,1900.0,1900.0,0.7725
195086,7.787396288293554,135.57819997231792,0.013495206832885742,5.729715429402046,135.50885298013304,309.81105984137673,309.17533905560174,1900.0,1920.0,0.7725
195344,7.787236491526206,135.5778058870571,0.013420343399047852,5.745873682714445,135.54383004521185,309.791795710188,309.0429787347998,1899.9999999999998,1920.0,0.7725
195605,7.787058071827326,135.57733490711124,0.01333761215209961,5.742145933138214,135.53588724197792,309.79619463576773,309.0776790699874,1900.0,1920.0,0.7725
195859,7.787402295690823,135.5781038539616,0.013499736785888672,5.732157842358517,135.5141694724249,309.8081371053434,309.1575691451437,1900.0,1920.0,0.7725
196110,7.787617360513041,135.57860366941438,0.013599157333374023,5.746802252210411,135.54551812275488,309.79080288045554,309.0300486394094,1900.0,1920.0,0.7725
196377,7.787707471472072,135.57875745878445,0.013639450073242188,5.748840018053806,135.54992156938022,309.7883765938552,309.01338814775045,1900.0,1920.0,0.7725
196642,7.78758492056779,135.5784210445374,0.013582229614257812,5.7500622459538215,135.55249192364062,309.78694645087336,309.0028901270442,1900.0,1920.0,0.7725
196891,7.7879393570066435,135.57920921505905,0.013749361038208008,5.735295448550138,135.52014545332975,309.8046851997554,309.1179951093486,1900.0,1920.0,0.7725
197143,7.788245133527621,135.57985320804627,0.013890981674194336,5.743060022377742,135.536845136918,309.7954665687724,309.05155761874767,1900.0,1920.0,0.7725
197397,7.788415142870326,135.5802088459646,0.013970136642456055,5.760986226050801,135.5754368153441,309.77417566532085,308.8986998815717,1900.0,1920.0,0.7525
197652,7.788275771253692,135.5799589382382,0.013905525207519531,5.771525276374539,135.5982581486972,309.7616149640519,308.810518276233,1900.0,1900.0,0.7725
197902,7.788538895254061,135.58054526021164,0.01402735710144043,5.757135483025529,135.56684458752616,309.7788555970937,308.9242915759464,1900.0,1920.0,0.7725
198165,7.788823645884597,135.58112197034941,0.01416158676147461,5.760964848863755,135.57481189082816,309.7744060042496,308.8865722117596,1900.0,1920.0,0.7725
198418,7.789006270761565,135.58149683193898,0.014249563217163086,5.7471157079098685,135.54473093678368,309.79094840470725,309.00037510517086,1900.0,1920.0,0.7725
198673,7.7888602910079365,135.58118925319883,0.014180660247802734,5.744009371090967,135.53804876877982,309.7946364570847,309.027773051895,1900.0,1920.0,0.7725
198929,7.788853082131213,135.58117964136318,0.014176368713378906,5.744764745409525,135.53973975195407,309.7937162017524,309.0222973173172,1900.0,1920.0,0.7725
199184,7.788954607145055,135.58143916092519,0.01422429084777832,5.754773943227597,135.561338256188,309.78180975851336,308.935806475258,1900.0,1920.0,0.7725
199442,7.788771381528359,135.5810258519931,0.01413869857788086,5.745487351807718,135.54140791180825,309.7928179807896,309.0174183163613,1900.0,1940.0,0.7725
199693,7.7889287753367995,135.5813430425689,0.014211416244506836,5.7436309887969985,135.5373100666501,309.79505905525707,309.03154757267134,1900.0,1920.0,0.7725
199949,7.789041113665724,135.58152566744587,0.014264106750488281,5.754993678971289,135.56171764246315,309.781581958867,308.93411809109534,1900.0,1940.0,0.7725
200212,7.7891618623508245,135.58177557517223,0.01432180404663086,5.730833257032282,135.50931961073903,309.81041913848486,309.13489087655705,1900.0,1920.0,0.7725
200468,7.789200309693344,135.58192936454233,0.014338016510009766,5.749885934317247,135.5505911369067,309.7876946391512,308.97486368189357,1900.0,1920.0,0.7725
200746,7.789476049227978,135.58248685100887,0.014467000961303711,5.767822203814058,135.58926177513393,309.76637414516165,308.8222591861713,1900.0,1920.0,0.7725
200988,7.789443609282727,135.5824676273376,0.014451265335083008,5.740449285007839,135.52978975123364,309.79907635660027,309.0466351291584,1900.0,1920.0,0.7725
201246,7.789385337529221,135.58232344980317,0.014421939849853516,5.738547283152057,135.52582359993824,309.80129041918394,309.06551114542435,1900.0,1920.0,0.7725
201518,7.789529515063669,135.5825925812008,0.014488458633422852,5.752408628971589,135.55563393410543,309.78483579844885,308.94606022111134,1900.0,1920.0,0.7725
201772,7.789802851639395,135.58312123216044,0.014615297317504883,5.754680077484109,135.56025617163255,309.78223286622926,308.92288374644863,1900.0,1920.0,0.7725
202042,7.789820873831202,135.58315967950296,0.01462554931640625,5.7616435424907335,135.57515382278677,309.7739962859757,308.86042321097534,1900.0,1920.0,0.7725
202308,7.79002272237943,135.58361143577756,0.014719247817993164,5.760634488403465,135.57293416387085,309.7752113111431,308.8682371983389,1900.0,1920.0,0.7725
202560,7.789988480214998,135.58360182394193,0.014701128005981445,5.7344286952391625,135.5163065939545,309.8064141199052,309.0894020722842,1900.0,1920.0,0.7725
202812,7.7900089053657116,135.5836498831201,0.014708757400512695,5.75924740160009,135.56999968660983,309.7768402353218,308.88020446323503,1899.9999999999998,1920.0,0.7725
203081,7.791803314929872,135.58531273068405,0.014635562896728516,5.741683328157632,135.5298799853731,309.7985196024439,309.0447209701995,1900.0,1900.0,0.7725
203329,7.791921660656066,135.58554341473916,0.01469111442565918,5.750626743130269,135.5490348588506,309.7879307883825,308.9661800565905,1900.0,1920.0,0.7725
203595,7.791907843642348,135.58560108575296,0.014685392379760742,5.7416625985102145,135.529694672561,309.79859407328183,309.04160444806735,1900.0,1920.0,0.7725
203846,7.791856780765563,135.5854569082185,0.014665842056274414,5.75580844233219,135.56039360551486,309.781704302863,308.92400606440606,1900.0,1900.0,0.7725
204107,7.791692778820129,135.5850628229577,0.014588117599487305,5.765161801801572,135.58083750917774,309.7704877346273,308.85020595916205,1900.0,1920.0,0.7925
204359,7.791793102354515,135.5853223425197,0.014635801315307617,5.753204030896405,135.55477359596622,309.7848022082054,308.9463668016725,1900.0,1920.0,0.7725
204622,7.7919907457246556,135.58586060531496,0.014727592468261719,5.741360471833892,135.52921231874527,309.7988934517268,309.04558738555875,1900.0,1920.0,0.7725
204878,7.791919257697158,135.58576448695868,0.014695167541503906,5.741068558622439,135.52865071892765,309.79921656479195,309.04804816869046,1900.0,1920.0,0.7725
205140,7.792109692190576,135.58613934854824,0.014786481857299805,5.7533241428408735,135.55488783979916,309.7847106653745,308.9395534086474,1900.0,1920.0,0.7725
205398,7.792217825341413,135.58638925627463,0.014835596084594727,5.742956323411679,135.53248644957281,309.7970548106049,309.02796941091174,1900.0,1920.0,0.7925
205644,7.792245459368849,135.5864180917815,0.01484537124633789,5.753811287941323,135.55586572317893,309.7841571677246,308.9348132151465,1900.0,1920.0,0.7725
205897,7.792221429779774,135.58627391424704,0.014833450317382812,5.755347506281391,135.55911446766632,309.78235331374236,308.9220834262188,1900.0,1940.0,0.7725
206152,7.792738065944882,135.5873792753445,0.015078067779541016,5.7601617362449575,135.56902903038667,309.77679503295474,308.8720191737807,1900.0,1920.0,0.7725
206421,7.792679193451649,135.58723509781004,0.01504969596862793,5.759698643272875,135.56806897147453,309.7773319259693,308.8769075602818,1900.0,1920.0,0.7725
206679,7.792709230437993,135.58739849901576,0.015063285827636719,5.764287195527042,135.5780784820887,309.77183646000793,308.8377583553846,1900.0,1920.0,0.7925
206929,7.7930005892055245,135.58810016301675,0.015201330184936523,5.749894551509273,135.54674616135625,309.78905281676265,308.95467885437006,1900.0,1920.0,0.7724999999999997
207196,7.792898463451957,135.58791753813978,0.015153646469116211,5.756730660326345,135.5615607375629,309.7808987770078,308.8967532366381,1900.0,1920.0,0.7725
207450,7.793012003260335,135.58819628137306,0.015206336975097656,5.759400469668728,135.56743436941366,309.77768344275046,308.87498609676913,1900.0,1920.0,0.7925
207722,7.79337004413755,135.58898445189467,0.015372037887573242,5.782629149960024,135.61754104012442,309.75006846184175,308.6735483418395,1900.0,1920.0,0.7925
207980,7.793531042384351,135.58931125430612,0.015450239181518555,5.75771758310203,135.56324421175586,309.7798828970482,308.8786783891844,1900.0,1940.0,0.7725
208231,7.793261310246986,135.5888306625246,0.015324831008911133,5.7512753457272625,135.5495390152571,309.7874763807571,308.93632091040195,1900.0,1920.0,0.7725
208492,7.793364637480008,135.58902289923722,0.015372514724731445,5.740161110951702,135.52514269165033,309.8008453956449,309.0245996538057,1900.0,1920.0,0.7725
208745,7.793631966658465,135.58958038570373,0.01549839973449707,5.736694906395849,135.51753304655657,309.80501582070576,309.0521183046079,1900.0,1920.0,0.7925
209004,7.79377674493264,135.589859128937,0.015563249588012695,5.751810766194073,135.54997241035892,309.7870951706642,308.9191259175768,1900.0,1920.0,0.7725
209261,7.793728685754491,135.58977262241635,0.015543222427368164,5.746340348392737,135.53833187233093,309.7935448740764,308.968906735151,1900.0,1900.0,0.7725
209529,7.795633030688669,135.58963805671752,0.01550912857055664,5.74581051686614,135.532858630121,309.79570914984555,308.98820291873767,1900.0,1920.0,0.7925
209794,7.795854102908158,135.59015709584153,0.015615701675415039,5.7552941326771,135.55347101313743,309.7843745991475,308.90827003457196,1900.0,1920.0,0.7925
210043,7.795756182332678,135.5899167999508,0.015566349029541016,5.745987626312145,135.5330858322063,309.79555333719605,308.9838556096895,1900.0,1920.0,0.7725
210307,7.7958312747985365,135.5901474840059,0.015603303909301758,5.761432446902356,135.566674487279,309.7770882575873,308.8538858737875,1900.0,1920.0,0.7725
210577,7.796190517155204,135.59088759534941,0.015775203704833984,5.7822172901221185,135.6115896515077,309.7523493220394,308.67458569055725,1900.0,1920.0,0.7725
210835,7.796272217758059,135.59311754121555,0.015830039978027344,5.753899521303225,135.55194332243025,309.78550878442854,308.90878491844387,1900.0000000000002,1920.0,0.7925
211083,7.796240378552535,135.5930983175443,0.015813827514648438,5.754140275884519,135.55251849808212,309.785202683866,308.9069588773043,1900.0,1920.0,0.7925
211346,7.79624518447035,135.59310792937993,0.015814542770385742,5.76058973217534,135.56649863351444,309.77750895251586,308.851577282197,1900.0,1920.0,0.7925
211618,7.79627401997724,135.59318482406496,0.01582789421081543,5.737131123260934,135.51562801248258,309.8055054053417,309.0502508011617,1900.0,1920.0,0.7725
211869,7.7961911178949315,135.59305025836613,0.01578807830810547,5.762851428291436,135.57154871401846,309.77475891485017,308.83426290690795,1900.0,1920.0,0.7725
212123,7.7961448609359625,135.5929733636811,0.015768051147460938,5.759282336780554,135.5638083934856,309.77901760585206,308.86385325634046,1900.0,1920.0,0.7725
212385,7.796263206662156,135.59330016609252,0.0158231258392334,5.7580131042329485,135.56110861423798,309.78051344180426,308.8746866258716,1900.0,1920.0,0.7925
212637,7.796434417484314,135.59361735666832,0.015903234481811523,5.771165680788404,135.58972761440884,309.76478711827747,308.7661493926514,1900.0,1920.0,0.7925
212894,7.796223557840182,135.59317521222934,0.015801191329956055,5.750187124451387,135.54412721946773,309.7898560295418,308.94118029383833,1900.0,1920.0,0.7725
213148,7.796383955347257,135.59351162647638,0.01587843894958496,5.768368678519915,135.5835348017239,309.76816889125206,308.786967501445,1900.0,1920.0,0.7725
213410,7.796259602223794,135.59324249507875,0.015819549560546875,5.762517588177372,135.57079535255085,309.77516763983317,308.83576990791096,1900.0,1920.0,0.7925
213666,7.796355119840366,135.59343473179135,0.015864133834838867,5.762931278480662,135.5715138072216,309.7747373110278,308.82888331082165,1900.0,1920.0,0.7725
213920,7.796199528251107,135.59311754121555,0.0157930850982666,5.746527631796148,135.53602090512962,309.79428388979477,308.96925020972697,1900.0,1900.0,0.7725
214173,7.796177300881214,135.5930983175443,0.01578068733215332,5.768234775414919,135.58350759595933,309.7682354770802,308.7928652546217,1900.0,1920.0,0.7725
214433,7.796001884880967,135.5927138441191,0.015700101852416992,5.756154730168931,135.55723844061728,309.782674357427,308.8936573848987,1900.0,1920.0,0.7725
214697,7.796504704032358,135.5938384288878,0.01593947410583496,5.7464513879586745,135.5357602937525,309.7944086383633,308.96742712200535,1900.0,1920.0,0.7725
214963,7.796693937046322,135.59430940883365,0.016028165817260742,5.753981450998602,135.5520024143394,309.78545301115594,308.9000488015447,1900.0,1920.0,0.7725
215222,7.79688437153974,135.59468427042324,0.01611781120300293,5.740227079847825,135.52178334634226,309.8020076568119,309.01016212919956,1900.0,1920.0,0.7725
215494,7.7972610353484875,135.59553011195865,0.016295433044433594,5.757461646734417,135.55894115331074,309.78151552657465,308.85891058497816,1900.0,1920.0,0.7924999999999998
215751,7.797375175896592,135.59580885519193,0.01634979248046875,5.761170894460871,135.56698559174166,309.77708934670716,308.82696277654316,1900.0,1920.0,0.7725
216005,7.797300684170461,135.59566467765748,0.01631450653076172,5.746798939377036,135.53566874546075,309.79429326352863,308.94657012805226,1900.0,1920.0,0.7725
216265,7.796823096087598,135.59459776390256,0.01608753204345703,5.740738070659257,135.5228931399669,309.8013971137969,309.0056525372945,1900.0,1900.0,0.7725
216526,7.79711265263595,135.59521292138288,0.016224384307861328,5.76487337322427,135.57533027951052,309.77256007327185,308.8015841909737,1900.0,1920.0,0.7925
216786,7.797419630636381,135.59594342089076,0.016369104385375977,5.76597514665438,135.5774769666909,309.77133146119814,308.7867333311151,1900.0,1920.0,0.7725
217041,7.797303687869095,135.59569351316438,0.016315221786499023,5.767115624534476,135.5799230110403,309.76998043418297,308.77613474003215,1900.0,1920.0,0.7725
217301,7.7975301667461245,135.59612604576773,0.016420602798461914,5.765864915869186,135.5769508837732,309.77156459177576,308.7830660171187,1900.0,1920.0,0.7725
217558,7.797455074280266,135.5959338090551,0.016387224197387695,5.74653587489404,135.5350006439886,309.794641821846,308.9481641307009,1900.0,1920.0,0.7725
217817,7.797234602800504,135.595443605438,0.016282081604003906,5.767274908552687,135.58031996719563,309.76977215889247,308.7776760657639,1900.0,1920.0,0.7725
218080,7.797452671321359,135.59588574987697,0.016386747360229492,5.743795129829541,135.52893895078765,309.79795493051563,308.9700276551175,1900.0,1920.0,0.7725
218335,7.797473096472072,135.59597225639766,0.016399145126342773,5.783261635750293,135.6149693926592,309.7507092564818,308.64025317912876,1900.0,1900.0,0.7725
218597,7.797774667814961,135.59660663754923,0.016543149948120117,5.755147591809335,135.55343765498463,309.7844487381685,308.8697879856809,1900.0,1900.0,0.7725
218847,7.797822726993111,135.5967315914124,0.016567230224609375,5.782779270434808,135.61357311740045,309.75140846922176,308.6363807649657,1900.0,1920.0,0.7725
219102,7.798007154089259,135.5992018331693,0.016672134399414062,5.748457970021653,135.5385421791545,309.792569789299,308.9192752795336,1900.0,1920.0,0.7725
219355,7.798075037678396,135.59927872785434,0.016704082489013672,5.769602230872626,135.5864806402966,309.7666014381252,308.7389087038687,1900.0,1920.0,0.7725
219606,7.798134510911357,135.59947096456693,0.016733169555664062,5.766651896300512,135.5802022721047,309.7700788178461,308.7651760561246,1900.0,1920.0,0.7725
219863,7.7981987900621315,135.59957669475887,0.016762256622314453,5.7610988733297415,135.5679095696611,309.77679281895894,308.80890819334877,1900.0,1920.0,0.7725
220115,7.798288901021162,135.59986504982777,0.016803264617919922,5.7594937636150965,135.564404997679,309.77871642604225,308.8207510809418,1900.0,1920.0,0.7725
220385,7.798681184062808,135.6007493387057,0.016991376876831055,5.763001280643854,135.57165577017415,309.77465727432707,308.7825552624097,1900.0,1900.0,0.7725
220641,7.7987851120355565,135.6009704109252,0.01704096794128418,5.745617693631503,135.53371778366392,309.79548677879217,308.9280610564838,1900.0,1920.0,0.7725000000000002
220895,7.798742459514949,135.60094157541832,0.01701807975769043,5.772358835973325,135.59207811570394,309.763447652946,308.7036067966808,1899.9999999999998,1920.0,0.7725
221145,7.798546017624262,135.60052826648624,0.016923904418945312,5.77097788225566,135.58916956939672,309.7650645210715,308.7162073759422,1900.0000000000002,1900.0,0.7725
221409,7.798302117295153,135.60002845103347,0.01680898666381836,5.754441804841568,135.55353561610363,309.784714219689,308.8629942374457,1900.0,1920.0,0.7725
221662,7.798234233706016,135.59986504982777,0.016776561737060547,5.754296943152931,135.55326226033668,309.78487264108986,308.8652199056884,1900.0,1920.0,0.7725
221919,7.798179566390871,135.5997881551427,0.01674962043762207,5.758916811632871,135.563313375132,309.7793483566206,308.8256499035068,1900.0,1920.0,0.7725
222194,7.798035388856422,135.59952863558073,0.016679763793945312,5.760336752424812,135.56667007165208,309.7775558472148,308.8175812765438,1900.0,1920.0,0.7725
222434,7.79779989888349,135.5990095964567,0.016565322875976562,5.758434520301181,135.5627632758187,309.77974827530124,308.8385416256922,1900.0,1920.0,0.7725
222694,7.797521756389949,135.598404050812,0.016433238983154297,5.769493470527004,135.5871105132099,309.76642474455014,308.75073196631797,1900.0,1920.0,0.7725
222961,7.797745832308071,135.5989134781004,0.016538619995117188,5.768503013096325,135.58474545678231,309.7676832009447,308.7546430686011,1900.0,1920.0,0.7725
223216,7.797505536417323,135.5984328863189,0.016422748565673828,5.756645925018831,135.55912517319376,309.7817972966888,308.85716014110926,1900.0,1920.0,0.7725
223479,7.79739500030758,135.59816375492125,0.016369104385375977,5.7783218302584,135.60661362767172,309.7557671127673,308.6817499136823,1900.0,1920.0,0.7725
223740,7.7970399631289995,135.59734674889273,0.016201019287109375,5.746545142207023,135.53764834759687,309.7936999166286,308.9523463470914,1900.0,1920.0,0.7725
223996,7.796960665485052,135.59723140686515,0.016162395477294922,5.754483716655809,135.55505305369994,309.78415898859686,308.8881465480699,1900.0,1920.0,0.7725
224255,7.796826099786234,135.59699111097441,0.016098976135253906,5.759545970219592,135.5661621664688,309.77807202419007,308.84618314288196,1900.0,1920.0,0.7725
224518,7.796835711621863,135.5970103346457,0.016098499298095703,5.778557284826318,135.60771059062833,309.75527879265434,308.6903727809986,1900.0,1920.0,0.7725000000000002
224779,7.797056183101625,135.5974332554134,0.016202688217163086,5.763406289518571,135.57449768050805,309.7734788436778,308.81345004932064,1900.0,1920.0,0.7725
225044,7.797080212690699,135.5995863065945,0.016228675842285156,5.754570854857232,135.55727979067018,309.7833333438955,308.8849279779265,1900.0,1920.0,0.7725
225305,7.797283262718381,135.5999034971703,0.01632404327392578,5.761786669624404,135.57277515179987,309.77477756285305,308.82265439916114,1900.0,1920.0,0.7725
225568,7.797304889348548,135.59995155634843,0.016332149505615234,5.76004816606418,135.56877029195192,309.77693494831556,308.8329530776721,1900.0,1920.0,0.7725
225825,7.797209972471703,135.59976893147146,0.016287565231323242,5.762657528131347,135.5746039651236,309.7737596843947,308.8137636155452,1900.0,1900.0,0.7725
226079,7.7971066452386815,135.59949980007383,0.016237258911132812,5.775150569556848,135.60189413421108,309.7587861613233,308.7122119396472,1900.0,1920.0,0.7925
226340,7.797053179402989,135.59937484621062,0.01621079444885254,5.7569124568427625,135.56220746741133,309.780592443095,308.86513079552515,1900.0,1920.0,0.7725
226601,7.797310896745817,135.5999034971703,0.016333580017089844,5.75091005154846,135.54877388730412,309.7879027327757,308.90883815457823,1900.0,1900.0,0.7725
226855,7.797524760088582,135.60038408895178,0.016434431076049805,5.7652836953554845,135.58003030202264,309.7707216450318,308.7875946911911,1900.0,1920.0,0.7725
227126,7.797453272061086,135.60025913508858,0.016399860382080078,5.76834586017775,135.58663074744,309.7670826996359,308.75970356614994,1900.0,1900.0,0.7725
227391,7.797177532526452,135.59966320127953,0.016267061233520508,5.778985525609353,135.61001660526696,309.7542806610592,308.67505567088836,1900.0,1920.0,0.7925000000000002
227650,7.79725082277313,135.59992272084153,0.01630115509033203,5.750974711238455,135.5491671488266,309.78773594637136,308.91028286854703,1900.0,1920.0,0.7725
227910,7.79725082277313,135.59989388533464,0.016303539276123047,5.764550303712222,135.57876817987403,309.7714803868966,308.7981297256473,1900.0,1920.0,0.7725
228175,7.797274251622478,135.60001883919784,0.01631307601928711,5.755873902104086,135.55988401037098,309.78185692108974,308.8694097605803,1900.0,1900.0,0.7725
228439,7.797418429156926,135.60028797059547,0.016379594802856445,5.772807576302426,135.59654258092345,309.76167668838616,308.72400762593156,1900.0,1920.0,0.7725
228694,7.79761547178734,135.60073011503445,0.016473770141601562,5.7704968899593245,135.59144654526332,309.76446318090274,308.74228167714114,1900.0,1920.0,0.7725
228952,7.797490517924151,135.60044175996555,0.016416072845458984,5.748308936421576,135.54307418859813,309.7910277958066,308.9277493441267,1900.0,1920.0,0.7725
229218,7.7973775788555,135.60014379306102,0.016361474990844727,5.761624069559751,135.57214025799146,309.7750715052966,308.81821878302594,1900.0,1900.0,0.7725
229470,7.79731029600609,135.5999419445128,0.01632976531982422,5.755063376995347,135.55805290549142,309.78285008602126,308.8778171158216,1900.0,1920.0,0.7725
229729,7.797041164608452,135.59933639886813,0.01620197296142578,5.7525564041173185,135.55274666329717,309.78579549497715,308.90200142930576,1900.0,1920.0,0.7725
229983,7.796958262526145,135.59908649114175,0.01616191864013672,5.749229275276135,135.54537332890288,309.7898220083704,308.92923621565865,1900.0,1920.0,0.7725
230241,7.7969011922520925,135.5989423136073,0.016133785247802734,5.771120198336919,135.59328043130998,309.76354897420094,308.7510887479592,1900.0,1920.0,0.7725
230509,7.797000915046752,135.59915377399116,0.016180753707885742,5.765114735149017,135.58012324689238,309.7707606064601,308.79966051065594,1900.0,1920.0,0.7925
230776,7.7972490205539495,135.5997785433071,0.01630115509033203,5.7578655425151135,135.56396776791334,309.7795637559868,308.8517843713355,1900.0,1920.0,0.7725
231030,7.797301885649914,135.59993233267718,0.01632404327392578,5.754748226372998,135.55723968850626,309.7832721092525,308.87865987602345,1900.0,1920.0,0.7725
231295,7.797598651074988,135.60056671382873,0.016464710235595703,5.767150603201748,135.58392928344483,309.7685473519048,308.7683746899253,1900.0,1920.0,0.7725
231560,7.797666534664124,135.60073011503445,0.016495704650878906,5.747568259104684,135.54120246638496,309.79200579993784,308.93047179802954,1900.0,1920.0,0.7725
231817,7.797895416500062,135.60127798966536,0.016603469848632812,5.753981135467665,135.5550210525696,309.78438407016745,308.87302727814813,1900.0,1920.0,0.7725
232080,7.797607061431164,135.60065322034941,0.016467571258544922,5.750715184086635,135.54823300751718,309.78817718072617,308.9061071385627,1900.0,1920.0,0.7725
232340,7.797534371924214,135.60050904281496,0.0164334774017334,5.767016526187876,135.58388076931382,309.76862155362915,308.7728658242312,1900.0,1920.0,0.7925
232593,7.797495323841966,135.60047059547244,0.016414880752563477,5.74374258696305,135.5334116260862,309.7963926716826,308.97072082105876,1900.0,1920.0,0.7725
232857,7.7976208784448815,135.60070127952756,0.016474485397338867,5.773245942283804,135.59734456397408,309.7612063944292,308.71821710890595,1900.0,1920.0,0.7725
233119,7.797665933924398,135.6008070097195,0.0164947509765625,5.765220633067504,135.5798910388005,309.77079776794204,308.78542104513235,1900.0,1920.0,0.7925
233379,7.797745231568344,135.60098002276084,0.016531705856323242,5.760850957259028,135.570281803107,309.7760583280992,308.8201078273993,1900.0,1920.0,0.7725
233628,7.797677347979208,135.60090312807577,0.01650094985961914,5.746017527982851,135.5380590323765,309.79377881408016,308.9449163102379,1900.0,1920.0,0.7925
233890,7.798097865788017,135.60174896961124,0.01670050621032715,5.755938914230364,135.55931994370496,309.7820290207374,308.8563491163661,1900.0,1920.0,0.7725
234150,7.7979434756782116,135.60140294352854,0.016623497009277344,5.763606537298366,135.57590388327083,309.77289582742026,308.7902912963989,1900.0,1920.0,0.7525
234404,7.7982828936238935,135.60210460752953,0.016783714294433594,5.7653606713089225,135.57940793959722,309.77090922653446,308.7699677539332,1900.0,1920.0,0.7725
234667,7.798096664308564,135.60172013410434,0.016695737838745117,5.775816064627611,135.60237525997712,309.7583328199609,308.68605883041664,1900.0,1920.0,0.7725
234933,7.797992736335814,135.60355599470967,0.01666569709777832,5.752336677584766,135.55351282209787,309.7856175992517,308.8859657326698,1900.0,1920.0,0.7925
235199,7.797983725239912,135.60364250123033,0.016660213470458984,5.762673863857579,135.57606766941618,309.77323453389926,308.7982299499256,1900.0,1920.0,0.7725
235450,7.798001747431718,135.6037001722441,0.016667842864990234,5.765417873470193,135.5820951262555,309.7699336220313,308.77531169978977,1900.0,1920.0,0.7725
235709,7.797920647568591,135.60345987635336,0.01662421226501465,5.758958519724436,135.5679000015587,309.77770654027364,308.8285213327973,1900.0,1920.0,0.7725
235968,7.798228827048475,135.60413270484744,0.016772031784057617,5.766186686065945,135.58354057218418,309.7690949419148,308.7658184671825,1900.0,1920.0,0.7725
236226,7.798151331623709,135.6039308562992,0.016734600067138672,5.757755877071409,135.5651299732006,309.7791988652131,308.8366051293765,1900.0,1900.0,0.7725
236490,7.798382015678827,135.6043730007382,0.01684403419494629,5.76683490345623,135.58457524270668,309.76845297244097,308.75451342083534,1900.0,1920.0,0.7725
236741,7.798564640555795,135.60480553334153,0.01692938804626465,5.773580551067413,135.599279568445,309.7603792598418,308.6974295205946,1900.0,1920.0,0.7725
237007,7.798660158172368,135.6050458292323,0.016974925994873047,5.746792263386387,135.54058231823643,309.7925554893993,308.9163077687633,1900.0,1920.0,0.7725000000000002
237261,7.799040426419476,135.60588205893208,0.01715540885925293,5.748007270874785,135.54309481048895,309.79114878371814,308.9030624260722,1900.0,1920.0,0.7725
237507,7.799101701871616,135.6060454601378,0.01718425750732422,5.756008122993542,135.56018996983573,309.7816914892841,308.82873870772676,1900.0,1900.0,0.7725
237779,7.799283125269132,135.60636265071358,0.01726841926574707,5.772928010413448,135.5971285264027,309.7614180875281,308.6878508403938,1900.0,1920.0,0.7925
