Time,X,Y,Heading,ProjectedX,ProjectedY,TurretTarget,TurretActual,ShooterTarget,ShooterActual,ShooterPower,TOF
1788798981796,6.598564208023192,11.698817455862452,1.1862031533382833E-4,4.560044222364974,11.698575645977805,43.505737618444186,-280.0,1837.249718045866,300.0,1.0,0.9023046449581624
1788798982070,6.599449698380599,11.697176234928643,-1.215730226249434E-4,4.560929713445262,11.697424063966114,43.56664208914116,43.53396948235172,1837.2484994383176,720.0,1.0,0.902307346635193
1788798982346,6.606028399129552,11.701035386934056,4.5258106547407806E-4,4.567508607904188,11.70011279141196,43.4660485461103,43.52700255875682,1837.2609064195608,1080.0,1.0,0.9022920684251641
1788798982594,122.25632074311025,121.48656649852363,0.694982647895813,120.69060525906347,120.18115514059227,22.2,9.135284872232944,1449.9463350944059,1340.0,1.0,0.20754440290975756
1788798982882,122.51930056594489,122.11486335814469,0.6965576410293579,122.03792596845544,122.89618403989935,22.2,7.530359522643153,1454.7693531840994,1480.0,0.5916357271583152,0.20684066712059362
1788798983198,125.53295706200788,128.4295029527559,0.7259031534194946,126.35508620943365,132.2493954786965,337.8,358.4434872849458,1483.3031130224952,1480.0,0.6293452021002033,0.19032200673313604
1788798983472,130.93468373216044,139.01792030634843,0.7867518067359924,131.99626141279447,141.80720516757168,330.7142604497425,319.4267840878404,1514.0614101929198,1500.0,0.6494243330238182,0.15063354950882474
1788798983740,136.87061700295274,149.5503294937254,0.9223829507827759,137.06360421581778,150.85711885737857,28.890577663500153,25.131925420440155,1534.7238572271683,1540.0,0.6428459222122319,0.0971708262829398
1788798984023,142.98755075049212,162.55082738681102,0.9925614595413208,142.21190020047928,161.6981781947906,22.2,23.097615742716698,1556.167440548903,1540.0,0.6727014617722195,0.030560709395926724
1788798984292,148.7870344026821,176.61409633366142,1.005417823791504,147.69492695893473,174.89279882256358,22.2,16.985963109899274,1574.8805615063882,1560.0,0.6769320599381233,0.0
1788798984572,152.9271884227362,191.50455985482284,1.04335618019104,151.90115436437787,189.74307812017764,22.2,12.975598705213429,1590.5859046812916,1620.0,0.6416811038714015,0.0
1788798984849,149.0259077417569,202.13023268331693,1.0611357688903809,148.0313526216147,200.3507878532087,22.2,17.815612004296952,1598.2952152187177,1600.0,0.6739144101108515,0.0
1788798985145,145.7206666000246,208.59323096087599,1.0122618675231934,144.64036527731616,206.86449939045957,27.201392631488318,24.49266976622988,1602.4593760198195,1620.0,0.6597969680175508,0.0
1788798985437,149.99634750246062,209.53405665600394,0.7601693868637085,148.51899270258951,208.12942624707148,43.981462550179515,38.68824804144435,1604.1398903219763,1620.0,0.6624473997162154,0.0
1788798985705,153.21202555979332,211.52412955216536,0.6219617128372192,151.55524479350453,210.33642534536318,42.810742374933625,43.73005608162549,1605.8957942062616,1620.0,0.664579424412205,0.0
1788798985953,156.84977854330708,214.87385426919295,0.5860195755958557,155.15138837028599,213.74645256146613,43.3777864646068,43.51368616678474,1609.132826825772,1660.0,0.6294027144790443,0.0
1788798986228,156.53292438176675,216.41686146653544,0.8749842643737793,155.2262148458341,214.85222924805637,22.2,21.77979445524511,1609.9250772352214,1660.0,0.6306633534372836,0.0
1788798986485,156.54312253937007,216.5821273683563,0.8839653730392456,155.2505176459514,215.0058227087457,26.029571313849715,26.51648686319345,1610.0661704041258,1660.0,0.6309358824537544,0.0
1788798986762,156.9571715828002,217.85406157726376,0.8134552836418152,155.55672525363988,216.37273991417322,31.17018262472959,31.751874521214063,1610.8890019422722,1700.0,0.5919710480193585,0.0
1788798987026,156.8635330800935,217.77751291830708,0.8166061639785767,155.46776116235336,216.29178597702617,30.17620024897917,30.09857545259439,1610.8336874978052,1660.0,0.631989530001953,0.0
1788798987275,156.8302857406496,219.293472410187,0.7122288346290588,155.28731534898927,217.96125389925888,38.11406066089643,37.861994746487824,1611.7076260473862,1680.0,0.6130063061956891,0.0
1788798987553,156.82972825418307,219.8299666277067,0.7630704045295715,155.35645452286002,218.42105630302544,33.60599309707192,33.03629589772004,1612.0237102517863,1660.0,0.6335982885009757,0.0
1788798987853,156.31198672797737,219.2005259596457,0.7677926421165466,154.84538260784277,217.78467422121957,33.40124178227438,33.31403653288271,1611.6936705822884,1680.0,0.613367396297068,0.0
1788798988119,156.0791303980069,218.99191067913387,0.7673904895782471,154.61195700811166,217.57664885375195,33.75456105330176,33.75350387115623,1611.4227519036874,1680.0,0.6128032911778457,0.0
1788798988402,157.11755467212106,218.90186700295277,0.822698712348938,155.73086046648675,217.40766388073,28.762567828527267,29.148634715725507,1611.6241192055054,1660.0,0.633159684121246,0.0
1788798988675,156.85838113619587,218.4356929749016,0.8456361293792725,155.50632185677523,216.91007851006046,28.616777476164145,28.5025795209624,1611.2207573524513,1660.0,0.6325631893933761,0.0
1788798988922,156.8802672859252,218.48628967765748,0.8467124104499817,155.52985077925706,216.95922090090966,28.43221337596077,28.314892670713164,1611.242861431321,1660.0,0.632578705334645,0.0
1788798989174,156.9319501261073,219.4427442175197,0.7879472374916077,155.49417785586357,217.99762322282126,31.570339464534186,33.168085978393776,1611.9150974716063,1620.0,0.673491472019827,0.0
1788798989436,156.30076971579723,218.76093826894686,0.7991008162498474,154.8792048123687,217.2998711877558,31.50951420365766,31.580683505344325,1611.3233632418817,1640.0,0.6527192313516978,0.0
1788798989695,122.24129744402067,121.49974432517224,0.6984197497367859,120.68007803133435,120.18895916510544,22.2,8.930232780473716,1449.9921581296428,1620.0,0.0,0.20744218248157265
1788798989948,122.25294698880414,121.52920460137796,0.6997814774513245,120.69351395553265,120.21629470152128,22.2,8.231960006109034,1450.0628361222475,1480.0,0.5892780163589015,0.20730995434169097
1788798990227,119.64285302349901,120.26470995324803,0.42268675565719604,117.78374297852373,119.42848412784438,25.089132304907423,21.218648859522034,1443.7291054255384,1460.0,0.6030011049810426,0.224051685761387
1788798990490,113.18702517531989,117.40003690944881,-0.15092378854751587,111.17167783366718,117.70653141656652,52.91908225831078,48.2107658115998,1418.6601913945947,1460.0,0.5736087973124795,0.2777064824071608
1788798990753,107.46134119709646,113.33991103284941,-0.7982463240623474,106.03852834239623,114.79976286468023,92.51259622141225,87.46309983836667,1383.316173611698,1460.0,0.5217119420696394,0.3208397936599719
1788798991039,104.72533218503938,107.05539493110236,-1.5131994485855103,104.60798470342183,109.09053457224692,139.19547809036143,129.5933809916147,1393.2637512628994,1420.0,0.5616465199797217,0.32543642494294983
1788798991297,102.86177988127461,99.67791699987697,-2.2959489822387695,104.21382765451561,101.20354166186762,198.0362136946398,186.48183325682584,1420.9824303404953,1420.0,0.6077619965705205,0.35517301332469914
1788798991559,102.08746001476378,95.90962567667323,-3.0360641479492188,104.11463979462513,96.12434859236053,230.637206520306,232.53012413526818,1419.3664178713184,1460.0,0.566879632589353,0.38482747838718734
1788798991826,101.9526732437254,95.84490918737697,-3.043788194656372,103.9814510655432,96.04396782220664,226.87570672642664,226.858338822343,1419.0592834181818,1480.0,0.5463405007842655,0.3869771348243023
1788798992087,101.36875422920768,97.78691329355314,-3.034588098526001,101.49469312855476,103.04349974446954,219.1402520788477,223.06125907239112,1420.532837567746,1460.0,0.5683585477715338,0.38172264099483977
1788798992351,99.67064084030513,102.07065852608268,-2.4732894897460938,98.88126945394437,110.65784775907855,170.27709207831128,177.29489155954332,1380.4005316681862,1440.0,0.5585453306810075,0.36859735222345136
1788798992619,97.60395200233759,108.85357714074803,-2.064265727996826,95.53113906484623,121.87353584107343,141.71792085668628,143.31335703840784,1293.244020622583,1360.0,0.47786047970598555,0.3626040668554346
1788798992876,94.43018154835138,117.11563230499507,-2.1370747089385986,90.68819334104447,129.0752909802584,138.74779839078565,132.12092640028118,1428.866419558449,1340.0,0.6979619184500391,0.387868373001384
1788798993152,92.77905081200788,121.38456569881892,3.1058173179626465,92.38468257800503,126.75676425402669,216.93294594872646,205.63028892595761,1359.7432062774615,1380.0,0.5689603199920572,0.39569986306269644
1788798993412,87.58915938730316,126.21439776082678,2.6706185340881348,71.83919521447373,135.28427169293067,214.60241008805676,215.07856187006942,1518.632526610208,1400.0,1.0,0.4227509564357239
1788798993657,77.25786344272883,130.2827513687254,2.72426176071167,58.2875845289949,132.63341468653846,204.16406362063208,209.5242589563044,1588.214099848248,1540.0,0.7097874312738182,0.4741968582163911
1788798993963,65.88734544168308,129.81277105376478,3.0893685817718506,67.92308619092681,129.70635962454503,190.4496418191616,188.37970462328292,1519.2828353485827,1620.0,0.0,0.5172975604467139
1788798994263,52.167276697834644,128.01038847194883,-3.114152431488037,54.20502927807977,128.06631889394203,186.25027859326568,186.25155624589542,1597.2471055376366,1520.0,0.7251057080054911,0.5350605222344424
1788798994521,47.927505613312015,121.95734459584153,-3.102306365966797,49.96445267711714,122.0374098795524,195.42236199604704,193.71709137695404,1623.5242487587827,1600.0,0.7086203576237754,0.5453687165464436
1788798994820,51.22660479207677,115.83546075295276,-3.1241445541381836,65.2535042339502,115.439955462118,200.74314435066677,202.10598200410124,1576.8436324642923,1660.0,0.6369214188373948,0.547018318970841
1788798995155,55.79933947465552,120.96532626414863,3.1256444454193115,58.19622489978217,134.2506540892431,186.3821847198458,189.77089959756546,1562.215669847324,1520.0,0.6783909612822236,0.5407336924323667
1788798995402,52.78087225485975,123.56763464259352,3.083001136779785,54.81589417100086,123.44826299091127,195.9899551731649,194.2691911441404,1609.3710312301894,1560.0,0.7264332607059862,0.540291249406387
1788798995670,52.742189422367126,122.37529604453741,-2.4758360385894775,54.34538283165547,123.63439678824874,143.87310774528996,154.03759473232262,1611.5056639613697,1620.0,0.6723094099599798,0.5408512965901232
1788798995931,53.489288570374015,117.63742041400099,-1.984506607055664,54.30879267420985,119.5039618183626,133.87559246750692,132.9060733637563,1614.9549179439612,1660.0,0.6370043958025942,0.542924877287648
1788798996204,52.58152278389518,108.58228308009352,-1.927750587463379,53.29382673537029,110.49230582108719,138.55505318104525,137.85655527777934,1626.7972686576572,1660.0,0.6453029573256504,0.5481620610526053
1788798996449,52.38625353715551,97.14665931040847,-1.9063074588775635,60.24072584570882,75.67839060024009,146.63425257331158,144.76162357907762,1700.219982286098,1680.0,0.7499405851281551,0.5773495370657251
1788798996708,56.28302626722441,88.38923897330217,-1.7528958320617676,66.51605506001366,72.25202838415757,138.32092110182361,142.6088788433358,1688.595349172963,1700.0,0.6977685139959943,0.5991298015573165
1788798996974,62.36952413724163,79.99430498738927,-1.5880789756774902,76.53353030444555,64.95545607206202,141.1623520851471,139.83471148757275,1691.1459497517849,1720.0,0.6897001518263823,0.6028377086283265
1788798997259,70.55051307978593,72.43673970380168,-1.5882375240325928,90.3965580425268,63.714854496705,148.3859195770414,147.12212879788612,1630.7521184470515,1720.0,0.6081856028727329,0.5824768624659608
1788798997539,78.05519884965551,71.32781261534203,-2.133030652999878,89.82755984769561,78.4593211675392,183.7234138352619,180.64180528072123,1569.0983764214907,1560.0,0.6814205348422091,0.5564928579236862
1788798997786,81.80329570620079,76.69293260949803,-2.478219747543335,87.57436352894759,90.72647960917348,189.39971484639676,190.0630465790776,1480.7436189805976,1560.0,0.5621680024800869,0.5382095134199854
1788798998049,84.01112473855807,85.51891417015257,-2.5213751792907715,88.82685052283418,102.14303984060027,181.9726952138359,182.4030001634421,1454.4459465019,1560.0,0.0,0.5094161133056403
1788798998335,82.9505355714813,94.10669522022637,-2.567237138748169,75.88919002619565,100.46266088599106,180.1422727241562,176.9253357788687,1518.58538558669,1480.0,0.659962483932204,0.485935078306855
1788798998584,77.52394308255414,91.85031680610236,-2.635901689529419,79.30732186223797,92.8378004356241,190.40130858514283,189.57961101427708,1531.0353560477367,1520.0,0.6554218658125656,0.5130513229980933
1788798998846,72.33612300842766,84.4737808347687,-2.6246628761291504,74.10829124857057,85.48124473934733,195.86569717325958,193.81656015732773,1567.390709877636,1540.0,0.6728648183826029,0.5480691010714405
1788798999103,69.89516370878445,74.96413824126478,-2.626680374145508,71.66936089735212,75.96802475202114,200.54051999172157,199.66952378706802,1661.1252468850184,1600.0,0.743375316124696,0.5652836706040005
1788798999387,67.84415177472933,63.78685658372294,-2.619997262954712,69.61160030686283,64.8025777446028,203.59956112408037,203.6371125566536,1697.1334792439632,1660.0,0.7519925735746037,0.6097156685530002
1788798999678,66.70310673751231,51.82613823357529,-2.687304973602295,68.53486747788301,52.72068637673843,214.21671509927847,210.0077018203202,1737.1466162014742,1700.0,0.7582631057260607,0.6694443828412713
1788798999948,66.57979169229823,42.777416799950785,-3.0936172008514404,68.61596616849994,42.87517820780027,239.0414612134676,238.358511406624,1752.6741678348058,1760.0,0.7233692030155315,0.7173729590762987
1788799000221,61.05523537463091,42.38055371862697,3.1156532764434814,40.53280506988797,49.07213092796558,226.9909957895779,229.61107108962628,1808.8356301008128,1760.0,0.7671395034451234,0.7321361075532713
1788799000511,51.152228407972444,45.822845218688485,3.083549976348877,26.38322864215742,54.85685050420698,220.51582993772888,223.14177517039514,1772.39194662295,1820.0,0.7034011999209986,0.7387489669516263
1788799000800,37.94060654527559,47.76939572311762,3.0769081115722656,23.873582576343043,49.57252842209191,220.15577031420287,217.97457686312754,1782.6352733417086,1820.0,0.7105622061114037,0.7626426852820267
1788799001107,39.308450053057335,47.962511918676185,-3.0807924270629883,56.63788517797073,47.217958315014776,222.67778678289326,228.42165018784598,1799.022087518833,1780.0,0.7750645449477448,0.7669754647126705
1788799001411,46.88804326094981,48.393621970349415,-2.434016227722168,68.39642668707147,51.911377863227685,183.28712630325964,188.02212472962952,1748.5231969346853,1820.0,0.6674608194588106,0.7469931276034921
1788799001683,56.72619917261319,53.17914827602116,-2.199340343475342,77.25692502012227,70.58265212101466,176.03430733537408,172.68324719356295,1684.3661109230957,1760.0,0.7415479955865745,0.7103685419796164
1788799001953,66.93422332523376,64.19695516270916,-2.2144317626953125,84.38418325713154,83.87374343064062,172.11907618745138,172.1950361202895,1545.4249403591853,1600.0,0.6167863267811912,0.635635179592654
1788799002225,71.65760430764026,70.66175565944883,-2.2573962211608887,76.22482296243618,77.4976439952978,175.35424281060875,174.85084352264963,1633.9806893288346,1520.0,1.0,0.5694668395181038
1788799002529,72.43626872385582,71.58423716627708,-2.249579906463623,73.71614678644933,73.17089274808804,174.64490204066465,175.22593676654452,1690.1278775584237,1640.0,0.7456574663721479,0.5654742104149424
1788799002786,72.40832711767963,71.5466596948819,-2.2510368824005127,73.69051554000929,73.13144884175406,175.0080738484458,175.55357372960717,1690.2623799120051,1700.0,0.7019583366241937,0.5655272144083947
1788799003078,72.40900955800936,71.55191736897146,-2.2511491775512695,73.69137593639047,73.13656252230949,175.15089348995923,175.12826043919122,1690.185510907748,1720.0,0.6818847036112037,0.5655044840962631
1788799003375,72.41006205401082,71.5559158925935,-2.2511074542999268,73.69236231472775,73.14061454904693,175.1968502024051,175.18427492767128,1690.1915355004978,1740.0,0.6619163659240774,0.5655054751680628
1788799003623,72.50325841227854,71.02071927288385,-2.217707395553589,74.9420697802173,67.76754501570869,173.57121492923307,175.1626902978779,1691.5627126297722,1720.0,0.6826684790618905,0.5657791654492794
1788799003899,74.31828055794784,67.26844607375739,-1.7391917705535889,81.49502768924889,59.626573170042654,145.12376236333003,149.43863540416916,1684.2695468418503,1700.0,0.7002623257290727,0.5767992819546691
1788799004156,78.63646980345719,63.38212140901821,-1.0873230695724487,91.08846360390059,58.21562788926994,111.99793273373214,117.04003345307817,1657.5573385312912,1720.0,0.6391431094749853,0.5935076491548756
1788799004424,85.29334361158956,60.804760549950785,-0.44422709941864014,100.03957617062287,58.80909615628623,81.91523276001108,85.61546583945736,1628.3908358169942,1680.0,0.6232129682935339,0.605602431199317
1788799004708,94.87276813176673,59.86569862666093,0.0634148120880127,114.2281753726302,60.27312976111557,66.3496153378236,64.49639448002097,1615.283076855417,1640.0,0.6622176398212728,0.6078628103938304
1788799004966,108.75866026390256,60.267420490895674,0.11910760402679443,128.5956066761902,60.39191786125145,81.66434530699445,81.22835412418658,1609.8001381155666,1640.0,0.6437350334465256,0.5899446436924562
1788799005212,123.4728042722687,60.782533180056596,0.13865318894386292,139.56326930084725,61.07917171600261,75.39338486437777,77.08589046058222,1606.9667448782297,1640.0,0.6471180667051747,0.48406702595477613
1788799005508,134.88828163447343,61.373339074803155,-0.024438023567199707,132.85037032357445,61.423151516120456,96.51791305254255,85.91874288559723,1596.019446080588,1640.0,0.6516896937558997,0.31269637800954936
1788799005771,129.68635619156007,61.51422936146653,-0.008471250534057617,127.64790933534603,61.53149796856495,78.2047166852293,79.12120567111882,1602.3118401596862,1620.0,0.6604041156732543,0.34364332254337193
1788799006057,116.48674912340059,61.87738373523622,-0.023172080516815186,83.40687029380868,63.53306103119623,61.128157174494426,65.31223575736138,1621.5445607913769,1620.0,0.659139469826302,0.4671716391845874
1788799006369,101.97576087290847,65.06170317882628,-0.56484055519104,80.47480088776449,75.0905038763718,87.57252385490573,76.39067182518295,1657.327832189533,1680.0,0.6758830943993105,0.5599211118048242
1788799006616,94.16131928211122,71.35108286940206,-1.2765300273895264,80.07772981020375,88.0687225378849,126.27537210173904,123.51997872018046,1557.1723068446415,1640.0,0.583043800389435,0.5254330294464473
1788799006884,88.91315129798228,79.05147522453248,-1.9696543216705322,83.61163083867179,93.1967637776445,163.5034006047273,156.56523149869065,1519.488612228369,1600.0,0.5711625912605842,0.5088917106040426
1788799007133,84.20558178518701,83.40918353223425,-2.626331329345703,78.7907333651955,85.56886334484021,199.64552837691664,196.89950297218118,1567.9355660054428,1560.0,0.6439695417340209,0.5071976020570637
1788799007413,79.62484044352854,78.36992879552166,-2.7292871475219727,81.49253122402034,79.18681002242428,205.7071761553266,205.20689534356234,1592.455998137182,1520.0,0.7330936567354921,0.533168178850137
1788799007668,76.24948096087599,69.96002437561516,-2.7289700508117676,78.11691261712399,70.7774978000412,209.31454753659273,209.21703513366148,1668.6226094568403,1600.0,0.7636766791529512,0.5590904903620124
1788799007946,73.16303883950542,59.57884300412156,-2.7354423999786377,75.03572231781324,60.38421272075666,212.74102689479932,211.94403935365747,1696.249631734674,1660.0,0.7453809750523042,0.6184412221803379
1788799008236,72.00165996401329,48.021754467581204,-2.738473653793335,75.92266453425431,18.51587129472186,219.1691689130928,218.57517649617176,2044.1296631656633,1700.0,1.0,0.6760656387592023
1788799008494,70.25208480714814,37.52726637472318,-2.6404457092285156,72.0399323047818,38.50663612900654,205.12721577184243,209.8367207457498,1784.308522396089,1780.0,0.7323110185631371,0.7327130118740014
1788799008768,61.68839582308072,32.07739882581816,-2.540437936782837,63.369528739977305,33.23037580135877,194.54994109953628,194.0307827205695,1886.6175224967897,1800.0,0.8536681524555614,0.7570984052406053
1788799009045,51.18242398960384,24.48535829078494,-2.9585795402526855,53.18690027981142,24.85635504602099,224.77142459403703,225.12620168429046,2019.7076758062624,1920.0,0.9163340949614507,0.7805997856427891
1788799009316,43.73841293214814,17.468365045983024,-3.023305654525757,45.76268825635744,17.708933543915148,225.0245126024198,224.843171799482,2047.0021876292894,1980.0,0.9336651301237976,0.8016711971068446
1788799009561,35.53119088721088,13.779021736205095,-3.035966634750366,37.55834971911585,13.993942327656187,222.22601103100396,220.54733953603784,1965.2342250138533,2060.0,0.7357553907025628,0.8333582501564415
1788799009836,27.177998700479822,13.305748166061761,-3.0235962867736816,29.20234385615914,13.545728334154212,215.62544560072655,217.12981548767686,1926.8935979907915,1920.0,0.826363959952439,0.8502245897289027
1788799010148,21.383174385611465,13.063002458707555,-3.0271401405334473,23.40835728237127,13.295807151683375,221.46560298725117,218.62541246859536,1891.5093841363994,1940.0,0.7434775486898116,0.8659468733616213
1788799010428,21.379055714044046,15.277721975732037,-3.0070230960845947,22.474977986863124,31.73302920089904,215.84855731400813,218.63118819547907,1870.623462604633,1920.0,0.7451308345488113,0.8639375915647176
1788799010677,20.430569385919043,20.785649817759595,-2.9733998775482178,10.94120984076659,28.97980463656188,211.12715704674514,209.71652819632274,1833.2014094960448,1900.0,0.6876055921801534,0.8519639763022873
1788799010982,14.662721889225516,20.603467085230072,-2.9991815090179443,16.680605257246864,20.892794760129703,211.5163595382806,211.86304891358836,1860.9557374773296,1860.0,0.7862035899971193,0.8611779462881003
1788799011241,16.666701910063978,19.97092539869894,-3.0702133178710938,29.792809490472756,21.134446509420147,223.67834247863993,223.34480168660758,1896.98718931794,1840.0,0.8372461792110457,0.8643243764428231
1788799011524,24.417775071512057,20.884908841350885,-3.0781798362731934,55.746149332550424,25.14559869320381,229.6279338582193,228.62648334960983,2052.197470798458,1880.0,1.0,0.8472915652438788
1788799011793,35.499654454509106,21.37624905804011,-3.0959360599517822,58.09681635621885,15.532817163751211,233.4875733693438,234.83297474233967,1997.8711100319902,1960.0,0.8901957339238598,0.8208411533593546
1788799012063,37.10411251999262,18.941909910187007,3.1131067276000977,39.14180549945099,18.883848633366217,233.7524021477469,235.15735511911964,1979.776747633202,1980.0,0.8138601888821845,0.8193003800638098
1788799012384,27.672770342488928,21.181150421382874,3.1022071838378906,-2.9910558307670563,30.518701903779096,221.92243204941693,222.94260383233666,1812.456921719062,1860.0,0.7240119327666973,0.831714593967906
1788799012639,22.206267109067426,22.793562280850146,-3.12821364402771,25.84474721695107,26.25168149312233,221.88607395218185,221.5357758153338,1851.8571075843142,1880.0,0.7169809528777643,0.8441328715655194
1788799012926,28.1038299320251,23.75842237097072,-3.022282838821411,51.460851341389564,27.010269667688107,226.06028705986301,227.44945156587966,2033.32413703309,1880.0,1.0,0.8330054306704416
1788799013197,36.55495470903051,26.276749738558074,-2.541898012161255,61.38387923910312,41.65619622604963,193.77189723054082,192.9858187190128,1850.971809315753,1980.0,0.0,0.8040748619639511
1788799013466,45.83779642901082,34.20653575987328,-2.4989359378814697,69.3629637760195,56.97201199007184,192.9612579688348,193.73691730382774,1732.3620324107856,1800.0,0.669640652078831,0.7748804664379502
1788799013715,55.14141413170522,43.68512010949804,-2.5085442066192627,77.92718000817996,67.78511637456506,194.52902390525122,194.00523772174932,1681.7932707868695,1780.0,0.62285682794487,0.7420286205539622
1788799013992,65.19144373615896,54.50491357037402,-2.438758611679077,85.87713768396915,76.6182442137597,186.62983863186685,190.14487246847594,1604.3911743356314,1680.0,0.6079206171746675,0.6783883969393499
1788799014252,72.0477294921875,65.64714566929133,-2.0628950595855713,84.15372902569771,90.67865334768953,156.47317352050362,159.64638930163508,1527.5395563558272,1640.0,0.0,0.6001105852703752
1788799014520,77.4943770761565,77.63891986035925,-2.010761022567749,84.86198853454205,93.57137528319677,154.47676376560523,153.89009083831687,1484.0676363737373,1440.0,0.6729863187659086,0.5477525522147197
1788799014783,78.99098794291338,79.82200802780513,-1.9854326248168945,79.81222014562869,81.68778975663177,159.92825589843602,159.54788882357667,1592.0975817105164,1360.0,1.0,0.536330985593612
1788799015094,79.8867004875123,74.02831550658219,-1.8887310028076172,85.22766293585585,61.962732319287454,160.82063473978837,163.83601538552222,1640.9291472616624,1520.0,1.0,0.5444796004422778
1788799015374,83.15492164431595,67.59954497570129,-1.3048475980758667,92.24189461113237,57.426663704049304,126.64482117565774,129.09071508490223,1645.5183239871012,1660.0,0.6618329029973194,0.5594899464971856
1788799015630,89.0294064499262,61.574399452509844,-1.032438039779663,105.61521385374421,47.627848513024794,125.31880968997342,124.48357153922169,1716.6018730533156,1680.0,0.731146603516106,0.5858957858629199
1788799015892,97.17944528174213,54.07400536724902,-0.9237459897994995,117.31029058634813,34.26744909757733,127.50219052520896,127.47698394874936,1772.6502758779454,1760.0,0.7554003580857145,0.6246612138363629
1788799016151,105.4154235359252,44.76860466904528,-0.872350811958313,128.28403955941667,16.41625477205128,131.8419823504781,131.8668086952841,1804.7508333712876,1760.0,0.7861495735096479,0.6688055567557647
1788799016458,117.19744824987697,29.562019888810287,-0.851067066192627,147.7567766280035,0.2583248452918383,137.41136535479137,137.93111475523028,1788.2402876192384,1820.0,0.7197667254543039,0.7448733577492493
1788799016770,126.99855053518702,22.636096383642965,-1.1741784811019897,136.66366274740162,23.06808539464224,154.60938963410615,145.01950988119125,1763.1062971545748,1820.0,0.6887556114233919,0.7273874731235399
1788799017055,125.645751953125,25.07265346256767,-1.3722995519638062,111.50842722929653,34.15709347630704,155.65970809317793,159.31460733913553,1801.430499066041,1800.0,0.7251606945803225,0.7200708547766257
1788799017351,119.57398422121064,26.482786644162154,-0.9013278484344482,103.27400041522914,29.8082855300959,121.30523616048606,129.75152772223396,1848.3138069120223,1840.0,0.7605208401819361,0.7330644509848728
1788799017615,113.55985866756889,27.038180133489174,-0.28175246715545654,111.60171820713335,27.604969095630523,79.677471898567,92.64834648989978,1825.2306773275927,1900.0,0.7485539006600733,0.748752133266676
1788799017894,104.09071073757383,26.502063180517965,0.12030106782913208,102.0669240402422,26.25741814356943,51.30395234756094,52.7403616304984,1870.7726582194089,1880.0,0.7641639058910095,0.7614302638102631
1788799018171,89.54249584768701,25.706688588059794,0.13369250297546387,87.52216666124758,25.434964888649915,43.741911601242805,45.03751835885612,1891.9922852983627,1900.0,0.7710179286192141,0.7577169457072894
1788799018445,81.55992402805119,25.087018350916587,0.1452755630016327,79.5428776926736,24.791911808563057,50.90042192980525,51.02034634781796,1981.53673620308,1940.0,0.8584899958025973,0.7552944092681497
1788799018738,80.50321804256889,24.933784064345474,0.14806854724884033,78.48700380128683,24.633045101702766,53.323912510858236,53.66020791112601,2005.4834637028582,1820.0,1.0,0.7549631116202027
1788799018984,84.63676873154527,25.126989169383613,0.1469370722770691,104.77144321572717,26.36490247719205,64.21062094289317,63.33619305859736,1873.633505733695,1880.0,0.7828015001254017,0.7558637566370936
1788799019255,91.71151228777067,25.530289777620574,0.16563498973846436,96.52551721185505,27.563836978889395,62.22095376715606,63.61347578096513,1876.8553142430394,1920.0,0.7275509312512227,0.7577673709234116
1788799019512,92.17228446419784,28.945680152712846,0.18588340282440186,93.8610434110066,43.08018869665058,53.729701308597726,52.949637453089,1786.7069114049734,1880.0,0.6700399205867877,0.7572704348660295
1788799019778,98.57448788139763,33.021312323142226,0.23005342483520508,123.54108391293835,39.044688350821936,66.38759624629665,64.85845427159865,1743.8368362244141,1800.0,0.6867241958603882,0.7575537916578612
1788799020034,111.2474240280512,36.34513554610606,0.26360172033309937,136.69424183277175,46.637538880493935,70.19030973302733,70.95043215245255,1689.56524431775,1760.0,0.6501969418831932,0.760114996219674
1788799020301,119.38594788078248,43.6507049320251,0.32693052291870117,125.3637791221155,57.11758906850565,63.00999966376776,65.54501150177975,1634.9726515658626,1700.0,0.624684688400277,0.6739360673505908
1788799020543,125.44757512610728,48.922181617556596,0.2562362551689148,135.32044499940105,52.30992952692689,79.43244078332071,73.9795613028208,1654.387016192732,1680.0,0.6600421139734347,0.5764856367010345
1788799020821,130.74515755720964,50.129043699249515,-0.25816890597343445,131.99397990742168,50.54047700213828,103.84525649303373,107.10130124970142,1656.2600098690857,1680.0,0.6721502862906329,0.502978429185432
1788799021082,132.12210107037404,49.8905211921752,-0.2668052017688751,136.68686760180307,49.774795314883846,102.81922916195737,100.33004542062032,1665.5620049436513,1700.0,0.6667390634875126,0.494689902693452
1788799021380,133.11580147330218,49.379801111897144,-0.13102707266807556,131.0947552038657,49.646138805806466,92.73885429482895,94.17534127940877,1667.5173019072797,1720.0,0.6499810405107079,0.4942190225732207
1788799021639,131.33394977239172,48.76604215366634,0.2696370482444763,129.36908630371053,48.22301790020972,61.14146617882261,65.36588905117173,1674.2312411303471,1700.0,0.6769840537041852,0.5160317003877359
1788799021902,122.71494948019192,47.558108352300685,0.2904147803783417,120.76179212660915,46.974378840843904,51.71869749217501,55.175133608928206,1690.329371636803,1700.0,0.6942234813525866,0.5801665000903582
1788799022169,111.25849686269686,45.86039385457678,0.26038897037506104,109.28869555880482,45.33556377389807,48.50101449873904,47.865858320176756,1723.9250358356226,1720.0,0.7239903895125663,0.6780739453453184
1788799022439,107.70471287524606,45.03699114942175,0.2654018700122833,105.73756723053323,44.50229328811374,54.12165343416552,53.37092422475513,1740.3226149684908,1780.0,0.6906240798080321,0.6989363666023782
1788799022704,107.63201856237697,45.02055491049459,0.2655845582485199,105.66497063349954,44.48549768374309,55.87324645647345,55.66579817403385,1741.1146678234384,1780.0,0.6925616424402906,0.6993216598020863
1788799022972,107.64265886441929,45.019612950602856,0.26561763882637024,105.67562863662039,44.48449065306198,55.388028288903,55.7559188947572,1741.0401673757647,1780.0,0.692358413683352,0.699288420799142
1788799023242,107.64258196973425,45.019420713890256,0.26559144258499146,105.67553772441741,44.48434994533164,55.48900367544161,55.69875644681338,1741.041311046716,1780.0,0.6923488138410278,0.6992910276687717
1788799023492,107.64280304195375,45.019997424028055,0.26566609740257263,105.675798747729,44.484779807631334,55.74678191095114,55.482567966645604,1741.04384867422,1780.0,0.6923394824860086,0.699292906382216
1788799023761,107.64458123154527,45.02025694359006,0.2656375467777252,105.67756165732484,44.48509548661315,55.614376307585985,55.821235150440316,1741.0379827851473,1800.0,0.6723389405387613,0.6992903835505678
1788799024061,107.64460045521655,45.02037228561762,0.2656514346599579,105.6775883134451,44.48518351095612,55.70042475670425,55.59062895441588,1741.0299247108642,1780.0,0.6923282524592818,0.6992844228883143
1788799024325,107.64452356053151,45.02016563115158,0.26563015580177307,105.67750003099934,44.48501871238365,55.797256015009225,55.377923103733735,1741.0443913208633,1780.0,0.6923319376506368,0.699295017231429
1788799024596,107.64428326464075,45.019435131643704,0.2655361294746399,105.67720942590458,44.484473167238974,55.609155897474295,55.68451552771728,1741.0490634950418,1780.0,0.6923478225302779,0.6992984345013196
1788799024845,107.64419675812007,45.01893531619095,0.2654724419116974,105.67708885294948,44.48409863100998,55.75046041805524,55.45064390543007,1741.0511466942592,1780.0,0.6923440733452033,0.6993000472800756
1788799025113,107.6441390871063,45.018589290108274,0.2654334306716919,105.67701031879027,44.48382934465287,55.40791562230646,55.760751321487646,1741.0453574494616,1780.0,0.6923513296819069,0.6992958729021927
1788799025382,107.64437938299704,45.01939187838337,0.26553475856781006,105.67730481087972,44.484432610654096,55.83792169115918,55.62465844791399,1741.0486612774957,1780.0,0.6923495309948262,0.6992982815574317
1788799025627,107.6442352054626,45.01898818128691,0.26548194885253906,105.67713238504163,44.48413279495163,55.6425373427636,55.627996226648634,1741.0499162691335,1780.0,0.6923491868212297,0.699299186260781
1788799025913,106.28491018700787,44.81153593288632,0.2587015926837921,104.31422610121751,44.290030396566095,51.808678798868016,52.94144764172603,1744.039375950127,1760.0,0.7150633318799556,0.7005351666353794
1788799026169,99.74848709707186,44.18134554164616,0.23635214567184448,97.76664077688957,43.704010278356385,45.445635618484346,45.97119125087511,1757.6507561512594,1760.0,0.7321279201216688,0.7052291451544015
1788799026444,89.01909295029529,43.17278043491635,0.21737661957740784,87.02854627750811,42.733135426010435,38.800533915778544,39.26072043322415,1778.8730673943076,1780.0,0.7425591295373852,0.7134851348596235
1788799026691,77.57546252153051,42.38956962044784,0.21533915400505066,75.58402421943627,41.953981191593236,34.825500682889015,35.322387195066256,1773.3271409454628,1800.0,0.7241888622273687,0.7186491744036526
1788799026959,66.40548105314961,45.45232337290847,0.22943398356437683,40.56376181277462,62.70751694009964,26.013010890689657,26.4998768875094,1755.6278290027833,1800.0,0.6980372766962714,0.7209149807240723
1788799027240,60.98717877245325,52.19891405481053,-0.062316328287124634,56.15274011226093,66.1977083981713,52.622089709700965,43.48417493545833,1728.2915784843617,1800.0,0.6644548309547355,0.7091483283126959
1788799027495,61.62488081323819,58.179590420460144,-0.6275875568389893,63.820795928380946,73.44771554625711,87.22323530206182,82.57953232313662,1691.47134480561,1760.0,0.6459883804461521,0.6834639418441193
1788799027766,63.216802642101385,64.65852992741142,-1.3186973333358765,66.95773591620791,80.25857273572646,124.7224613114089,117.75771405700516,1661.0479197701773,1740.0,0.6302543571485517,0.6458187685982454
1788799028036,64.88847867710385,69.72849928487943,-2.1138269901275635,63.679701090089004,76.5193781752647,174.07152172705622,168.99015567930923,1662.0835921889586,1680.0,0.671655083753099,0.607573683232026
1788799028292,60.76843742310532,67.75245486281989,-2.3196909427642822,62.15632207035629,69.2455523131978,176.8987346196685,175.6147403304065,1697.315889289993,1660.0,0.7463791065208695,0.6280398423553605
1788799028540,54.58832988588829,59.84209195835384,-2.306830644607544,55.95689861638773,61.3529140591649,178.30455512581645,177.6618980461949,1727.8034239842814,1720.0,0.7287901166429885,0.6844249800437646
1788799028814,51.60912701464075,56.48573988065945,-2.3461830615997314,57.65397304254113,61.90856052825824,179.52307465251585,178.8742922868614,1735.1228444591175,1780.0,0.6952569949008212,0.7116422546303136
1788799029090,56.94373904250739,61.65801281065453,-2.3664255142211914,74.51914728511713,75.88083432940213,180.40911818305062,179.90507810653378,1671.8060436469493,1720.0,0.6702134309930302,0.6799545507207738
1788799029356,65.06813830278051,67.18182901697834,-2.3534183502197266,75.7585393389055,75.21331736479063,182.1959123868536,182.86034855383565,1640.601485345473,1640.0,0.6723374693340554,0.6218472345974893
1788799029623,66.92454420675443,68.77545214074803,-2.343003511428833,68.34685651422771,70.23579165278284,179.06219299727908,178.82529863135903,1696.215718010507,1660.0,0.7495132015018346,0.5987776370296714
1788799029901,66.89880851685533,68.74603031188484,-2.3444302082061768,68.32320283776517,70.20433912998881,179.2911556574483,179.46954117973354,1695.7205328128052,1640.0,0.7695832467060711,0.5984287377810898
1788799030146,63.366555041215555,65.59658741387796,-2.341517210006714,64.78669527378544,67.0590392969279,178.12790044958803,178.50023133407504,1697.721276130787,1660.0,0.7508322188584627,0.6245891962463055
1788799030406,54.99931275375246,57.77158722164124,-2.313044548034668,56.37724310455493,59.27387605496771,176.8607219276849,176.45370910079376,1729.4264147225224,1680.0,0.7696364748810567,0.6847388146021536
1788799030666,44.477649598609744,48.30910509965552,-2.3217554092407227,45.86861373570722,49.79933412893548,176.58770659281237,175.90899496982615,1778.2965333975958,1760.0,0.7538964960215953,0.7447859821954005
1788799030935,39.72385436531127,44.17752003106545,-2.3962154388427734,41.22182431640324,45.560144280825845,184.56387621775824,178.80390305818864,1811.5354730633687,1820.0,0.7473994151581752,0.7658103781787649
1788799031234,38.52203609436516,43.11988650344488,3.139279365539551,40.560550639999924,43.11517082369454,231.75832242596897,226.29828054116504,1827.2602205591745,1800.0,0.7873297597158075,0.769210590476388
1788799031519,38.24724332554134,42.94976662463091,3.1122629642486572,40.28488658967395,42.889986038024546,226.4099963658614,225.69452257320262,1831.7593925271788,1840.0,0.7580070265472421,0.7706226133113416
1788799031786,38.264152947373276,42.95453409510335,3.112934112548828,40.30183587422392,42.89612108267118,226.00011064032162,226.05804463186462,1831.9345143386565,1860.0,0.7382475818965404,0.7706085472197661
1788799032055,38.27196256382259,42.95224647822343,3.112947463989258,40.30964627038947,42.89386067179868,225.79255761618384,226.3015860135439,1831.9488993743992,1860.0,0.7382468283777027,0.770597194494415
1788799032303,37.40108459953248,42.61817751906988,3.117952585220337,39.439035009721565,42.56999125536168,224.26242591079134,224.40438193751635,1832.844930564945,1860.0,0.7388512434325636,0.7718013053366628
1788799032597,31.0669906496063,39.774974913109006,-3.1216061115264893,33.105103507660566,39.815715166346564,218.95077384913924,220.86320931068718,1840.4552911570631,1880.0,0.726492881632633,0.7788441186344948
1788799032868,28.0502151128814,39.272410475362946,-3.1173312664031982,30.088135190677846,39.321862946627085,220.29210303630032,220.1034656324002,1837.780964114352,1900.0,0.7072744449737269,0.7836295870580755
1788799033146,26.65661669152928,39.26717442790354,-3.119462013244629,28.694637513782453,39.312284498425456,219.0042391545703,220.19059097688682,1835.2761877641337,1880.0,0.7246153868633493,0.7845441911595753
1788799033404,24.98736524206447,39.24739086721826,-3.117082118988037,27.025272935654286,39.29735107946196,219.7298195896064,219.4940948283069,1830.9816535510163,1880.0,0.7173431464475736,0.7862522680855137
1788799033703,23.381458192359744,39.224048524390994,-3.118581771850586,25.419438517312084,39.27095252749471,219.11700710316654,219.30510889672865,1828.3831672108106,1860.0,0.734141946218747,0.7873954449293754
1788799033986,20.032584122785433,39.359231783649115,-3.1214396953582764,9.68539057096141,41.57129912998898,216.91781492558243,217.0772315504238,1822.7026559340038,1860.0,0.7278699287931312,0.7898326586923357
1788799034235,15.526843934547244,41.46368071788878,-3.126096248626709,8.114172473878485,48.461933077378056,213.1678992678808,214.17816356418936,1784.3924956931605,1840.0,0.6957772827209507,0.7729981712411241
1788799034500,13.796664260503814,44.39141220933809,-2.9665029048919678,14.279791630068946,53.13485468427357,201.77001919444683,205.80208643985847,1776.9297480141088,1820.0,0.7069483002979774,0.7347590893241728
1788799034771,14.861596775805857,50.21089809147392,-2.890308141708374,26.037993018121455,63.54421572870077,198.88636558689524,198.27550932970843,1763.5570872797748,1800.0,0.70597505273131,0.6552256978577476
1788799035058,23.485376553272637,55.031795952263785,-2.861882448196411,54.0003479841283,62.461371052123674,203.8883529182198,202.03391749026792,1737.2223675537564,1780.0,0.6894663858522628,0.643642849643631
1788799035340,36.837939164769935,57.02085479976625,-2.799597978591919,69.71077901637922,60.81967199061162,210.22787390605325,212.46608547977968,1708.7473304399532,1800.0,0.6326610094712302,0.7713305994579964
1788799035614,49.14732925535187,59.004372424028055,-2.285132884979248,73.24512446233447,69.87114448608023,175.35909028300463,175.63453135665787,1695.2019623879341,1760.0,0.6508131809872884,0.7209081610134846
1788799035874,59.22295037217028,67.67662228561761,-2.214463949203491,78.44251893984615,89.76590343906645,165.98643776244228,167.32437484182077,1546.9689382529434,1640.0,0.5877355345412921,0.65354664894501
1788799036136,67.49134934793307,79.13793368602363,-2.5063071250915527,82.0445517888297,99.48187905197567,182.99697197886712,179.21513275557703,1517.709790124958,1580.0,0.5803921843379456,0.5843681510910624
1788799036403,74.2458601823942,87.92996624323328,3.1290619373321533,84.42119272796285,99.40403924695545,230.0804107495267,222.7321106300679,1486.3993500167915,1480.0,0.6440791006346427,0.5422532961991574
1788799036659,76.5225051519439,89.98634158156989,2.4342803955078125,80.28307064821975,83.28984032935321,271.46552910607704,268.5844268575657,1558.6585350641792,1500.0,0.7054378617284474,0.5307210682945841
1788799036935,76.90400371401329,85.29623677411418,1.9611042737960815,77.67960598257636,83.41102991241443,299.6535397368454,298.2353643208312,1584.6869085054173,1560.0,0.6891936661921738,0.53924515924446
1788799037211,74.96138925627461,88.32054318405511,1.8934935331344604,71.0986851720676,101.18476841050715,282.9093593972107,284.3612704505452,1534.8989892245252,1440.0,0.7353778233452736,0.5443825981214372
1788799037485,71.19292972594734,96.80350716658464,1.8984073400497437,64.00356275747795,105.35867431989942,274.941168301339,273.46522646921665,1566.2734610577925,1560.0,0.6705280367747071,0.549992207481229
1788799037747,70.91718057947834,95.31621978038879,1.8922442197799683,76.00730760086294,80.37888704648068,294.3479457708522,291.777717814106,1601.201924593611,1580.0,0.6514609419290054,0.5532255456946255
1788799038009,74.2019485113189,85.9118267870325,1.895117163658142,84.21496013522625,56.73777281612087,306.29914176935586,304.06072041053653,1662.365415407749,1660.0,0.6998164793056301,0.550153276016129
1788799038272,78.34389513871801,72.62635719119095,1.9085029363632202,87.93268715631622,33.054070498225975,312.6917123732459,311.2500189471418,1862.9125202491512,1760.0,1.0,0.5566580402814026
1788799038537,81.19566429318407,59.017780934731796,2.1990158557891846,89.22986297086251,24.549297482395495,290.9972813776834,293.84385108431934,1921.0115502253552,1840.0,0.8639028820851613,0.6249811823739787
1788799038808,83.45799243356299,48.09493417814961,2.858159303665161,88.52646296751266,21.361869939672278,252.38816769486118,258.72847088196585,1906.8368018888823,1900.0,0.7826978636023783,0.6806712252521748
1788799039071,82.71296944205217,40.33107006643701,-2.7461702823638916,84.594184906074,41.11630389678635,209.41946258924804,215.76890553022412,1787.8599210553407,1800.0,0.7300955697774405,0.7203120770815842
1788799039315,77.94826237235483,33.68803970457062,-2.317352056503296,79.33265104154405,35.18437917241223,186.5282417156935,189.1424084211587,1839.292789812226,1820.0,0.7716073692679793,0.7514262688291883
1788799039629,67.4554106945128,25.975356214628444,-2.3278322219848633,68.85540493619048,27.457105152090307,187.1837142546718,183.7553250974595,1998.3645601860565,1860.0,1.0,0.7535732045854223
1788799039948,56.496481106975885,21.705101193405515,-2.9882700443267822,58.5110874254659,22.016429271002277,226.57360072141194,215.7891527543315,1993.7175846909975,1960.0,0.870926646476214,0.7729374228608743
1788799040271,42.38813265102116,21.202786663385826,-3.117616891860962,44.426066770573456,21.251657050785557,220.55063057204714,221.63130234762735,2051.44450400262,2000.0,0.9128793758737811,0.7991292166653381
1788799040573,22.439892385888285,20.681923693559302,-3.1088976860046387,24.47732293384951,20.74856116525821,214.40336245592135,215.52828762561782,1907.1275019172945,2000.0,0.7354843877934883,0.838210176767893
1788799040869,13.190009650282972,20.339821642778052,-3.0746662616729736,19.332922015858472,19.457272467535514,218.76668981117786,214.2132688234309,1855.3071326758816,1940.0,0.6969056502452784,0.8680607816058092
1788799041140,13.823602631336122,23.113170233298476,-3.081678867340088,16.88154011865143,40.55880269354128,216.81647599551002,218.98053157140328,1823.0226086964062,1920.0,0.6866265104542874,0.8653980540036688
1788799041405,14.186365322803889,30.83027516763041,-3.0800700187683105,18.443964000280285,52.381782672423526,211.8400669294999,213.51659795438178,1789.0526499572284,1880.0,0.6695581167658866,0.8547781277684673
1788799041671,17.472502941221702,38.17841537355438,-3.0232465267181396,39.898570443130254,49.94441206729565,212.9715028066683,209.83278172165603,1786.2304873535163,1840.0,0.6742894143185328,0.8110077101681699
1788799041967,29.668929933562993,40.01877191498524,-2.9871160984039307,66.65631313514854,42.61538230506805,223.47035801025214,221.2649427440499,1788.3316727798601,1840.0,0.7446057544318626,0.7807371438619242
1788799042216,43.367045244832674,41.12807386503445,-2.98116397857666,83.48931781520797,48.52966953618933,231.58447492303608,231.11770441564659,1762.3836394204327,1860.0,0.6418910507312593,0.7675847926531566
1788799042498,55.88441383181595,45.648914247047244,-2.4636764526367188,79.22620533265776,62.56024183473858,187.13023842160624,190.19274275730433,1692.3317926647558,1760.0,0.6748182762506144,0.7332594735179668
1788799042767,65.82384965551181,55.423646461306596,-2.3138551712036133,84.24547319073093,78.10540580426866,181.79826302928285,181.25663488905047,1585.6281611512954,1680.0,0.6024368795163572,0.6702557884772751
1788799043036,74.84097698542077,67.22439503106546,-2.3183553218841553,92.25691140458905,90.11612592421172,178.95509522364324,180.2015845256265,1452.975539862421,1580.0,0.0,0.5893050540102943
1788799043283,81.69939176304133,76.86145211767962,-2.354365348815918,89.78854079760335,87.20318165634059,183.2356127305053,182.91930761218617,1483.9553863454028,1340.0,1.0,0.5366922538514093
1788799043562,82.68633504552166,77.59667584276575,-2.3228909969329834,84.07899057113437,79.08532434976141,180.81751160374216,181.1020565941431,1581.2551170976344,1380.0,1.0,0.5277748308470335
1788799043820,78.26294906496064,71.40758604515257,-2.279165506362915,79.58920233421817,72.95568683521235,180.5335578704762,180.93987023342788,1645.343974507271,1500.0,1.0,0.550971380187487
1788799044096,72.86479799766241,61.30209134319636,-2.244650363922119,74.13683905500783,62.8950368346767,180.8635871956771,180.75183981689418,1692.5176671824538,1620.0,0.7826538655191576,0.605923468278577
1788799044426,65.73184997078002,48.12026617095226,-2.223576545715332,66.97004161913922,49.739662735211155,179.82610282960587,180.8785758555534,1741.238157196013,1700.0,0.7507567353133362,0.6743598794978218
1788799044707,56.766477569820374,41.41072430948574,-2.8985114097595215,58.74506700881554,41.90138470354338,220.33226045868312,213.05605967528973,1804.8052987443464,1760.0,0.7815898484046546,0.7358905558658126
1788799045020,47.917081577571366,43.09347317913386,2.7371225357055664,34.61888607251735,55.140716042789606,246.37384031832266,244.11311775185908,1793.2817733481052,1800.0,0.7802908868854412,0.75385459975906
1788799045269,47.24192701925443,48.0356627937377,2.6655561923980713,56.70569776728376,59.098500400070364,251.32996759755022,250.23005264192827,1736.452173373867,1820.0,0.6501817534922646,0.7487314296254401
1788799045527,52.90280319574311,52.19158503014272,2.684859275817871,70.9508795798797,58.86107501303646,256.0640325040617,255.42399703080036,1710.8023543598808,1800.0,0.6318378948751413,0.7261964413966504
1788799045795,60.68726066529282,56.453559454970474,2.8503000736236572,76.56660760318513,65.49230718731512,242.2648811791368,245.24065812359987,1683.6994070734686,1720.0,0.6759325993767334,0.687244137934472
1788799046052,66.77378256489912,60.826069989542326,-2.8329672813415527,80.1044936544169,70.70675426933019,203.06992672002866,207.18723678783908,1647.2716179223344,1720.0,0.6543449173799712,0.6417991146471222
1788799046321,71.96104995847686,66.31669652743602,-2.2573962211608887,82.77279955808119,78.5453874153374,168.99162590584052,175.5419823661053,1597.9516003184528,1680.0,0.608977278349499,0.5938008348600542
1788799046571,77.05953282634104,71.14559624138779,-1.5778636932373047,86.63428100845337,75.70315693114924,131.5613972102954,137.19959710583396,1572.4783662821362,1580.0,0.6463917670338685,0.5597213517972981
1788799046838,81.10064168614666,67.74210291584646,-1.3327776193618774,88.46702609237052,53.15445702034858,133.59331432826517,134.31101819167858,1688.4806223755718,1480.0,1.0,0.5620499872880524
1788799047118,85.75668214812993,61.621569535863685,-0.8394306898117065,97.04406853079517,53.32792718959884,102.8974560836818,107.0685584279796,1661.8666029504896,1600.0,0.7919254778762219,0.5943483602948534
1788799047393,93.52887972133365,58.83336825633613,-0.45028698444366455,108.20012694482588,57.584181017114595,90.7790054480644,95.94606250798024,1634.4459862614585,1680.0,0.6634418461443607,0.6075460842152176
1788799047642,98.80676750123033,61.08358067790354,-0.008385241031646729,104.62450632478706,70.78275402762331,57.61402000822487,61.93983446529366,1548.7594004183552,1600.0,0.610234144360806,0.596280484415278
1788799047909,106.24187799889273,63.84345587782973,0.13955846428871155,120.990765785125,64.6738620938899,71.24696388427333,69.38460690139226,1578.4143114605201,1580.0,0.6655326809592449,0.5683675692227599
1788799048229,121.01419283649115,64.33010311577264,0.17379680275917053,134.36714512274955,63.83692152271324,78.88892690038688,78.66820980120377,1588.3772117064086,1600.0,0.6548769722436415,0.4708524040122971
1788799048514,130.59107022022638,64.41144808070867,0.28569942712783813,129.3534910223555,62.36638380434043,66.30840758729903,73.301688299884,1592.333433031504,1640.0,0.6129642129686722,0.3211193804835428
1788799048761,130.60302734375,63.97013987143209,0.3331010341644287,128.67655881962054,63.30359443716788,64.10827284875046,64.2064852900844,1591.3096258855542,1640.0,0.6232817029966323,0.327979841863954
1788799049048,129.44323442113682,61.06216550812009,0.325560063123703,127.51179432008409,60.41016633139867,63.472392393054974,63.46520078580909,1602.4451798568389,1620.0,0.6540029915877651,0.36401834417732093
1788799049354,131.51612289308565,53.75442144438977,0.41069120168685913,137.9320373664896,44.87322239243116,64.39495479639959,68.30867670835119,1695.3993273249969,1620.0,0.8165821768191126,0.4513503163213056
1788799049615,131.58350186085138,51.73967016024853,0.6562435626983643,128.36675396721708,52.2086818888237,43.85379307969214,44.398787677626444,1664.5091483421882,1680.0,0.6830300380381775,0.49069308777614407
1788799049863,131.60607045091044,55.179106945127955,0.658658504486084,130.4657928639861,61.01026577420223,47.32265476912892,46.485362204039006,1615.680384165091,1680.0,0.650688663713608,0.4647494360897064
1788799050123,132.13174174151084,60.20448699710876,0.40499675273895264,130.54366941287205,63.2090969505015,69.17670903904457,62.01996767278456,1591.998853847398,1680.0,0.5891781033442446,0.3749944913569504
1788799050425,127.8616453155758,63.769997424028055,-0.23971116542816162,114.4181711911996,68.02719523163402,91.7254158956856,88.14914765068323,1566.6718947664642,1600.0,0.632479846477673,0.33969297169444723
1788799050744,118.14469465120571,66.26956969734252,-0.5921341180801392,96.18613034936398,72.7787985329968,100.48376542845386,103.01080288614172,1534.8276413231936,1600.0,0.5998487892728552,0.39998563993731473
1788799051039,105.31922828494095,70.37483275406005,-0.8778076171875,84.55555663606921,79.79668720960215,104.42307328578875,95.68869219733868,1572.6059086916907,1580.0,0.6490785612937875,0.5112480125486875
1788799051331,96.00089005597934,75.46770711583416,-1.5572327375411987,82.59156116497613,88.2129836630325,137.1702156405242,128.08537305232778,1551.4447388789156,1600.0,0.6294211221299264,0.5034042889826125
1788799051592,90.53365872600887,82.40627499077263,-1.7711011171340942,82.9452782419079,98.93023405476097,140.00748004562777,141.25935604031693,1503.6175502378603,1580.0,0.5663097139867379,0.4932763448896512
1788799051841,85.34372885396161,89.87257589505414,-1.7849093675613403,74.40547796069806,100.65253689133816,132.9381104974616,133.70224518147472,1533.098349688689,1460.0,0.7100074329312308,0.4890431534167472
1788799052116,82.95463021345965,89.12664939099409,-1.703116774559021,85.71743723498162,84.51796255581482,140.52070233697407,141.85180914543471,1545.8359787297939,1380.0,1.0,0.5033209599474069
1788799052388,86.03325310654529,85.55798628198819,-1.2089240550994873,92.97913168020376,80.87732985708587,113.14302349569306,116.77529852272374,1520.799079314076,1500.0,0.6673997907704331,0.5045454747770692
1788799052638,91.15846648929626,82.26348156065453,-0.6678245067596436,100.41482477143931,76.9953635716213,88.43948860640914,91.00774454372632,1525.2110719835669,1540.0,0.6331884411935539,0.5004102640504179
1788799052967,100.70005882443407,75.7938415046752,-0.31882959604263306,114.17854145238573,64.57434834471208,86.1258094222826,86.48028410431107,1566.257651821498,1560.0,0.6592426926754706,0.49687598894905183
1788799053265,109.06769039124015,67.11375799704724,-0.38411206007003784,119.26116202144084,52.39517548741327,101.11703651374953,94.93696829243832,1656.2154375571329,1620.0,0.7147466588283482,0.5234827149306369
1788799053557,115.49014594611221,58.52537140132875,-0.8099071979522705,130.72751521080966,36.58130515018401,131.64601762317886,127.35987636357261,1714.8607201552838,1680.0,0.7097474516822752,0.5231563105637994
1788799053821,123.25116495447834,48.304698073019196,-0.8451108932495117,139.17959789606414,27.887315060669327,137.93502913184847,138.10615591749166,1739.7634466830868,1700.0,0.7773763517343668,0.555117541636481
1788799054124,126.23289093257874,44.63012695312501,-0.8225356340408325,121.34109275026387,51.66730621332623,128.0597241424384,129.84187885909466,1683.3918230530537,1760.0,0.670071978290059,0.5873461137567695
1788799054401,122.13935431532974,50.728500246063,-0.8476970195770264,110.9376125231822,67.01587973545364,119.76481091956205,120.75139609267517,1587.2675737215336,1680.0,0.6008419365604042,0.5510013662795968
1788799054694,114.14879506028544,62.05624557855561,-0.8623294830322266,98.44461133117866,82.70443473586005,106.05139894037788,107.55967976820139,1509.1446421158064,1580.0,0.5814662304938395,0.50747217731647
1788799054952,104.59762933686024,74.66670479361467,-0.8709995746612549,85.70427955837721,98.8009497210864,88.32795243337401,89.60677043529411,1477.1459647760512,1440.0,0.6408551433754663,0.4923710948806202
1788799055216,94.04227669783465,87.1795606237697,-1.149613857269287,74.91521773442962,109.10867550787255,101.14502556018076,96.78982891273195,1510.6414388324702,1500.0,0.652527318245119,0.46781624483733086
1788799055491,86.36947511687993,91.45133912093996,-1.4687918424606323,86.16189734443356,93.4792629998827,126.19870060168483,122.98380309002843,1480.7365687875924,1420.0,0.7619297494112436,0.48231471415224647
1788799055750,84.86113781065453,85.21499753937007,-1.5098210573196411,84.73691551380118,87.24972912151168,137.80252661425124,136.34460460378264,1522.8285186395894,1340.0,1.0,0.504203882977154
1788799056005,85.67600039985236,74.47222371739666,-1.51199209690094,90.7722061825244,49.70763422881916,147.19482891094,146.69256041154932,1723.1409996106313,1480.0,1.0,0.5297006755532706
1788799056297,88.72464397760828,61.1880949726255,-1.4733165502548218,96.84570854032923,29.09628766904588,150.11322423629144,149.48679449563042,1856.1110417517714,1600.0,1.0,0.5698869198319687
1788799056589,92.0513867956447,47.29568121001476,-1.4564765691757202,98.23059000469469,7.812295482204426,155.80675645844036,154.65194703305957,1896.189270756812,1740.0,1.0,0.6464769388828959
1788799056854,90.75430802472934,33.805491530050446,-1.6536704301834106,90.92305522449377,35.837015138815964,163.0329245071984,155.24118270784072,1808.49445703622,1820.0,0.711552198948674,0.736584184417663
1788799057147,88.98414431594489,24.20441635011688,-1.8394473791122437,89.52523095837714,26.16981428330532,173.4265847029403,174.91484141117851,1881.8984917925227,1880.0,0.7829774852588269,0.7572589967194449
1788799057433,88.16233236958662,20.669108713705707,-1.8419159650802612,88.70826911218299,22.6331649408752,173.38963247704015,172.9916735840315,1900.862337752661,1900.0,0.7876106216013433,0.7581444612552923
1788799057690,87.54585806779035,18.24596735436147,-1.8448797464370728,88.09761343734215,20.208396920631493,172.97395932079695,173.3218526494328,1918.1338665918797,1940.0,0.7730981465006375,0.758800925815212
1788799058002,86.69628714013288,16.739600474440206,-1.8478044271469116,87.25377962161015,18.70040794165781,172.25454406301662,172.7047452202852,1925.3414808483535,1940.0,0.7834950629087808,0.7589243150194016
1788799058292,85.50902359128938,13.909012201264149,-1.8516710996627808,86.07409368664285,15.867649374846131,173.31969215618437,173.32269558588695,1948.7602881771284,1940.0,0.815496550671149,0.7594310554761743
1788799058555,85.52547905388779,13.963469257504922,-1.8506931066513062,86.08863334584248,15.92265812891396,172.9024236264054,172.9738214722367,1950.4612213416672,1980.0,0.7824649494321535,0.759491372778675
1788799058818,85.50844688115158,13.912175696665846,-1.8501371145248413,86.07051179253246,15.871677374591743,173.08689553898716,172.8110049933668,1950.6595809206792,1860.0,0.9025423082546831,0.7594968670907791
1788799059092,85.51053264948328,13.94108809824065,-1.8498512506484985,86.07203738716099,15.90075037015525,173.0130331837301,172.790675472423,1950.5368447085302,1740.0,1.0,0.7594938414008416
1788799059372,85.51684762549213,13.959879236897146,-1.8502939939498901,86.07921993545183,15.919292714290469,172.98716965571043,172.95877964997672,1950.4390512399732,1840.0,1.0,0.7594875177280458
1788799059636,85.51734744094489,13.9643943966843,-1.8504058122634888,86.07993884569905,15.923744978304837,172.91240557942905,172.99397973591448,1950.4524264901556,1940.0,0.822376737367549,0.7594883494795418
1788799059901,85.51819328248031,13.963364728792445,-1.850242018699646,86.08046375067464,15.922807432980688,172.8619294733101,172.79100390821,1950.4512206350964,1980.0,0.7823735958135036,0.7594881756366673
1788799060162,85.51777036171259,13.96381888802596,-1.8503152132034302,86.08018424883706,15.923220431857535,172.92877492809527,173.00483341907142,1950.445636312632,1980.0,0.7823684444844665,0.7594874050463032
1788799060418,85.51455039677658,13.965957521453618,-1.850570797920227,86.07746505861483,15.925215256895164,173.01675281032726,172.9610647832966,1950.443297164613,2000.0,0.7623622035272902,0.7594871050995184
1788799060688,85.70988212044784,13.957749013825666,-1.4015370607376099,86.92292591334446,16.973362147927553,132.92828347288494,142.2388010276492,1951.3707126624404,1960.0,0.8030836464470722,0.7593291325104758
1788799060955,85.72639525406004,15.652242345134106,-0.3630976676940918,84.08594200294239,22.173508650550254,71.2339443180751,73.91786416494524,1937.7629986166323,1960.0,0.8069587004908976,0.7587948043917252
1788799061236,90.68024883120079,16.548203595979945,-0.16814005374908447,110.62070289147266,15.991650506859125,85.30414130912771,82.83111772675618,1875.4746281303278,1960.0,0.7087108256095368,0.759398867660334
1788799061519,101.11451156496062,16.510647751214936,0.07573175430297852,132.71837734764006,17.51841649630251,78.85018317907486,76.25996331350069,1805.9374749688284,1880.0,0.7092552036681181,0.7622615735218552
1788799061765,114.66180756336122,16.868597315991018,0.09272044897079468,149.78886313975863,16.954758525660157,78.69200476141418,80.03500625933447,1749.3118742995578,1860.0,0.0,0.7616879349234188
1788799062036,127.41222471702756,17.41466011588029,0.09890073537826538,139.61732335858045,18.719667442283665,82.04410382912255,81.17817867947326,1762.837960463847,1780.0,0.7068988736692196,0.7382515123982683
1788799062372,127.46280219611221,17.46690284548782,0.11028411984443665,125.43666647491999,17.24254190925139,75.94057160391418,76.40733052180417,1806.872142218203,1800.0,0.7625488466205612,0.7367180942947604
1788799062647,122.19758281557579,17.318864957554133,0.10915353894233704,120.17119473116446,17.09679487457168,67.9655273156776,71.45588944854592,1817.2312665510576,1800.0,0.7720957441959188,0.7417020942264749
1788799062894,112.13853730930119,17.01264989657665,0.09808743000030518,110.10981589654169,16.813017184299508,59.0626439677352,61.6039069778617,1848.9080835788823,1820.0,0.791434366656776,0.7556293479097308
1788799063194,94.80680210383859,16.74774169921875,0.09162163734436035,92.77683232304544,16.561230360510844,49.253458174891875,50.997804797486765,1906.3255527934784,1860.0,0.8207404969976164,0.7619248078133742
1788799063456,87.03714205524115,16.53442623108391,0.09548550844192505,85.00790808162375,16.340072762586516,57.50888194866923,57.4960842230841,1950.7330200920142,1960.0,0.7993602135478297,0.7591492559105939
1788799063716,85.88077094611221,16.415817380890136,0.10397535562515259,83.85326011454215,16.204243237228646,59.48085185171652,59.47688717004979,1956.4184913941965,1800.0,1.0,0.7587951826260197
1788799063981,85.96373069943407,16.429688461183563,0.1041606068611145,83.93625909702547,16.21773872226715,60.150362120935426,59.874289145840464,1956.0443755160638,1900.0,0.870108929035599,0.7588126949234951
1788799064227,85.96356729822836,16.431761013241264,0.10417520999908447,83.93609879116723,16.219781666899912,60.05563033919606,60.050661850121514,1956.065400288971,1960.0,0.8101343177780297,0.7588100059313372
1788799064485,85.96582607960137,16.43598301204171,0.10475778579711914,83.938481410626,16.222822547655998,60.32637104882667,60.16904552359756,1956.0671696800518,1980.0,0.7901482390732828,0.7588100281965307
1788799064742,85.96529742864173,16.43485001691683,0.10460177063941956,83.93791952807655,16.222005851622313,59.858128299343434,60.10296857041715,1956.0545811009656,1980.0,0.7901434627158223,0.7588099013486644
1788799065005,89.16465458907481,17.994623860036295,0.12539929151535034,103.20908817917827,26.996358635029846,64.3058208479203,62.504953969804035,1879.5834301162108,1960.0,0.705654072236841,0.7591253018273479
1788799065286,94.78042722687009,22.547756405327263,0.3912014365196228,104.75791203309674,31.445598819262074,42.985795154177936,51.23245424357475,1838.432290515671,1880.0,0.7101513236907905,0.7596599083873147
1788799065556,97.86560539185533,24.778975839689963,1.2188392877578735,108.59085067196699,25.84321440233489,337.8,0.8166118807687326,1873.8164993029225,1880.0,0.755030918566384,0.7602956505090634
1788799065856,103.81368802288387,29.201590470441683,1.322503924369812,114.0907875422609,44.90130203659638,22.2,2.0280785671931767,1750.4191716031196,1840.0,0.6808268620690718,0.7612004166560988
1788799066148,106.46874615526575,40.29324509027436,1.3324615955352783,108.52412679012457,62.23499253488997,337.8,355.876376922627,1622.883014462542,1680.0,0.6723343900213142,0.7597850524614536
1788799066413,109.30059478038879,53.02470530111959,1.3422205448150635,116.14934694440723,70.67231759894929,337.8,353.1834907316766,1550.29924062711,1600.0,0.6116930232994429,0.6561534199400112
1788799066735,114.41770538570374,68.44638133612204,1.4873580932617188,117.86909272014753,82.15584010708633,337.8,348.0464638572169,1472.7375144512077,1520.0,0.6002008404137766,0.5113778917859091
1788799067033,115.32924381766733,83.54373961921752,1.8181723356246948,115.92715161988909,95.64668535479865,317.7170654243229,323.89721977578074,1324.6412052072644,1420.0,0.5033696318372807,0.36597528927807554
1788799067318,115.17516609251969,97.79475655142717,1.998874306678772,117.44968741758466,105.1695261790697,302.6048858307327,301.9878481801905,1387.2571737951225,1360.0,0.6156588369033279,0.29950052790065385
1788799067578,115.80378975455216,107.46834822527066,1.710526943206787,112.98609694371288,113.05946189879235,320.4127708327043,316.5544907306547,1422.3274705686244,1380.0,0.6457950010505638,0.24539495822010327
1788799067833,110.27300496739666,112.72132212721456,1.8056055307388306,102.0019274073817,115.40523889024577,290.84010854513036,301.87496063682386,1362.2868935755034,1420.0,0.5533972105736117,0.2726450902171845
1788799068128,103.13902366818405,115.65091350885828,2.5160555839538574,94.77325957340558,116.32510363536461,239.77853131762663,250.80330224736065,1286.002014774536,1340.0,0.5210891874586453,0.3223697634122817
1788799068401,96.22650867372047,115.0137160894439,-3.06459379196167,98.25898864493904,115.17052475309289,196.11741845819887,203.03715972315368,1312.2965487590538,1360.0,0.531481810358079,0.36400746319625527
1788799068670,90.62503844734253,110.63547690083662,-2.421903371810913,92.15802704607377,111.97916947972513,164.7213668618609,166.606813511564,1352.249317525696,1320.0,0.5981892766721053,0.4043523541105207
1788799068937,85.54050235297736,103.47466896838091,-2.108164072036743,86.58397284664292,105.22587801336935,156.50926999888515,155.6833040965909,1459.6666941282374,1360.0,0.7070114667914212,0.44382372724702784
1788799069211,77.10176242618111,100.09535902128445,-2.0977909564971924,78.1270116128545,101.85729769661499,147.52704088991274,149.01402921058136,1520.4253212777128,1460.0,0.6992417668384849,0.5027860012151344
1788799069476,70.44939656895916,102.48345803088091,-2.272435426712036,63.43211756371782,112.40257606668501,157.06289558617414,151.02709463521575,1559.7042700801671,1560.0,0.6954038437812402,0.542266673390382
1788799069732,65.23147703155757,104.44166769192913,-2.622311592102051,67.00127154135025,105.45329567864545,175.08899345966842,174.48493202217725,1552.8883809876468,1580.0,0.7320394704233314,0.5456682601704406
1788799069987,57.03994871124508,100.31876691683073,-2.514620542526245,58.69075783543765,101.51475731222801,167.28491560452088,170.9449272557518,1623.0212492920098,1600.0,0.6892854502974787,0.5614450891521405
1788799070262,48.656279796690455,92.06282488004429,-2.292170286178589,50.00255305912559,93.59354761563434,162.21159241486822,161.89532527853083,1747.2628625364896,1660.0,0.8044351068709791,0.6014392050196157
1788799070575,36.69532115065207,81.92345326341044,-2.2513363361358643,37.97798408651586,83.50785838311981,159.87566860609903,160.22173951430221,1737.9983854493837,1760.0,0.7070037188799064,0.6747439404052991
1788799070922,25.3985595703125,67.7532286155881,-2.229828119277954,26.64685073394647,69.36485293942829,165.59155000774038,164.13210506975338,1752.8602354791424,1800.0,0.6881726073541302,0.6068393515233358
1788799071221,22.348644827294535,59.66525340643455,-2.4168407917022705,23.874811258771345,61.01668961056456,175.8036909619009,176.60776338212617,1760.2325739381547,1800.0,0.6971473715291865,0.605368842074506
1788799071479,19.374933918630045,59.905270553949315,-2.436311960220337,16.103864695332614,66.32147876232668,172.15974388036253,172.82930090211144,1764.3562194393587,1800.0,0.7015533806722068,0.5851573563705634
1788799071727,18.645870178703248,61.37259415754183,-2.423095226287842,20.180459174252967,62.714458683169404,172.35875868329313,172.25217366624906,1761.5527165590283,1840.0,0.6596143123398897,0.5336579955687831
1788799071985,20.17122523991142,61.591868963767226,-2.40985107421875,32.85786683192342,64.6064750935203,172.424560325083,172.26324503327547,1752.7600581351417,1840.0,0.6525700286683757,0.5461883378738852
1788799072240,25.259594053734006,62.78175173781988,-2.5497195720672607,29.702836902427364,68.06956954375957,187.55523584540953,184.7540020553342,1745.1266656180628,1820.0,0.6509488678458214,0.6255663472345914
1788799072499,22.637958676796263,64.06420610082431,-2.7726738452911377,15.78420363556161,66.33130456727918,190.7079535582868,190.89410595167035,1761.3452158654145,1800.0,0.6995328702891876,0.5982792633247295
1788799072757,19.52973613588829,64.23028900867372,-2.766007423400879,21.426157244113366,64.97805285553873,190.8855956026814,190.6910345366477,1759.0874920964136,1820.0,0.6771678257281551,0.5311283072199631
1788799073009,19.26079337052473,64.16946531280757,-3.0066051483154297,21.28076898017006,64.44380511458266,210.51103312145528,209.8418422241419,1759.5242150459387,1820.0,0.6778655442415675,0.5323239606398784
1788799073284,19.097936435008613,64.12352073849655,-3.0102832317352295,21.118907423654896,64.39042906255196,205.51326027266583,206.3259073487604,1759.7063072204837,1800.0,0.6981851515744527,0.5313505036293253
1788799073548,16.668446458230807,63.899194912647644,-2.9987781047821045,18.68621294605562,64.18933658668142,203.8229630789513,203.2236759172833,1761.111173548002,1780.0,0.7198849641278585,0.49693949695101747
1788799073849,16.522693784218134,63.875588244340555,-2.9989490509033203,18.540509841154318,64.16538498478205,204.05385895837745,204.2143894780288,1761.3396952745977,1780.0,0.7204838826109264,0.491337107636142
1788799074126,16.331300510196236,63.85328397976132,-2.9988081455230713,18.349075713181456,64.1433650384638,204.10141200933597,204.02374824619497,1761.3312787442258,1800.0,0.7004443883090482,0.49153313983421265
1788799074401,15.651992437407726,63.706347848486715,-3.012253522872925,17.673485390068137,63.96927375581479,204.67821441487442,204.42953510904042,1761.8651277803806,1780.0,0.721227639830637,0.47959133707301016
1788799074657,15.394420473594366,63.616371455155026,-3.0271480083465576,17.419605201955303,63.849160214363096,205.47487151381497,204.8449189152699,1761.8988154487233,1780.0,0.721137457354814,0.4784738020618403
1788799074914,15.465728279173844,63.55884461890994,-3.030467987060547,17.49167469879574,63.784908537351654,205.8792682436007,205.60348355386404,1762.0275467466186,1780.0,0.7214649945208299,0.4797834466890412
1788799075229,15.41110061285064,63.55832557978593,-3.034168243408203,17.437869655503796,63.77689144661517,205.95275544286267,205.82509003451548,1762.0245222718177,1780.0,0.7214007673483643,0.4795891280824382
1788799075496,15.42704304372232,63.56957623339075,-3.0361785888671875,17.4542473833965,63.784067155357576,206.22911973987675,206.233908890512,1762.062585917083,1780.0,0.7214952764629143,0.4788373473982263
1788799075760,15.310724213367374,61.869799996924215,-3.045572519302368,17.33985399059961,62.06523831852327,208.06415713935962,206.98131029472654,1762.3425106718414,1760.0,0.7415363731254918,0.48412886290772583
1788799076043,15.111044335553029,60.12576125738189,-3.074052095413208,17.144916516935265,60.26333938136773,209.43038900416875,210.15326392886755,1765.2871853909282,1760.0,0.7459305823433784,0.5208519308252393
1788799076359,15.065774992695005,60.125141293983766,-3.074984312057495,17.099774542929993,60.26082334896478,209.59366438428327,209.3177698415451,1765.2480568142435,1800.0,0.7058763387056861,0.5204356044076772
1788799076637,13.079698217196727,60.03755824772392,-3.0739974975585938,15.113562884077144,60.17524741656232,208.42623610239298,208.26216189511058,1765.7748620158654,1800.0,0.7064804661415749,0.4974500147463058
1788799076920,13.390530563714936,59.959433247723915,-3.074018716812134,18.99380337074068,58.87978757048971,209.24164534157174,209.15022828205514,1765.841687305737,1780.0,0.726726223482645,0.49444017718132205
1788799077200,17.96566820520116,57.7693572757751,-3.0041744709014893,35.6445689558172,50.31610943326323,208.59207727756828,211.74459859021044,1781.931499841032,1780.0,0.7503043000727594,0.5705778080462383
1788799077478,24.25730787862943,56.17952602116142,-2.42362380027771,44.08493075229953,58.509937586984286,170.11038321715915,173.72088950390605,1754.546680108809,1800.0,0.6986901481696012,0.6488277020762169
1788799077793,32.242828128844735,60.4721862312377,-2.1343491077423096,52.96142959551962,78.57753020351264,158.41424904108572,158.36255804309144,1729.0782873508072,1780.0,0.682143667003111,0.7178963930029828
1788799078063,42.090540608083174,69.12910521499755,-2.1169798374176025,63.14360238019814,86.65206330706403,155.55389756059338,155.6810171757333,1632.4724336471406,1720.0,0.6240770465363422,0.7382162925536154
1788799078337,51.34562815268209,73.99164635365403,-2.0917294025421143,71.47973277363417,84.0170138156277,161.22940170453788,160.27781125576598,1604.8106774137334,1660.0,0.6070366074897208,0.676521440358774
1788799078575,55.14685923658956,76.33396899606299,-2.0604746341705322,56.999784835158145,80.03600861023197,154.24575301210962,154.0865293083628,1686.6069791880875,1660.0,0.7304412848433106,0.6402586747418829
1788799078837,55.18100047674705,76.42809770238682,-2.060529947280884,56.13990160390983,78.22700637675747,155.24383655958846,154.94283354663514,1700.3949909669202,1600.0,1.0,0.6390696311939058
1788799079120,55.163838544229826,76.39627291461615,-2.059976816177368,56.12174449241334,78.19571171180672,155.0863664632085,154.8938767660751,1700.6256204581557,1560.0,1.0,0.6393163245851925
1788799079387,54.423957884781004,72.65662005567175,-2.031146287918091,55.3295941706754,74.48292416727841,158.26437916105664,158.33482681769462,1711.171486146316,1640.0,0.7873103297543903,0.6507202404728731
1788799079675,52.81680129644439,63.494930717888785,-1.983350157737732,53.63414629223529,65.3624185888683,160.65490911638787,160.29104854701657,1729.780168424355,1740.0,0.7131866910501187,0.6827308625328179
1788799079960,51.004066767655026,56.0012024406373,-1.9613784551620483,51.78018589565098,57.88619657578966,159.29370957157101,160.06955822248284,1741.195998673803,1780.0,0.6866511060380233,0.7116954437450712
1788799080257,54.157267893393204,59.13533849040354,-1.9655441045761108,66.9436237150515,71.78354575828806,156.4754778889323,155.63715159612497,1694.7084693923473,1740.0,0.6805580968253473,0.7022471696416253
1788799080520,60.96382201187254,63.72532161202018,-1.9667848348617554,78.42338194475326,74.45838832687552,159.68611447626023,157.5651833412964,1677.7066074687475,1760.0,0.6433857232464472,0.6682622261290234
1788799080797,68.81561039000985,68.53403647114912,-1.600882887840271,79.90399392940684,82.36140164199219,132.31159350310935,137.64032486363655,1617.7730096885123,1680.0,0.620990260152803,0.6008550381915826
1788799081083,73.18695308655266,74.62374950018454,-0.9617999196052551,75.88153379169233,88.41659349370136,88.29756675219414,93.3628290878599,1561.1980223358673,1600.0,0.6333440449102317,0.5681551400773797
1788799081332,74.56479530634843,80.6619382843258,-0.40412265062332153,75.12126537938201,94.36268298889132,50.492914118066736,54.40610133977884,1527.3396019422687,1600.0,0.5731525176550103,0.5607351417131009
1788799081606,76.31223182978593,87.92542945681593,-0.13383084535598755,79.42605506560565,102.16880743107512,39.094213400500934,39.342845449904,1523.9283847573538,1500.0,0.6779791902295467,0.5493178539805177
1788799081875,79.2315673828125,95.46016663078248,0.13408488035202026,82.16942682823525,107.1836705773941,22.2,17.688758659749055,1492.1651019283017,1520.0,0.6161500823834162,0.5270034083130662
1788799082150,83.5373093011811,100.76750507504921,0.29220789670944214,86.82069537203927,103.4477705897212,22.2,17.91908695571169,1465.2182915106525,1520.0,0.5654392378567754,0.49516079585969075
1788799082409,85.94454547551673,102.07854023129921,0.9861552119255066,90.09553808587403,102.74928931332938,329.57843987491805,330.2419884963728,1457.0417122444803,1520.0,0.5740542141950287,0.47669316425748953
1788799082703,91.95560485359253,104.64200718196359,1.1234055757522583,99.56689404115666,105.9713634058374,337.4670490613889,335.1077208341838,1415.3662606322105,1480.0,0.54733646949275,0.4405871413251592
1788799083005,99.40186508058564,108.79883773683564,1.2938014268875122,105.43463014526036,114.14055838867696,323.62788251023807,326.6841981867379,1387.106767318811,1480.0,0.5107577695815668,0.37969314115526737
1788799083249,103.55383204662895,118.01229161540354,1.3214632272720337,107.00427531300734,131.06999795379323,302.527142854894,306.1283926771848,1420.256622114691,1440.0,0.5642886538748346,0.3438039156054256
1788799083574,107.10521307517224,129.23755075049212,1.3446365594863892,108.51887061070418,132.7155662142804,294.46054785360656,291.2202761729629,1448.7469297170132,1440.0,0.6437972847367233,0.3397737464692321
1788799083901,107.83825971948819,132.1543103315699,1.3532158136367798,108.137136502259,134.46376060408497,297.7159234311363,299.34462732679924,1435.4029386560903,1460.0,0.5811873128869934,0.3392187337944964
1788799084175,105.74039008673721,134.29050235297737,1.360568642616272,105.31498648067358,132.2968635786885,290.8922418771099,291.21747576787845,1435.8017334558747,1460.0,0.598580464516204,0.34801199626717916
1788799084484,100.38230115034449,133.26486182025099,1.785988450050354,100.81759677182554,131.27335949478928,269.9478920884435,278.424754829015,1420.3742918937983,1480.0,0.5554567724510215,0.36861167317357457
1788799084782,94.65292622723918,130.7281157726378,2.4291303157806396,96.1955854995792,129.39553700953846,234.57027912146606,242.1119517195902,1397.967283707018,1460.0,0.5438016611809823,0.38764169111830604
1788799085062,88.26806256151575,128.75546913447343,3.099019765853882,90.30473548194742,128.66870966478675,187.44280296198235,191.54475159006978,1409.4737662352336,1440.0,0.5668795927645571,0.41977918576056295
1788799085304,80.79174612450787,126.05656180794784,-2.7775323390960693,82.69665901382916,126.78242038542528,170.62609683741402,169.90771560867785,1458.271138792372,1420.0,0.6511222412086032,0.45721075674057854
1788799085555,69.23127902774361,121.59178726316438,-2.726032018661499,71.09630086438405,122.41474372571531,172.31125728988945,172.38102332771604,1477.5984808431278,1340.0,1.0,0.5220419558702796
1788799085818,54.91678072711614,116.36699526328741,-2.7192113399505615,56.77614610386836,117.20265319936834,172.26035468489536,172.24894944448585,1590.5025995381286,1480.0,1.0,0.5408380049506255
1788799086087,39.03128556379183,110.49240472748524,-2.711841344833374,40.88444170420358,111.34174335821754,172.2048871586374,172.88668948747085,1658.587947302247,1600.0,0.7372960558233189,0.55543775204193
1788799086393,20.82603634811762,103.55006420706202,-2.682528257369995,22.65350320448268,104.45335191277223,171.23765852215791,172.07817438446264,1783.7033176260588,1680.0,1.0,0.41189170455031676
1788799086663,18.875286672997664,98.04650013841044,-2.9512813091278076,26.463226987760628,89.20250976567445,193.5300059552033,196.38129034602343,1850.6221092973144,1760.0,0.8122326014273274,0.3417837858103795
1788799086935,22.664706012395424,94.93293822281005,-2.725055456161499,35.26241027768633,90.48506737394811,178.29705158638046,182.71026961287538,1781.7203139665414,1840.0,0.7437671372039901,0.40857639971539056
1788799087191,26.41530434916339,91.82155819389764,-2.3427608013153076,29.205025427375066,83.78335616395113,155.73899487300122,164.96310273741076,1764.8652059295619,1760.0,0.7249722583394923,0.49374101164748496
1788799087474,24.087485966719978,84.50099194143701,-1.9703022241592407,24.880395221288055,86.37898520671256,139.12807962462145,143.86503047477856,1826.800730318724,1780.0,0.8243326465187303,0.4841134955537991
1788799087751,21.585813507320374,73.60165573480562,-1.7447353601455688,21.93860646034187,75.60941591039891,133.27667415462955,132.24561950910714,1772.3029811072988,1820.0,0.7053175773781584,0.4547731381509993
1788799088040,20.020297793891487,58.55781615249754,-1.7237173318862915,20.33081677210191,60.572547339175095,140.21200705869688,138.13223228533565,1760.8123013605389,1840.0,0.6576057401600578,0.5317460255233837
1788799088356,20.713323157603348,43.45930925504429,-1.7059293985366821,31.922271797425722,15.91929881138611,145.3303724894179,143.9315610716326,1904.5289134193256,1800.0,1.0,0.6932722338215046
1788799088623,26.69506163109006,36.843155988558074,-1.8285480737686157,43.0357281454322,32.00603882370973,158.89706305828577,153.54021044004872,1969.549683617413,1860.0,1.0,0.787690460355009
1788799088888,32.98232191190945,37.99617977592889,-2.0471322536468506,50.9964739228541,51.5858357092028,163.78731335597047,164.80469592546277,1784.2580338377743,1860.0,0.7130682713620095,0.7823318816727564
1788799089157,38.86578417199804,44.195013571911915,-1.6760202646255493,52.29075438009631,64.20378661649838,128.35690662832235,133.40826249585825,1735.3027897407856,1840.0,0.0,0.7719268181822146
1788799089403,44.488414854515256,51.22623473640502,-1.5214391946792603,60.43220183572305,69.03063741240106,128.19006582039194,127.62795994310974,1713.0159852475656,1760.0,0.6818003980501898,0.7547995301401107
1788799089661,52.728752076156496,56.93378118079479,-1.498665452003479,72.66920676182663,68.2179642589657,134.10405913962478,133.15684276775806,1698.7419225678282,1740.0,0.6735095532314316,0.7150751529974151
1788799089934,63.34365964874508,60.88137168583908,-1.4436746835708618,83.23432558717744,70.56427025002826,136.18403754243963,137.12414568015083,1634.684896766746,1760.0,0.0,0.6659633637217816
1788799090182,70.46241099440208,65.79289954478347,-1.0907551050186157,78.99981569189073,80.5597619081381,103.86872281635348,107.08376529627093,1610.5975812276993,1680.0,0.6289376193622573,0.6104150334076562
1788799090459,74.15195254828986,73.81697527066929,-1.0730539560317993,80.23143464967117,90.87294723865324,102.71209186931962,101.16918419435146,1549.6392511025024,1580.0,0.6273154446099957,0.5678970160160166
1788799090741,79.53193724624754,77.79204120786171,-1.0698076486587524,82.2841843111618,81.72707910119321,107.49892401134989,108.60496240678367,1573.2858347787922,1580.0,0.6373418384019411,0.5454017806186087
1788799091019,79.77695254828987,77.95512041707677,-1.0671488046646118,80.85044687992654,76.25937993249838,105.71916488535611,106.47251871736488,1613.9260064424927,1620.0,0.6762970002112664,0.5434648087421322
1788799091290,79.76473590520423,77.96615961029774,-1.0679394006729126,78.78231039765554,79.7523297904647,106.451837667586,106.73537611212548,1613.9042990650553,1640.0,0.6561896107895165,0.5434349243155585
1788799091550,79.76413035955954,77.97396922674706,-1.0677629709243774,78.78138973374696,79.7599660500302,106.9204849907074,108.47842293595767,1613.9594474100534,1660.0,0.6364661397726259,0.5434461575363216
1788799091799,79.76513479638288,77.96008012426181,-1.066287636756897,78.77976029891155,79.74462513353816,106.57830048398941,107.84362328744004,1614.0468712198547,1560.0,0.7364338348889024,0.5434691613114357
1788799092067,79.75608044721949,77.96579916646162,-1.0670467615127563,78.7720609258336,79.75109168365076,106.53547298419019,106.5146673701006,1614.1440576716823,1460.0,1.0,0.54351905676741
1788799092351,80.18349474809303,77.42570051058071,-1.0629984140396118,83.36206673181658,73.43605959327081,109.76156706729975,108.5372875969173,1615.4578690979965,1580.0,0.7243638774097969,0.5433451520776899
1788799092600,83.72460553026576,73.41739684578002,-0.7257934808731079,93.52659644829544,64.3410172232569,91.52832478542092,95.16341831356274,1571.0407951987986,1600.0,0.6199059726994307,0.5438821806770743
1788799092851,90.32136211245079,68.51287120909203,-0.26118338108062744,107.44750503097043,60.90038594480782,77.01100633315701,76.83146046410067,1606.889527110816,1600.0,0.681775692136122,0.5546547928279201
1788799093102,101.11439622293308,66.11214705339567,-0.17591442167758942,119.80721559697673,63.65517108305749,88.76987877106649,87.0584241873902,1591.1499708165818,1620.0,0.6429085879015152,0.5551352138407668
1788799093420,117.1382201187254,64.72401536355808,0.07043778151273727,130.64543370008684,64.23231003234035,82.4894628101728,86.30801682957194,1585.2252606843329,1620.0,0.6407185862079526,0.5109805163887922
1788799093669,129.79587344672737,65.14692651943898,0.2737029790878296,134.58277334009446,65.41003617131064,70.48998511922736,72.73944408857562,1588.9593177595057,1600.0,0.6554529154016163,0.3435665456858009
1788799093958,132.12339866818405,65.15463521161418,0.5194858312606812,130.3538113463274,64.14264484568957,54.28141888495833,54.029421326825684,1586.156172620903,1620.0,0.6315692054550037,0.2970222803304744
1788799094198,131.66534664124018,64.22078770915354,0.5189794301986694,129.89524707330767,63.209693593848186,54.419884687908734,53.749818717904304,1589.4561476957738,1600.0,0.6591916844080417,0.3094117809435972
1788799094522,130.4258331539124,57.294859398068404,0.530509352684021,128.66750882088877,56.26342383037792,53.0765478457368,52.753059649182376,1622.195402440772,1640.0,0.6559074771586908,0.3967285651716425
1788799094781,132.5131105437992,54.78470929964321,0.5839484930038452,133.8830837019466,53.47936897740693,56.70933707902299,54.68442512806848,1650.6626607257217,1660.0,0.7366409423064018,0.4494601626067373
1788799095059,132.33784833292324,54.82207050473671,0.5822032690048218,131.51667550972826,55.868416632669515,52.78991951384887,50.07935643469398,1639.7877818623913,1660.0,0.6843245707643286,0.44660076734965026
1788799095384,131.74768162524606,59.37948392132136,0.42516934871673584,128.32645952005495,65.24073606304115,59.881438402508934,59.53204853936535,1591.0284735780128,1640.0,0.6402670040716315,0.4001087709499165
1788799095703,130.0714063268947,61.176008089320874,0.04647576063871384,129.79092340738347,59.21157444702979,82.44068150565397,74.20194782025641,1605.3951894661825,1640.0,0.6359326610585962,0.36868747041537564
1788799095978,133.3711014394685,57.998133381520674,-0.34742510318756104,134.35735202854252,51.753669147409475,112.5729830850949,112.08876861822401,1639.686265796532,1660.0,0.66357761628156,0.3593476892560345
1788799096265,132.32650636687993,53.542586198941926,-0.17520298063755035,130.31919370662493,53.89791657250998,92.4596461721881,95.9301287635784,1639.9354368054303,1640.0,0.6831315764716287,0.4211402232301768
1788799096523,126.16675189160925,52.315164400836615,0.1605447381734848,124.1544465449271,51.98929482245529,61.523790198597,69.37395363940053,1657.7960351738718,1620.0,0.7327064214425103,0.4987335395759698
1788799096791,119.2097533218504,53.23034091258612,-6.710370071232319E-4,100.6894196516005,58.240500876104925,70.45414222540762,64.22015645080933,1639.364826492267,1680.0,0.6605018259122786,0.551586922546633
1788799097033,111.74689345472441,56.62475585937501,-0.4660879373550415,95.7666402565501,65.79257494007773,95.32588262191521,91.40075405880714,1547.0460841680258,1620.0,0.5974357078336511,0.5835263932962983
1788799097317,105.2737931379183,61.610011303518704,-1.0803409814834595,91.4881748833148,74.33916635459143,124.96028627827911,120.5380205620284,1532.5326985558183,1620.0,0.5641879844399655,0.5734357151445975
1788799097563,99.53184593380907,68.34734098179133,-1.7702175378799438,91.5137062957646,82.29208480198417,162.84951201668628,159.02892778558308,1526.5154712661806,1600.0,0.5825290308689732,0.5310084515006133
1788799097844,96.02235328494095,74.44428211122047,-2.442641019821167,91.52967951804051,86.26222028004543,199.49682112396695,193.2763336410797,1486.679164303986,1520.0,0.5941554800564022,0.5067576469802558
1788799098107,90.79636941744586,80.42860616849164,-2.886547803878784,78.72898483543743,87.66542365690476,210.17322484716885,212.0394281348635,1547.1880890585055,1500.0,0.677327735224357,0.4969057802391137
1788799098371,82.27351631705217,81.55269592765748,-2.9351413249969482,84.2687473473204,81.9705678293867,207.4401969756825,206.75723851566488,1555.566108451993,1520.0,0.8250844490888632,0.5162200288065222
1788799098635,71.91288985605316,79.28276482529527,-2.5097920894622803,73.55790497578468,80.48671210248587,180.00081132769347,184.93359816521348,1614.0229957403137,1460.0,1.0,0.548323821270325
1788799098896,63.531330739419296,77.01899010365403,-2.3315255641937256,64.93678802605534,78.49555828895456,168.33662400319523,167.9569113825834,1656.0743973364858,1480.0,1.0,0.5868739565348736
1788799099168,60.13976570189469,72.12435985174706,-2.197129011154175,65.35377547043771,67.85669940866318,168.8138565237283,168.5113772715776,1690.2806539817886,1600.0,0.797203376768645,0.6235404382347031
1788799099459,64.23043318620817,71.27355860912894,-1.9348036050796509,74.90004506306018,73.31747729769667,155.16839692820997,158.72089881140303,1694.2364905780373,1700.0,0.71088525679731,0.6124936939438327
1788799099721,69.82329120786171,71.7788191667692,-1.4426923990249634,83.43577045008358,74.23539092791262,124.25894761839231,128.2923786343233,1629.5228138649425,1720.0,0.6250925263727376,0.5852896274907332
1788799099992,76.42420010303887,69.31867464320867,-1.3068987131118774,87.7305344952172,58.94674647226497,131.6031980284451,130.1049563954351,1643.1684836577465,1620.0,0.6903754453074938,0.5639170137928046
1788799100314,82.54238819512796,61.330777866633866,-0.7703834772109985,95.31606115187087,43.674825472358535,103.2886784846983,108.12244852243285,1732.4544895424976,1680.0,0.7628977992741489,0.5934707200043483
1788799100632,91.1628494863435,55.664374884657974,-0.06467307358980179,110.43063706599585,51.89030425254581,68.60449683506565,76.0756245546192,1701.9758697739085,1760.0,0.6955757008598437,0.6319201917355445
1788799100873,101.93121962659941,54.725019800381396,0.015635840594768524,124.08886937971411,50.906329172451414,80.50036989421164,77.25956107855268,1659.943402284949,1720.0,0.6279762266074815,0.6326176779245553
1788799101196,113.46737358513779,50.40534552626723,-0.5472732782363892,128.39598135047137,40.350117058624754,120.4618454390315,113.00967920871258,1707.235352798095,1680.0,0.7329824091322978,0.6292231048009532
1788799101471,118.92008143147146,43.165283203125,-1.0283924341201782,128.07891557157254,21.111418231284425,146.8498629377623,145.51750154772645,1782.43111074742,1660.0,1.0,0.628021434316778
1788799101743,122.0075760488435,32.38834170844611,-1.281847596168518,125.27820504358418,8.233763998262681,159.30681040997166,153.05349498404829,1819.1533492051565,1760.0,0.8106224683809201,0.7117771824246168
1788799101990,122.55520077202264,21.526345080278052,-1.496026635169983,122.40292323761182,23.559169554479837,170.8735850825475,170.7579514382952,1799.3444902246022,1800.0,0.7462734986920074,0.7312106619791585
1788799102245,121.63928895484744,16.060770590474288,-1.2649236917495728,116.28388837500327,24.17521088715261,149.7085632072414,165.90014476838292,1819.371331033077,1840.0,0.7311395516686487,0.7423473864156014
1788799102498,119.77715920275593,22.098458357683317,-1.2050691843032837,114.96711603371465,44.7912530103858,144.57012148881103,144.99594942709416,1730.288010621879,1800.0,0.6972348148201816,0.7407589039425067
1788799102792,117.08748885027067,34.09395953801673,-1.177080750465393,111.75898799860923,59.137491202411525,134.93918101477658,139.2232045479876,1618.9253317354244,1700.0,0.6327810513831398,0.7350317783130799
1788799103059,114.66670959953248,45.53734005905512,-0.8128782510757446,107.59690407104807,68.22461409782437,110.19516689343457,113.52044604919138,1570.7662042368968,1600.0,0.6543259396744294,0.6659339464481608
1788799103327,111.74307755597934,55.45531745970719,-0.288028359413147,104.0041294926935,71.32025858854382,69.17623458314566,74.9731213658404,1541.7114777207369,1600.0,0.5997633805903952,0.6019114176012537
1788799103601,110.6411863312008,63.470978023499015,0.2614387273788452,114.6628737437135,72.07060014539991,47.95082697030938,46.22723663691613,1532.726289731089,1580.0,0.6010967053414261,0.5701739287410237
1788799103875,118.95429956631399,68.12355822465551,0.37571561336517334,129.20941552041356,72.02146993875435,63.67227499191688,62.91915116853198,1537.6809209017053,1580.0,0.6136137533504219,0.44110125809251394
1788799104171,127.68444151390256,71.8962325449065,-0.1681467443704605,126.66250824241047,76.28914813494731,106.95853781809356,104.52460312310689,1521.9386514273906,1580.0,0.59455052638031,0.2668780290637871
1788799104445,122.73924820066436,76.35962779127706,-0.4110475778579712,106.31904567847188,83.58880920081597,91.89339303671026,94.4822282799586,1464.329245586465,1520.0,0.5647486119141836,0.29206405813358993
1788799104689,112.36559770238681,81.30934347317914,-0.4398866891860962,88.88549678074057,91.94312674630697,74.00959413983884,76.20783629974932,1440.2588294753518,1500.0,0.5227817260335889,0.3947825595924512
1788799104987,97.74391955278051,88.38199164923721,-0.869362473487854,73.9737245370181,102.25317109563126,91.10852557964921,88.05093565032897,1535.0524159252357,1520.0,0.663417139469746,0.4472447345631529
1788799105233,89.1207381120817,93.22473240649606,-1.4479509592056274,72.87761057856761,106.3258587502237,122.76276482305839,117.8699276184647,1535.3622007131228,1440.0,0.7470572299964875,0.4629428251666488
1788799105513,81.23150682824803,94.95900552103839,-2.1874825954437256,82.41045429407524,96.62202887121109,168.81530495124937,162.9390670953644,1509.5627523833368,1460.0,0.6834315499064915,0.49243472182216896
1788799105781,74.04578501783956,91.81955893208662,-2.572252035140991,75.76274197373246,92.91847776530909,185.5443080128253,185.24369989133214,1532.5995768189182,1480.0,0.7027808614408863,0.5246747682392113
1788799106055,65.11801892378199,84.48171059916339,-2.592116117477417,66.85646472951564,85.54630910138246,186.55599074211003,186.70540036450817,1592.0459291318036,1560.0,0.6825378006897033,0.5727611457100601
1788799106318,55.55844284418062,75.75703298013042,-2.5646159648895264,57.26695840294544,76.86903045128695,185.57667139487137,185.64437544762626,1692.988253534979,1640.0,0.7420597402625984,0.6309224048471105
1788799106578,45.62354380690206,66.52944009135089,-2.5259149074554443,47.28775530619074,67.70670976140757,183.88072835726913,184.03506663845104,1739.620909302803,1680.0,0.789925810783534,0.7069442781265581
1788799106845,36.59509854053888,56.57162643793061,-2.244187116622925,37.86640153372523,58.16516102805265,163.43099903863822,171.16980838596032,1751.2503635553505,1760.0,0.716872249486277,0.7622455675332906
1788799107093,30.57551586721826,45.079249584768704,-2.0337541103363037,31.485911745023397,46.90318575033904,161.08083407585593,161.36564583977827,1794.315332060594,1780.0,0.7569952348587482,0.7558687996095278
1788799107344,25.66335843304011,31.783279058501478,-2.019261121749878,26.547225339051785,33.62021756668768,166.02081933867856,162.44315820037548,1850.0162278440296,1820.0,0.7874339769274599,0.8099780678793822
1788799107641,21.837124561700296,19.027875765102117,-2.603341817855835,23.587411445097644,20.072892327749425,206.1066943308806,196.42987986491516,1882.295802931874,1840.0,0.8232374751984092,0.8458819621565064
1788799107936,19.667068841889147,16.278833103930857,-2.766382932662964,21.563770608653456,17.025884774401614,203.94457073094574,205.11861006972217,1881.5101151312087,1920.0,0.7492067536127521,0.8612767637619665
1788799108203,15.460147407111222,15.356230247677782,-2.814081907272339,17.390311990411284,16.01199580927285,204.14554540463087,205.0106534229697,1868.1592748972832,1860.0,0.7901911539088605,0.871572418320872
1788799108470,16.33502870094119,15.800250196081448,-2.831193685531616,20.892569590786742,18.624129308766793,207.77939097551572,206.39786929571207,1883.6972485600745,1900.0,0.7731188752542748,0.8704528492487347
1788799108727,18.22422658364604,18.274434007058932,-3.088860273361206,23.339124191256698,26.614958433306143,224.15942749131335,224.39499766347535,1876.7515028556397,1880.0,0.7894706798271751,0.8639031307223858
1788799108981,15.915164496954972,19.181005522960753,-3.045367956161499,17.944254252255014,19.376858925628213,215.40053589802463,222.10627164916707,1865.7936517361418,1860.0,0.7341012573780636,0.8641414031467766
1788799109258,14.624097929226133,18.01207775206078,-2.8976008892059326,25.382605631677244,23.583756261450667,213.0363066581923,208.224383709402,1873.867178831725,1900.0,0.7373079515769725,0.8706808931652272
1788799109504,18.39446060300812,20.609416811484994,-2.694472074508667,33.151872271620164,31.89224046273796,201.90208845733721,210.53094965693546,1894.6077901111641,1920.0,0.7620418447683976,0.8624586763968689
1788799109774,20.96164733406127,25.59633029727485,-2.4059054851531982,20.376775823032855,39.22880402151322,175.3214296795652,178.10839412636685,1810.2472818592455,1920.0,0.0,0.8417051265954492
1788799110036,19.70871091827633,24.645611620324807,-2.448918104171753,21.277435247085247,25.947405678769925,186.27210817306917,183.81581803499415,1859.788021319518,1800.0,0.8364994394555618,0.8415383892331857
1788799110299,19.730454091950666,18.529385544183686,-2.4593665599823,23.4808650401429,-0.35312524414467816,190.3454595228869,189.9572351264934,1872.0485093979091,1880.0,0.7700691726939409,0.8539500137586793
1788799110602,19.57934281957431,14.952906811331202,-2.559117078781128,23.07434250564718,21.875847467762156,194.40820634705432,195.96491439270363,1880.9573661756283,1940.0,0.7252338164212223,0.8651162866331432
1788799110878,21.252873938853345,19.16189599224902,-2.5470454692840576,31.176101013758192,36.995328206792536,188.96588180536287,189.94258187484925,1856.3880510547303,1920.0,0.7241863352850861,0.8546239166151683
1788799111157,25.8924301027313,25.826567402036172,-2.2673308849334717,44.91836353082699,46.96059943003014,170.78807221668677,173.03674604342928,1823.4928277302085,1900.0,0.7080899658009496,0.8348753436167216
1788799111415,33.864818182517226,31.56297818882259,-2.3362481594085693,56.81397961175675,43.18923931607991,188.09039815863395,185.2122570692283,1819.5013883371935,1840.0,0.7208504986855315,0.7938195805182072
1788799111687,41.78792638102855,33.37611641470842,-2.8695199489593506,66.04682448420374,31.645669998021873,226.3662634180412,224.0020730002701,1869.5651862806396,1880.0,0.7376644556334206,0.7787936667416723
1788799111929,49.079911840243604,30.431696373646655,-2.9274003505706787,72.17930666217747,18.47085508572954,228.64501888577362,227.68921327568154,2070.122660331669,1920.0,1.0,0.7763982768314848
1788799112209,56.66275144562008,24.144623523622048,-2.9190967082977295,76.63261526722327,6.049639954715111,232.69048968995543,231.57473605914174,1959.2421885083988,1980.0,0.8088607621768619,0.7751264611860013
1788799112467,63.10937115526575,18.606608233113928,-2.9421041011810303,75.89636301033221,13.575612179030916,234.08413691571803,235.7415078746164,1973.035142152807,1960.0,0.8176425839901423,0.7693743631117109
1788799112734,64.55719715028297,18.102797861174338,-2.9309775829315186,66.55067097937962,18.52897374400532,226.9701173347957,227.36279010280106,2033.6791703608767,1820.0,1.0,0.7659855904897203
1788799112998,64.4129379152313,18.078267255167326,-2.930152654647827,66.40605950154216,18.506087465748458,226.69240911127798,226.7222900768072,2031.9603927264488,1800.0,1.0,0.766308271048482
1788799113267,64.36296117587352,18.188673605130415,-3.1301753520965576,66.4013483119105,18.2119474969189,246.39100327500344,240.82722208920575,2030.774226827578,1900.0,1.0,0.766443846235619
1788799113550,64.49346106822097,18.175887460783713,2.0598809719085693,65.45119454610926,16.376356862063037,319.38141266216235,312.32248775239935,2013.1194463400957,1940.0,0.9125727995774989,0.7691758559242348
1788799113794,64.18686754121556,18.034504567544293,0.7319218516349792,62.67043003943212,16.67216059718116,38.20286691141047,30.212489028552227,1996.4401119865092,1960.0,0.866677436183984,0.7754082772685875
1788799114108,66.08734851747047,17.758087398499015,-0.06459600478410721,78.22801492515966,15.611243204387696,67.87801152363221,67.1051723912605,2028.7032736364167,2020.0,0.8561055709722929,0.774122515113709
1788799114404,76.46428145761566,17.103905865526574,-0.0941355898976326,109.24963320439895,14.070400291713595,79.9910809144651,78.12541222502125,1887.8566823502938,2000.0,0.0,0.7556846244261616
1788799114738,92.85014956016241,15.890547384427288,-0.07134706526994705,131.63033940626053,13.214423620939916,87.92382919372496,87.07423941748004,1810.8334180394104,1920.0,0.0,0.759427538398115
1788799114981,107.73445189468505,15.032098725086124,-0.04757529869675636,133.71512532668163,14.213292375987866,91.9310019535582,89.39757654380746,1775.3861509561063,1780.0,0.7292004092188966,0.7641069841748233
1788799115258,108.54240357406496,14.643459770623155,-0.01036006584763527,106.50399297124522,14.664578594266194,72.12592440784245,75.34758747642424,1874.7936994976612,1780.0,0.8753216583616972,0.7657833452830307
1788799115541,97.57852869709647,15.033331443005661,-0.02593928948044777,56.930709742066355,16.69587555729222,60.27403260570851,62.68297662593024,1907.6905531214247,1820.0,0.8706869787576282,0.7628663024715917
1788799115808,84.71966120201772,15.404325470210999,-0.03606826439499855,82.68246703368482,15.477835407705193,58.279317073412116,57.301778065277624,1956.1344592074718,1920.0,0.846219430795656,0.759162011417932
1788799116080,80.81984152005414,15.576014481191562,-0.019758526235818863,78.78171942555939,15.616290011384244,64.01323296662925,63.55914040437419,1988.873013611932,1860.0,1.0,0.7575745143751121
1788799116344,80.69526251845474,15.584275853915479,-0.02324468269944191,84.4206797233172,15.229916406651268,65.26561089515188,65.0123718011907,1992.783146763277,1840.0,1.0,0.7574518921822537
1788799116614,87.261962890625,15.328030323419044,-0.016577068716287613,113.45697361925659,14.551165580709752,78.58940921438604,77.0355332819968,1859.5973777156169,1860.0,0.7953484484211885,0.7590975328125209
1788799116907,102.24109559547244,15.080339326633244,0.0076376753859221935,140.08450541900706,15.632277871977045,86.38087985441581,85.89068416960541,1799.3236621746366,1920.0,0.0,0.761982731649263
1788799117204,119.78294552780513,15.142372912309302,0.03436535224318504,147.10875455690612,16.153470331909258,79.22950365566362,78.92476212534518,1742.2024518049204,1800.0,0.6765335807559311,0.7563556990143576
1788799117478,121.02816844549704,16.436712310070128,-0.1645095944404602,104.39201620001025,19.13298216983788,91.3765719149849,94.04150180477536,1819.7346737942285,1800.0,0.7446142224655004,0.7467854040394599
1788799117744,112.38101508673722,17.665780135027067,-0.18982583284378052,81.23002724849616,22.80411898242508,75.63717256858472,77.98959629661881,1958.0563499591442,1840.0,1.0,0.7577188238144943
1788799118028,99.47858675258367,19.191763569989543,-0.1739524006843567,97.47083129307089,19.544583361379747,68.99231312887092,71.20621632187661,2020.8546417561113,1920.0,1.0,0.7628483865717615
1788799118299,88.91311285063978,19.422254186915602,0.125959575176239,86.89074287108836,19.166161515780338,51.39673106615294,49.515239252897345,1928.750704706364,1960.0,0.768091129418968,0.7589960424181507
1788799118559,86.78796482837107,19.302395798089936,0.14612549543380737,84.77117004212668,19.005575009435457,56.74650455989433,56.527654463230704,1944.769694369794,1980.0,0.7737016031780393,0.7582805244188593
1788799118824,86.7827071542815,19.295148474024977,0.14607399702072144,84.76589708491188,18.998431547495063,57.92804086200789,57.533966093032404,1945.2542305483848,1900.0,0.8552429466531247,0.7582703141974446
1788799119086,86.83351531742127,20.49223892332062,0.7486245036125183,84.62040421381353,28.889941460778797,22.2,16.10861985086649,1904.5924812446215,1920.0,0.7988764208593375,0.7584649047018979
1788799119377,87.38550381397638,26.69955276128814,1.1634355783462524,90.81926433505988,45.57753942965773,337.8,354.3815195876281,1794.2672214742734,1920.0,0.0,0.7574983530000485
1788799119663,91.15775521345964,36.511715866449315,1.1619449853897095,102.00339227325657,52.904477317041895,337.8,352.6103410877083,1658.752343458918,1720.0,0.6377767798209562,0.7557787624042627
1788799119922,97.01333353838582,42.31329970472441,0.6222988963127136,111.37062055644829,50.26430065907967,44.42303280979445,39.87040900468105,1676.693216446754,1680.0,0.7157374295150625,0.7275875288545588
1788799120204,102.26402943528544,44.388677642101385,0.1265055537223816,99.87599166914268,45.611931933493416,68.53027750105724,68.76348313947398,1721.091324702815,1720.0,0.7117799627580317,0.7046058494209742
1788799120495,98.52760134719489,42.95957550289124,0.15460175275802612,96.51339491003888,42.645670710128634,54.090722691665576,56.62785917505596,1764.926318915426,1780.0,0.7191770834081176,0.7090369863977604
1788799120761,92.89076917753445,39.07932792122909,0.6408225893974304,91.25668290235016,37.86058847587814,22.2,23.996211464311955,1809.340256127,1820.0,0.73676686428885,0.7375496327387246
1788799121009,87.86442313607283,33.04179514486959,0.8937041163444519,86.58723052330312,31.452977087228472,22.2,9.005822866595793,1861.4127519457988,1840.0,0.7888081605493859,0.7552428194892548
1788799121280,79.7115968719242,22.988423024575543,0.9081799387931824,78.45753671917389,21.381283664195156,22.2,8.715102661769151,2013.843746173198,1900.0,1.0,0.7558306272051611
1788799121551,77.56933978223425,20.39884311946358,0.9166871905326843,76.32899718366727,18.78109343901852,22.2,9.66265465275211,2042.1389304275342,1880.0,1.0,0.7559735813533904
1788799121813,80.03519854207678,23.27246718519316,0.8979789614677429,93.15492542553007,39.090424295649754,22.2,13.612624225165632,1825.5912433193853,1880.0,0.7414672659446703,0.7558860377647447
1788799122077,86.7239211675689,31.38090118648499,0.9981161952018738,104.73843187536656,51.65263915984503,22.2,9.100657631031368,1695.7714601786906,1620.0,0.8183246900641186,0.7556099050167482
1788799122369,96.35065514271653,42.59313868725394,1.037511944770813,115.05162928797161,62.63486003515797,22.2,13.431271895065834,1604.450699511085,1660.0,0.6575521372396047,0.736754018120827
1788799122638,105.50954263041339,52.652688814899115,1.1897002458572388,121.84380125830577,68.77137977278649,22.2,14.623058512607486,1574.3196421806483,1600.0,0.6280925425172097,0.6744143746500953
1788799122913,111.49001714751478,60.645689476193404,1.810266137123108,114.74876767038074,67.88372257448844,317.7624798134065,323.6271541956295,1566.9004617564285,1580.0,0.6454513853556799,0.5675337920567225
1788799123160,109.30550642839567,64.8446487066314,2.4325883388519287,100.56737585483764,68.63611711949454,282.8183166214428,293.18382596862244,1548.5170305562829,1580.0,0.6303872575459311,0.5264617662042337
1788799123417,103.52239173228347,65.65499373308317,2.9409167766571045,105.52000287189058,65.2486520968735,245.42884300225342,255.1752180104948,1572.6697690770623,1560.0,0.6866439190481234,0.5519495146259807
1788799123698,92.5001922367126,65.77168622354823,3.134526014328003,94.53866133773982,65.75728085797537,229.093028285238,230.87471760582125,1541.154603350575,1560.0,0.6482122515930372,0.5600956308856241
1788799124009,75.34840020607777,65.83838275098425,-3.1286981105804443,77.38675073684095,65.86466780638618,217.9703414156509,220.36112759252518,1656.8058431500597,1600.0,0.7078992451762541,0.5855483422514062
1788799124296,66.25469057578741,67.07058163139764,-2.9769246578216553,69.44051624255677,72.14210481911994,210.87409553604272,211.4823235337464,1692.976991115512,1640.0,0.824799730376281,0.6127919651868183
1788799124545,69.52973132997047,68.69139183224655,-2.9504077434539795,79.11598596497973,73.01502959434791,217.89710459585757,217.78598221383538,1673.071937080348,1720.0,0.6577046805380868,0.5937612818514741
1788799124857,74.06464824526329,73.51470226377953,-2.7981698513031006,82.30109420219274,83.74619569797669,205.5624065701854,214.7241363369478,1573.3853391393297,1700.0,0.0,0.5625680612943696
1788799125117,76.30292276697836,77.69454835906743,-2.4465491771698,81.39530009211303,81.98264722653937,183.71556296631894,181.55884405033953,1583.6525585707195,1580.0,0.6527813087713216,0.548228356151869
1788799125386,76.88014713797983,78.12220776174951,-2.445875883102417,78.44490386823335,79.42876819491985,185.67942666880597,185.87932797932876,1618.3382225378473,1620.0,0.6824066918544203,0.5449829542142183
1788799125648,76.81732898622047,78.08018001045768,-2.446751356124878,78.38322897508311,79.38537004079042,185.98549498583515,185.1359283743588,1619.1746386741966,1640.0,0.6637096332181339,0.5452691107111083
1788799125922,76.79537555364173,78.0731201171875,-2.443366765975952,78.35684904858304,79.38360259131517,184.64481582187582,185.3732196742326,1619.2129131162442,1660.0,0.6434840062598834,0.5452918346140117
1788799126181,76.80219034510336,78.0716735359252,-2.4460456371307373,78.36716884670724,79.37796832651333,185.80048365105498,185.14907653180984,1619.2130307887348,1640.0,0.6634607204969953,0.5452920953299324
1788799126440,76.79885023222195,78.06136964812993,-2.444902181625366,78.36233402108425,79.36945306762762,185.44941504069453,185.47211326800772,1619.1331848397076,1660.0,0.6435425477468484,0.5452693909221216
1788799126722,76.8087600347564,78.0722550519808,-2.4463651180267334,78.37415579271618,79.37804979517804,185.74102859994773,185.404473907276,1619.2815715203449,1640.0,0.6638121226755461,0.5453026300815236
1788799126992,76.81176853930856,78.06983286940208,-2.445236921310425,78.37569010799986,79.37739285555267,185.5325001174582,185.36987476264667,1619.2673808555064,1660.0,0.6436829906814907,0.5453017463317297
1788799127264,76.81016336275837,78.06926577109991,-2.4453227519989014,78.37419715446275,79.37669151996936,185.60055280721176,185.436580704972,1619.2342330597755,1660.0,0.643674579902184,0.5452919527361189
1788799127525,76.80926465612697,78.06774710107038,-2.4458272457122803,78.3739578368402,79.37438363837886,185.79519189912634,185.50534145872476,1619.1964336509495,1640.0,0.6636465337429189,0.5452787875788488
1788799127770,76.77615668829971,78.04220845380168,-2.444905996322632,78.33964546709288,79.35028590907253,185.645529421343,185.6907039606672,1619.6402628081375,1480.0,1.0,0.545428165644242
1788799128044,76.79166057917077,78.046745240219,-2.4451282024383545,78.35543998217288,79.35447524643067,185.57465596501123,185.6808251667851,1619.5932148442525,1540.0,0.7641928765965633,0.5454127066313625
1788799128301,77.43219811146653,79.62466743048721,-2.6325480937957764,82.70936714076723,87.18288322086812,199.76048009596838,196.61548833035488,1555.0175312879817,1600.0,0.6230648520849742,0.5419134979074605
1788799128549,79.63663897176427,83.40268593134843,-3.1020467281341553,86.31558934714086,90.57318526131107,229.67574752051863,223.60378255972165,1496.9318657647195,1580.0,0.5646982381631319,0.5289486055299303
1788799128809,81.27056932824804,88.62242210568407,2.7815263271331787,81.04013466818296,99.9620426159501,240.9362696549752,241.7689959735397,1507.6904340802648,1560.0,0.5758863799084858,0.5129333553228199
1788799129100,76.02367491234007,95.48212967519686,2.705183744430542,62.06021945751672,108.73840815697204,232.12455942904376,233.27072802582256,1553.7558948543576,1540.0,0.6570191692108733,0.515299858617701
1788799129384,64.60284856360728,102.0353638656496,2.7173688411712646,41.76977187943733,109.5991289552724,221.47120515682016,222.92874675804865,1650.0495615645864,1580.0,0.7452243658494163,0.5508612492940819
1788799129657,51.74067940298967,106.36113204355316,2.721174955368042,29.127026459442906,113.16858983099138,217.83885192761815,218.7990908562323,1758.2131940363438,1640.0,1.0,0.558902825813113
1788799129980,43.48656842089075,109.46122777743604,2.73213267326355,40.99859077592947,110.73686568310825,219.20163323425265,218.2660059492711,1693.7330018456996,1780.0,0.6429248511490455,0.554390302953222
1788799130245,43.03998331385335,109.74533441498524,2.714581251144409,48.71198314307547,107.93603722103666,222.08921156255053,221.59421842930038,1667.0003284402633,1680.0,0.6900272639850329,0.5549544373693303
1788799130513,45.40059727946604,109.28717665784941,2.133599042892456,49.48508938928587,106.51665124589032,271.5595167167971,255.75422345567387,1659.2883389158476,1680.0,0.6713748980237983,0.5548280187162469
1788799130770,46.57667265163632,111.22566283218504,1.9946848154067993,49.23050090556549,119.28386110134838,259.015943649445,259.7426891105157,1620.348277391221,1640.0,0.6659454394466838,0.553390812587626
1788799131047,47.86647045706201,117.61559193528544,1.9732195138931274,51.692492882824425,131.21766351742477,253.05892627857287,254.63978490766414,1616.6945606682666,1520.0,0.787266755968557,0.5505144718058246
1788799131306,46.48203451802412,127.2350689745325,1.9775100946426392,36.717504446002906,145.33321933797728,247.83160561349072,248.04229109144163,1656.9286905084834,1600.0,0.7263654967118474,0.5474583284886962
1788799131618,40.40499950018455,136.30281703678642,1.8727270364761353,30.41099018197111,136.26358763647912,256.462660863907,251.72729644944246,1677.8809979209184,1660.0,0.7166247115540797,0.5509438534671253
1788799131929,36.49259552242249,134.99055156557577,1.4742437601089478,40.20651521639204,130.7923795778468,281.47926812669436,286.38843510641095,1681.9622093361133,1680.0,0.7162925304513932,0.5599679872530179
1788799132174,38.88563501553273,133.4668929933563,1.185409665107727,44.7004845748864,125.51190412674131,300.7146686573179,291.64260375009104,1646.9025316596071,1700.0,0.6511467430281075,0.558057317210768
1788799132476,42.852912962906004,128.35180087352362,0.689365565776825,47.609104016810136,117.58927238760442,337.8,332.5682753437752,1620.5395276047186,1700.0,0.604725440822304,0.5544075388409883
1788799132778,46.36854276882382,122.83626045767717,0.04170769080519676,50.5143354702493,113.03267998482812,22.2,8.298355875760592,1628.2071430128422,1680.0,0.6323793939460286,0.5523196821553501
1788799133042,50.59261772576279,118.3062119371309,-0.5241621136665344,58.05469010496657,109.3329665238347,53.28176457691467,46.868764213553916,1613.890447246089,1680.0,0.622190794133785,0.5491392871775882
1788799133317,55.56576706293061,113.04807647945375,-1.1695307493209839,64.48816471391875,104.06994464933571,100.6512033776582,94.23161710394484,1577.3164935657933,1660.0,0.5972154811830672,0.5458586235082309
1788799133605,61.370176780880904,106.59627599040354,-1.733855128288269,73.15587697785176,95.84489527983912,136.27074916941189,133.07704366420552,1528.3655536586084,1640.0,0.0,0.545039325277033
1788799133870,67.77917095995325,99.83800212229332,-1.7840255498886108,80.93336228225566,88.69847293326688,143.70901767691117,143.53690404728002,1545.7937817229802,1480.0,0.7160565206770186,0.5504714442838753
1788799134130,74.66439314714567,93.88127845103347,-1.6854480504989624,87.7958051960043,85.45169202658448,142.35775847166272,143.2698058608357,1519.0745275435613,1480.0,0.6845241599289253,0.5392233636137389
1788799134390,80.64944289800688,88.40664600762796,-1.1818078756332397,88.46452866888332,79.76997394974056,108.72576057740535,112.38125608971072,1550.1119006463196,1540.0,0.6554175582460043,0.5210255707922355
1788799134648,86.07894777312993,81.74077071542816,-0.703386127948761,98.43478273230629,64.60758683019017,95.79981736677344,94.49107417658199,1532.8152328552048,1580.0,0.5869360653306219,0.5182475088171465
1788799134916,93.20654681348425,72.39947942298228,-0.6197884678840637,109.61331887906118,50.89138361916114,102.91871271990267,101.42497741131231,1656.1878732348184,1580.0,0.7307599420949642,0.5235280925449206
1788799135222,101.29611758735237,61.45749550166093,-0.8172972798347473,115.01602788971734,39.56726422534514,123.9764570540911,115.60099984334688,1739.9761966243186,1660.0,0.8108384633877402,0.5647354694238198
1788799135525,108.48551111897146,49.05777097687008,-0.9637821316719055,124.89488798090234,20.015648290636147,135.81412862126575,136.03719422168393,1803.1309247946965,1740.0,0.8104008279472082,0.6348476248777264
1788799135847,117.17096764271655,37.30307511457308,-1.0663913488388062,138.31174412766836,19.249604640797212,152.70632505814586,151.32190428168536,1773.6702144897697,1800.0,0.7299147761099001,0.6953358634786675
1788799136087,125.1866714597687,31.24745286355807,-0.597302258014679,134.9439485688181,19.753840264969547,115.94357593693684,126.60901295403065,1757.5756533682902,1840.0,0.6552309639404237,0.7188720304480676
1788799136355,124.50816237081693,28.832109105868604,-0.37316733598709106,122.60993879392143,29.575285425807582,99.88324445383091,102.93884785355134,1777.9630542501077,1820.0,0.6993527779703592,0.7210353544401333
1788799136649,117.56486066683071,28.593810073972687,0.16479605436325073,115.5539588754532,28.259388519890475,58.34544276536309,65.16927775560013,1806.2522144327884,1840.0,0.7135446917784878,0.7386944593467377
1788799136956,107.28438730314961,28.53843869186762,0.45264357328414917,84.92957829795209,34.20180009840376,35.93913991926854,37.49217483506044,1849.02389016154,1840.0,0.7661019471562279,0.760687504271309
1788799137220,102.25641686146653,33.706648218350146,0.48628538846969604,93.75941133137484,49.83132939574447,34.4143964047982,34.86766057209826,1741.5539201611195,1840.0,0.7029229052217667,0.7594924812260727
1788799137487,101.32804810531496,41.715544452817426,0.5066396594047546,101.74828368538937,59.40447699479665,34.329264728973214,34.785649446575746,1608.4292813454977,1700.0,0.6155866864377754,0.73231716064661
1788799137751,104.42073311392717,50.810460368479326,0.5176073908805847,111.18279306473184,66.16996304274376,39.17898888140837,39.501925245831956,1573.2949293602946,1660.0,0.5883364479567245,0.6708300498429511
1788799138012,109.70903051181102,59.3740676519439,0.3758241534233093,116.81898976945644,70.17079017243975,58.33189850768605,55.39649389551141,1550.312807042576,1580.0,0.6347622340580678,0.6034759310609852
1788799138283,117.03015425073819,65.28569739634597,0.03717296943068504,123.2817771645931,68.4616129814044,81.0901074231648,82.17870211759043,1546.4391210211732,1560.0,0.6412635009214792,0.47816706207764026
1788799138544,120.24594765009843,66.04726235697589,-0.004968945402652025,119.69201400965024,66.08815310030971,76.90733133141475,77.23371311510884,1573.5223473851165,1580.0,0.6609289443603608,0.4209058120901959
1788799138829,125.77531949741635,65.9020659679503,0.003787692403420806,131.94676782131933,65.8211116323287,87.20496511996726,85.83288263532772,1577.7284119387773,1580.0,0.6649657249793254,0.368283793723587
1788799139092,130.58199664739172,65.23085706815945,0.09037464112043381,128.55179586602463,65.04687723845934,77.04415888157394,77.3430118946128,1580.045196554991,1620.0,0.6362113320889716,0.30589216745514963
1788799139360,125.03083476870079,64.98667318989911,0.11165302246809006,123.0050080740688,64.75953888223862,65.29985126034609,66.50484605456234,1581.2502392182364,1600.0,0.6509674503139964,0.3638752095730895
1788799139604,114.92911271222933,64.87557478777067,-0.15359193086624146,93.2469096783422,67.60247228170175,76.97035011875225,73.30038215261064,1545.160985967169,1640.0,0.6116949345636064,0.4804767022201508
1788799139858,106.27631720595473,67.73750365249754,-0.7928546071052551,89.07794187283261,77.83971910095231,108.02731329287795,104.20005010036414,1557.5496240675325,1580.0,0.6214510893863328,0.5292055705036741
1788799140113,99.31276336429627,73.28070693128691,-1.4606565237045288,88.9423605141772,86.22622729654437,141.13408160415057,137.2701930622664,1503.9360312217814,1600.0,0.5515862962203845,0.5047657789669595
1788799140383,94.5902570589321,79.58940641147883,-2.17433762550354,89.48568006833783,91.49655572237765,179.65190405722046,175.03259787937972,1460.2799150854928,1520.0,0.5566217178510041,0.4887862425780066
1788799140634,91.3123231422244,84.06018354761318,-2.7133266925811768,89.36249629991782,86.31348385153792,205.4355357805535,204.71437281985794,1463.2201671055195,1500.0,0.6133575120462537,0.48215495581847345
1788799140911,90.78719972625493,84.19781542199804,-2.7317957878112793,92.65693388881088,85.01000871904694,207.16935433174888,207.10024301726796,1486.1579369752178,1400.0,0.7193710018663793,0.48383832630456847
1788799141181,90.824676273376,84.21380951648622,-2.7311840057373047,92.6939132007637,85.02714653131476,207.0904405132475,207.07879995254984,1485.4465030221909,1500.0,0.6183178478179342,0.4835255939032596
1788799141450,90.82669475885827,84.21558770607777,-2.731306314468384,92.69603115048258,85.02869609082667,207.05166792321344,206.96786821201033,1485.4847357255142,1520.0,0.5983671051754681,0.48353889663523364
1788799141711,90.82958792138287,84.21616441621556,-2.731508255004883,92.69908847443376,85.02889528959393,207.362135950372,207.07436551327294,1485.4205326991041,1520.0,0.5983276557239179,0.48351407164088295
1788799141968,90.82862673781989,84.2176542507382,-2.7314581871032715,92.69808659679818,85.03047872506762,206.9760897270271,207.08673460097793,1485.4315128817784,1540.0,0.5782990770386398,0.4835180594729519
1788799142229,90.82884781003938,84.21840397391733,-2.731562376022339,92.69839234617407,85.03103366683341,207.1145311408745,207.01805125427424,1485.4233089039906,1520.0,0.5983399104504242,0.4835150801834348
1788799142476,90.82914577694389,84.21374223363681,-2.7312119007110596,92.69840539161902,85.02702710583388,206.92139715440868,207.0533051853438,1485.4527063347343,1520.0,0.5983312170398185,0.48352290290825994
