 Time,PositionX,PositionY, Heading, AngularVelocity, taFieldRef, taStatic, taAV, taOffset, taRobotRef, taServoPos, shooterTarget, shooterAdjust, shooterVelocity, shooterAngle, intakePower, intakeCurrent, spindexerPower,spindexerPosition, spindexerVelocity, spindexerResult, spindexerTarget
55,72,72,90,0,46.7,316.7,316.7,0,316.7,0.9,1626.4,0,680,0.6,0,7,-0.1,,,,
93,72,72,90,0,46.7,316.7,316.7,0,316.7,0.9,1626.4,0,680,0.6,0,7,-0.1,,,,
127,72,72,90,-0.1,46.7,316.7,316.7,0,316.7,0.9,1720,0,700,0.7,0,7,-0.1,,,,
156,72,72,89.9,0,46.7,316.8,317,0,317,0.9,1720,0,740,0.7,0,7,-0.1,,,,
208,72,72,89.9,0,46.7,316.8,316.8,0,316.8,0.9,1720,0,800,0.7,0,7,-0.1,,,,
239,72,72,90,0,46.7,316.8,316.6,0,316.6,0.9,1720,0,820,0.7,0,7,-0.1,,,,
270,72,72,89.9,0,46.7,316.7,316.8,0,316.8,0.9,1720,0,900,0.7,0,7,-0.1,,,,
303,72,72,89.9,0,46.7,316.8,316.8,0,316.8,0.9,1720,0,920,0.7,0,7,-0.1,,,,
334,72,72,89.9,0,46.7,316.8,316.7,0,316.7,0.9,1720,0,960,0.7,0,7,-0.1,,,,
368,72,72,89.9,0,46.7,316.8,316.7,0,316.7,0.9,1720,0,980,0.7,0,7,-0.1,,,,
398,72,72,89.9,0,46.7,316.8,316.8,0,316.8,0.9,1720,0,1000,0.7,0,7,-0.1,,,,
427,72,72,90,0,46.7,316.8,316.7,0,316.7,0.9,1720,0,1020,0.7,0,7,-0.1,,,,
460,72,72,90,0,46.7,316.7,316.7,0,316.7,0.9,1720,0,1040,0.7,0,7,-0.1,,,,
488,72,72,90,0,46.7,316.7,316.7,0,316.7,0.9,1720,0,1100,0.7,0,7,-0.1,,,,
514,72,72,90,0,46.7,316.7,316.9,0,316.9,0.9,1720,0,1100,0.7,0,7,-0.1,,,,
564,72,71.9,90,0,46.7,316.7,316.7,0,316.7,0.9,1720,0,1140,0.7,0,7,-0.1,,,,
594,72,71.9,90,0,46.7,316.7,316.8,0,316.8,0.9,1720,0,1180,0.7,0,7,-0.1,,,,
627,72,71.9,90,0,46.7,316.7,316.7,0,316.7,0.9,1720,0,1200,0.7,0,7,-0.1,,,,
654,72,71.9,90,0,46.7,316.7,316.7,0,316.7,0.9,1720,0,1240,0.7,0,3,-0.1,,,,
686,72,72,90,0,46.7,316.7,316.8,0,316.8,0.9,1720,0,1260,0.7,0,7,-0.1,,,,
747,72,72,90,0.1,46.7,316.7,316.7,0,316.7,0.9,1720,0,1320,0.7,0,3,-0.1,,,,
776,72,72.1,90.3,0.1,46.7,316.6,315.8,0,315.8,0.9,1720,0,1340,0.7,0,3,-0.1,,,,
803,71.9,72.1,90.4,0,46.7,316.3,316,0,316,0.9,1720,0,1360,0.7,0,7,-0.1,,,,
828,72,72.1,90.3,-0.1,46.7,316.3,316.4,0,316.4,0.9,1720,0,1360,0.7,0,7,-0.1,,,,
853,72,72.1,90.2,-0.1,46.7,316.4,316.8,0,316.8,0.9,1720,0,1380,0.7,0,3,-0.1,,,,
885,72,72.1,89.9,-0.1,46.7,316.6,317.1,0,317.1,0.9,1720,0,1420,0.7,0,3,-0.1,,,,
911,72,72.1,89.9,0,46.7,316.8,317.1,0,317.1,0.9,1720,0,1420,0.7,0,3,-0.1,,,,
938,72,72,90,0.1,46.7,316.8,316.5,0,316.5,0.9,1720,0,1440,0.7,0,7,-0.1,,,,
963,72,72,90.1,0.1,46.7,316.7,316.5,0,316.5,0.9,1720,0,1480,0.7,0,7,-0.1,,,,
989,72,72,90.1,0,46.7,316.6,316.4,0,316.4,0.9,1720,0,1500,0.7,0,7,-0.1,,,,
1015,72,72,90.1,0,46.7,316.6,316.6,0,316.6,0.9,1720,0,1500,0.7,0,7,-0.1,,,,
1040,72,72,90,0,46.7,316.7,316.7,0,316.7,0.9,1720,0,1520,0.7,0,3,-0.1,,,,
1089,72,72,90,0,46.7,316.7,316.7,0,316.7,0.9,1720,0,1540,0.7,0,3,-0.1,,,,
1117,72,72,90,0,46.7,316.7,316.7,0,316.7,0.9,1720,0,1560,0.7,0,3,-0.1,,,,
1151,72,72,90,0,46.7,316.7,316.6,0,316.6,0.9,1720,0,1600,0.7,0,7,-0.1,,,,
1173,72,72,90,0,46.7,316.7,316.6,0,316.6,0.9,1720,0,1600,0.7,0,3,-0.1,,,,
1195,72,72,90,0,46.7,316.7,316.7,0,316.7,0.9,1720,0,1620,0.7,0,3,-0.1,,,,
1234,72,72,90,0,46.7,316.7,316.6,0,316.6,0.9,1720,0,1640,0.7,0,3,-0.1,,,,
1271,72,72,90,0,46.7,316.7,316.9,0,316.9,0.9,1720,0,1660,0.7,0,3,-0.1,,,,
1301,72,72,90,0,46.7,316.7,316.7,0,316.7,0.9,1720,0,1680,0.7,0,0,-0.1,,,,
1326,72,72,90,0,46.7,316.7,316.7,0,316.7,0.9,1720,0,1680,0.7,0,0,-0.1,,,,
1363,72,72,90,0,46.7,316.7,316.7,0,316.7,0.9,1720,0,1700,0.7,0,0,-0.1,,,,
1394,72,72,90.2,0.2,46.7,316.7,316.4,0,316.4,0.9,1720,0,1700,0.7,0,0,-0.1,,,,
1420,72.1,72.1,90.8,0.5,46.7,316.4,314.7,0,314.7,0.9,1720,0,1700,0.7,0,0,-0.1,,,,
1449,72.2,72.2,91.9,0.7,46.7,315.5,312.7,0,312.7,0.9,1720,0,1700,0.7,0,0,-0.1,,,,
1480,72.3,72.4,93.3,1,46.8,314.4,310.6,0,310.6,0.9,1720,0,1700,0.7,0,3,-0.1,,,,
1510,72.5,72.6,95.3,1.3,46.8,312.7,307.7,0,307.7,0.9,1720.1,0,1700,0.7,0,0,-0.1,,,,
1539,72.7,72.9,97.4,1.3,46.8,310.6,304.8,0,304.8,0.9,1720.3,0,1700,0.7,0,0,-0.1,,,,
1570,72.9,73.3,99.9,1.4,46.7,308.2,301.8,0,301.8,0.9,1720.6,0,1720,0.7,0,3,-0.1,,,,
1624,73.4,74.1,103.4,0.8,46.7,305.7,300.1,0,300.1,0.9,1721.1,0,1700,0.7,0,0,-0.1,,,,
1667,73.9,74.9,104.7,0.4,46.6,302.7,299.9,0,299.9,0.9,1721.7,0,1700,0.7,0,0,-0.1,,,,
1701,74.3,75.6,105.3,0.2,46.5,301.5,300.1,0,300.1,0.9,1723.1,0,1700,0.7,0,3,-0.1,,,,
1752,75.1,76.7,105.8,0.1,46.4,300.8,300,0,300,0.9,1724,0,1720,0.7,0,0,-0.1,,,,
1794,75.7,77.7,105.9,0.1,46.2,300.4,300,0,300,0.9,1724.2,0,1740,0.7,0,0,-0.1,,,,
1824,76.2,78.4,106.1,0.1,46.1,300.1,299.9,0,299.9,0.9,1723,0,1740,0.7,0,3,-0.1,,,,
1851,76.6,79.2,106.1,0,46,299.9,299.8,0,299.8,0.9,1721.3,0,1740,0.7,0,0,-0.1,,,,
1881,77,80,106.1,0,45.8,299.8,299.9,0,299.9,0.9,1718.7,0,1740,0.7,0,0,-0.1,,,,
1914,77.4,81,105.9,-0.1,45.6,299.6,299.9,0,299.9,0.9,1715.6,0,1740,0.7,0,0,-0.1,,,,
1948,77.7,82.2,105.7,-0.1,45.3,299.4,300.1,0,300.1,0.9,1711.4,0,1720,0.6,0,0,-0.1,,,,
1989,78,83.8,105.5,-0.1,44.8,299.2,299.6,0,299.6,0.9,1706.1,0,1740,0.6,0,0,-0.1,,,,
2022,78.1,85.1,105.2,-0.2,44.1,298.8,299.4,0,299.4,0.9,1698.7,0,1740,0.6,0,0,-0.1,,,,
2057,78.1,86.5,104.8,-0.2,43.4,298.5,299.6,0,299.6,0.9,1690,0,1740,0.6,0,0,-0.1,,,,
2085,78,87.7,104.6,-0.1,42.7,298.1,298.9,0,298.9,0.9,1681.6,0,1720,0.6,0,0,-0.1,,,,
2132,77.7,89.8,104.2,-0.1,42.1,297.6,298.1,0,298.1,0.9,1674.6,0,1720,0.6,0,0,-0.1,,,,
2169,77.3,91.5,103.9,-0.1,40.6,296.5,297.3,0,297.3,0.9,1669,0,1740,0.6,0,0,-0.1,,,,
2200,76.9,93,103.8,-0.1,39.5,295.6,296.1,0,296.1,0.9,1659.4,0,1740,0.6,0,0,-0.1,,,,
2227,76.6,94.3,103.7,0,38.6,294.8,294.8,0,294.8,0.9,1653.8,0,1720,0.6,0,0,-0.1,,,,
2268,76.2,96.4,103.7,0,37.1,293.4,293.5,0,293.5,0.9,1650.6,0,1720,0.6,0,0,-0.1,,,,
2313,75.7,98.8,103.8,0,35.6,291.9,291.8,0,291.8,0.9,1647.3,0,1720,0.6,0,0,-0.1,,,,
2342,75.4,100.4,103.8,0,34.4,290.6,290.4,0,290.4,0.8,1646.6,0,1720,0.6,0,0,-0.1,,,,
2375,75,102.2,103.9,0.1,33.1,289.3,289.2,0,289.2,0.8,1647.8,0,1700,0.6,0,0,-0.1,,,,
2403,74.7,103.8,103.9,0,31.8,288,287.8,0,287.8,0.8,1649.8,0,1700,0.6,0,0,-0.1,,,,
2440,74.2,105.9,103.9,0,30.7,286.8,286.9,0,286.9,0.8,1652.3,0,1720,0.6,0,0,-0.1,,,,
2474,73.7,107.8,103.9,0,28.9,285.1,285.1,0,285.1,0.8,1654.3,0,1660,0.6,0,0,-0.1,,,,
2513,73.1,110.1,103.8,0,27.2,283.4,283.4,0,283.4,0.8,1656.8,0,1720,0.6,0,0,-0.1,,,,
2544,72.5,111.8,103.8,0,25.5,281.7,281.9,0,281.9,0.8,1657.9,0,1720,0.6,0,0,-0.1,,,,
2574,71.8,113.5,103.9,0,24.1,280.2,280.2,0,280.2,0.8,1657.2,0,1700,0.6,0,0,-0.1,,,,
2604,71.2,114.8,103.9,0.2,22.7,278.9,278.7,0,278.7,0.8,1655.2,0,1700,0.6,0,0,-0.1,,,,
2662,69.7,117.4,104.6,0,21.4,277.2,275.6,0,275.6,0.8,1652.2,0,1700,0.6,0,0,-0.1,,,,
2707,68.5,119.2,104.2,-0.5,19.1,274.5,274.7,0,274.7,0.8,1648.6,0,1700,0.6,0,0,-0.1,,,,
2747,67.4,120.2,102.2,-1.3,17.4,274,277.9,0,277.9,0.8,1644.8,0,1700,0.6,0,0,-0.1,,,,
2789,66.1,120.7,98.3,-1.7,16.5,276.6,284,0,284,0.8,1648.1,0,1740,0.6,0,0,-0.1,,,,
2825,65.3,120.8,95,-1.6,16.2,279.5,287,0,287,0.8,1656.6,0,1660,0.6,0,0,-0.1,,,,
2854,64.6,120.7,92.5,-1.3,16,281.9,288.8,0,288.8,0.8,1664.3,0,1700,0.6,0,0,-0.1,,,,
2880,64.2,120.7,90.8,-0.9,15.9,284.1,289.4,0,289.4,0.8,1670.5,0,1700,0.6,0,0,-0.1,,,,
2905,63.8,120.7,89.8,-0.6,15.8,285.5,289.2,0,289.2,0.8,1676.6,0,1700,0.6,0,0,-0.1,,,,
2932,63.6,120.6,89,-0.4,15.8,286.3,288.8,0,288.8,0.8,1680.8,0,1680,0.6,0,0,-0.1,,,,
2962,63.3,120.6,88.5,-0.2,15.8,287,288.6,0,288.6,0.8,1683.8,0,1700,0.6,0,0,-0.1,,,,
2990,63.2,120.6,88.4,-0.1,15.8,287.3,287.8,0,287.8,0.8,1686.3,0,1700,0.6,0,0,-0.1,,,,
3017,63.1,120.5,88.3,0,15.8,287.4,287.6,0,287.6,0.8,1688.3,0,1700,0.6,0,3,-0.1,,,,
3045,63.1,120.5,88.3,0,15.8,287.4,287.5,0,287.5,0.8,1689.3,0,1720,0.6,0,3,-0.1,,,,
3071,63.1,120.5,88.2,0,15.8,287.5,287.7,0,287.7,0.8,1689.8,0,1680,0.6,0,0,-0.1,,,,
3097,63.2,120.5,88.3,0,15.8,287.5,287.4,0,287.4,0.8,1689.9,0,1680,0.6,0,0,-0.1,,,,
3123,63.2,120.5,88.3,0,15.8,287.5,287.4,0,287.4,0.8,1689.7,0,1740,0.6,0,0,-0.1,,,,
3170,63.2,120.5,88.3,0,15.8,287.5,287.5,0,287.5,0.8,1689.4,0,1720,0.6,0,0,-0.1,,,,
3203,63.2,120.5,88.3,0,15.8,287.5,287.4,0,287.4,0.8,1689.2,0,1740,0.6,0,0,-0.1,,,,
3245,63.2,120.5,88.3,0,15.8,287.5,287.5,0,287.5,0.8,1689.2,0,1700,0.6,0,0,-0.1,,,,
3279,63.2,120.5,88.3,0,15.8,287.5,287.5,0,287.5,0.8,1689.3,0,1720,0.6,0,3,-0.1,,,,
3331,63.2,120.5,88.3,0,15.8,287.5,287.6,0,287.6,0.8,1689.3,0,1720,0.6,0,0,-0.1,,,,
3367,63.2,120.5,88.3,0,15.8,287.5,287.5,0,287.5,0.8,1689.3,0,1700,0.6,0,0,-0.1,,,,
3406,63.2,120.6,88.3,0,15.8,287.5,287.5,0,287.5,0.8,1689.3,0,1720,0.6,0,0,-0.1,,,,
3440,63.2,120.7,88.2,0,15.7,287.5,287.5,0,287.5,0.8,1689.3,0,1720,0.6,0,0,-0.1,,,,
3467,63.2,120.8,88.2,0,15.6,287.4,287.6,0,287.6,0.8,1689.2,0,1720,0.6,0,0,-0.1,,,,
3509,63.2,121.2,88.1,0,15.5,287.3,287.5,0,287.5,0.8,1689.2,0,1700,0.6,0,0,-0.1,,,,
3533,63.3,121.5,88.1,-0.1,15.2,287.1,287.1,0,287.1,0.8,1689.1,0,1700,0.6,0,0,-0.1,,,,
3558,63.3,121.8,87.8,-0.3,15,287,287.6,0,287.6,0.8,1688.9,0,1700,0.6,0,0,-0.1,,,,
3584,63.2,122.1,87.1,-0.5,14.8,287.2,289.1,0,289.1,0.8,1688.9,0,1700,0.6,0,0,-0.1,,,,
3615,63.1,122.3,86.1,-0.5,14.6,288,290.6,0,290.6,0.9,1689.3,0,1700,0.6,0,0,-0.1,,,,
3643,63,122.4,85.3,-0.5,14.5,288.6,290.9,0,290.9,0.9,1690.4,0,1680,0.6,0,0,-0.1,,,,
3691,62.8,122.5,84,-0.5,14.3,289.4,291.4,0,291.4,0.9,1691.8,0,1700,0.6,0,0,-0.1,,,,
3726,62.7,122.5,83.2,-0.4,14.2,290.6,292.6,0,292.6,0.9,1693.4,0,1680,0.6,0,0,-0.1,,,,
3775,62.5,122.4,82.4,-0.3,14.2,291.3,292.7,0,292.7,0.9,1695.9,0,1700,0.6,0,0,-0.1,,,,
3807,62.4,122.3,81.9,-0.2,14.3,292,293.2,0,293.2,0.9,1697.5,0,1720,0.6,0,3,-0.1,,,,
3862,62.3,122,81.3,-0.1,14.4,293,293.8,0,293.8,0.9,1699.2,0,1740,0.6,0,0,-0.1,,,,
3891,62.2,121.9,81.2,0,14.5,293.2,293.6,0,293.6,0.9,1700.6,0,1680,0.6,0,0,-0.1,,,,
3920,62.2,121.8,81.2,0,14.6,293.4,293.3,0,293.3,0.9,1701.1,0,1700,0.6,0,0,-0.1,,,,
3953,62.2,121.7,81.2,0,14.7,293.5,293.4,0,293.4,0.9,1701.3,0,1720,0.6,0,0,-0.1,,,,
3987,62.2,121.6,81.2,0,14.7,293.5,293.5,0,293.5,0.9,1701.4,0,1720,0.6,0,0,-0.1,,,,
4035,62.2,121.6,81.2,0,14.8,293.5,293.4,0,293.4,0.9,1701.5,0,1740,0.6,0,0,-0.1,,,,
4063,62.2,121.6,81.2,0,14.8,293.5,293.6,0,293.6,0.9,1701.5,0,1740,0.6,0,0,-0.1,,,,
4087,62.2,121.6,81.2,0,14.8,293.6,293.6,0,293.6,0.9,1701.6,0,1740,0.6,0,0,-0.1,,,,
4111,62.2,121.6,81.2,0,14.7,293.5,293.5,0,293.5,0.9,1701.6,0,1740,0.6,0,0,-0.1,,,,
4138,62.2,121.6,81.2,0,14.7,293.5,293.5,0,293.5,0.9,1701.6,0,1720,0.6,0,0,-0.1,,,,
4166,62.2,121.7,81.2,0,14.7,293.5,293.6,0,293.6,0.9,1701.6,0,1740,0.6,0,0,-0.1,,,,
4213,62.2,121.7,81.2,0,14.7,293.5,293.6,0,293.6,0.9,1701.6,0,1740,0.6,0,0,-0.1,,,,
4245,62.2,121.7,81.2,0,14.7,293.5,293.5,0,293.5,0.9,1701.5,0,1720,0.6,0,0,-0.1,,,,
4294,62.2,121.7,81.3,0,14.7,293.5,293.3,0,293.3,0.9,1701.5,0,1760,0.6,0,0,-0.1,,,,
4327,62.1,121.7,81.2,0,14.7,293.4,293.5,0,293.5,0.9,1701.6,0,1740,0.6,0,0,-0.1,,,,
4375,62,121.7,81.1,-0.1,14.7,293.6,293.9,0,293.9,0.9,1702.1,0,1760,0.6,0,0,-0.1,,,,
4406,61.9,121.7,80.9,-0.1,14.7,293.6,294,0,294,0.9,1703.2,0,1720,0.6,0,0,-0.1,,,,
4437,61.8,121.7,80.7,-0.1,14.6,293.8,294.4,0,294.4,0.9,1704.2,0,1760,0.6,0,0,-0.1,,,,
4460,61.7,121.8,80.6,-0.1,14.6,293.9,294.2,0,294.2,0.9,1705.4,0,1760,0.6,0,0,-0.1,,,,
4490,61.6,121.9,80.5,-0.1,14.5,293.9,294.4,0,294.4,0.9,1706.3,0,1740,0.6,0,3,-0.1,,,,
4526,61.5,122.1,80.3,-0.1,14.4,293.9,294.4,0,294.4,0.9,1707.3,0,1740,0.6,0,0,-0.1,,,,
4567,61.4,122.4,80.3,0,14.2,293.9,293.9,0,293.9,0.9,1708.2,0,1720,0.6,0,0,-0.1,,,,
4590,61.4,122.6,80.4,0.2,14,293.6,293.3,0,293.3,0.9,1709.2,0,1720,0.6,0,0,-0.1,,,,
4616,61.4,122.8,80.5,0,13.8,293.4,293.1,0,293.1,0.9,1709.7,0,1700,0.6,0,0,-0.1,,,,
4642,61.4,122.9,80.4,-0.1,13.7,293.2,293.3,0,293.3,0.9,1709.8,0,1720,0.6,0,0,-0.1,,,,
4666,61.4,123,80.3,-0.1,13.6,293.2,293.6,0,293.6,0.9,1709.9,0,1720,0.6,0,0,-0.1,,,,
4720,61.3,123,80.3,0,13.6,293.3,293.5,0,293.5,0.9,1710.1,0,1720,0.6,0,0,-0.1,,,,
4755,61.3,123,80.4,0,13.6,293.3,293.2,0,293.2,0.9,1710.4,0,1720,0.6,0,3,-0.1,,,,
4796,61.3,122.9,80.5,0.2,13.6,293.3,293.1,0,293.1,0.9,1710.5,0,1720,0.6,0,0,-0.1,,,,
4835,61.2,122.9,81.3,0.8,13.7,293,292,0,292,0.9,1710.6,0,1720,0.6,0,0,-0.1,,,,
4886,61,122.7,84.7,1.4,13.8,290.3,284.6,0,284.6,0.8,1710.9,0,1720,0.6,0,3,-0.1,,,,
4914,60.8,122.6,87.3,1.7,13.8,288,281.2,0,281.2,0.8,1711.7,0,1720,0.6,0,0,-0.1,,,,
4944,60.5,122.4,90.2,1.8,13.9,285.3,277.4,0,277.4,0.8,1712.7,0,1720,0.6,0,0,-0.1,,,,
4976,60.1,122.3,93.8,1.8,14,282.2,273.7,0,273.7,0.8,1714.2,0,1700,0.6,0,0,-0.1,,,,
5009,59.6,122.1,96.3,1.2,14,279,272.4,0,272.4,0.8,1716.4,0,1700,0.6,0,3,-0.1,,,,
5042,59.1,122,98.2,0.9,14,276.8,272.4,0,272.4,0.8,1719.3,0,1740,0.6,0,0,-0.1,,,,
5076,58.6,121.9,99.9,0.9,14,275,271.2,0,271.2,0.8,1723.1,0,1720,0.6,0,0,-0.1,,,,
5105,58.3,121.9,101.9,1.3,14,273.6,268.9,0,268.9,0.8,1727.4,0,1720,0.6,0,3,-0.1,,,,
5135,58,121.8,104.4,1.7,14,271.1,264.9,0,264.9,0.8,1730.2,0,1740,0.6,0,0,-0.1,,,,
5169,57.8,121.7,107.9,2,14,268.1,259.3,0,259.3,0.8,1732.5,0,1720,0.6,0,0,-0.1,,,,
5200,57.6,121.7,111.4,1.7,14,264.2,255.6,0,255.6,0.7,1734,0,1720,0.6,0,0,-0.1,,,,
5246,57.4,121.6,114.4,0.7,14,261.7,254.8,0,254.8,0.7,1734.9,0,1720,0.6,0,0,-0.1,,,,
5276,57.3,121.6,115.2,0.4,14,259.2,256.6,0,256.6,0.7,1735.5,0,1740,0.6,0,0,-0.1,,,,
5308,57.2,121.6,115.6,0.1,13.9,258.5,257.5,0,257.5,0.7,1736.7,0,1740,0.6,0,0,-0.1,,,,
5333,57.2,121.7,115.5,-0.2,13.9,258.3,258.4,0,258.4,0.7,1737.2,0,1740,0.6,0,3,-0.1,,,,
5368,57.2,121.7,115.2,-0.1,13.9,258.5,259.2,0,259.2,0.8,1737.7,0,1720,0.6,0,0,-0.1,,,,
5414,57.2,121.7,115.2,0,13.9,258.8,258.8,0,258.8,0.7,1737.7,0,1760,0.6,0,3,-0.1,,,,
5442,57.2,121.7,115.3,0,13.9,258.7,258.3,0,258.3,0.7,1737.6,0,1740,0.6,0,0,-0.1,,,,
5478,57.2,121.7,115.3,0,13.9,258.6,258.4,0,258.4,0.7,1737.5,0,1760,0.6,0,0,-0.1,,,,
5507,57.2,121.7,115.3,0,13.9,258.6,258.8,0,258.8,0.7,1737.5,0,1760,0.6,0,0,-0.1,,,,
5547,57.2,121.7,115.2,0,13.9,258.7,258.8,0,258.8,0.7,1737.5,0,1760,0.6,0,0,-0.1,,,,
5577,57.3,121.6,115.2,0,13.9,258.7,258.8,0,258.8,0.7,1737.5,0,1760,0.6,0,0,-0.1,,,,
5608,57.3,121.6,115.1,-0.1,14,258.8,259,0,259,0.8,1737.3,0,1760,0.6,0,3,-0.1,,,,
5645,57.4,121.6,114.2,-0.6,14,259.2,260.5,0,260.5,0.8,1736.9,0,1760,0.6,0,3,-0.1,,,,
5676,57.5,121.6,112.9,-0.9,14,260.4,263.8,0,263.8,0.8,1736.4,0,1760,0.6,0,3,-0.1,,,,
5701,57.7,121.5,111.6,-0.9,14.1,261.6,265.5,0,265.5,0.8,1735.8,0,1760,0.6,0,0,-0.1,,,,
5755,58.1,121.4,109.3,-0.6,14.1,263.2,266.9,0,266.9,0.8,1735.2,0,1760,0.6,0,0,-0.1,,,,
5787,58.4,121.4,108.3,-0.5,14.3,265.5,267.9,0,267.9,0.8,1734,0,1760,0.6,0,0,-0.1,,,,
5822,58.8,121.3,107.5,-0.3,14.4,266.5,268.4,0,268.4,0.8,1730.7,0,1760,0.6,0,0,-0.1,,,,
5848,59.1,121.2,107.1,-0.2,14.5,267.2,268.4,0,268.4,0.8,1727.9,0,1760,0.6,0,0,-0.1,,,,
5882,59.6,121.2,106.8,-0.1,14.6,267.7,268.3,0,268.3,0.8,1724.5,0,1760,0.6,0,0,-0.1,,,,
5941,60.6,121,106.7,0,14.9,268.1,268.3,0,268.3,0.8,1720.6,0,1760,0.6,0,0,-0.1,,,,
5977,61.2,120.9,106.8,0.1,15.1,268.3,268.2,0,268.2,0.8,1713.1,0,1760,0.6,0,0,-0.1,,,,
6008,61.7,120.9,107,0.1,15.2,268.4,267.9,0,267.9,0.8,1705.6,0,1760,0.6,0,0,-0.1,,,,
6037,62,120.8,107.1,0,15.3,268.3,268.1,0,268.1,0.8,1700.3,0,1780,0.6,0,0,-0.1,,,,
6065,62.2,120.7,107,-0.1,15.5,268.4,268.6,0,268.6,0.8,1696.6,0,1740,0.6,0,3,-0.1,,,,
6090,62.4,120.6,107,0,15.6,268.6,268.6,0,268.6,0.8,1693.3,0,1740,0.6,0,0,-0.1,,,,
6117,62.4,120.6,107,0,15.6,268.6,268.6,0,268.6,0.8,1691.5,0,1760,0.6,0,0,-0.1,,,,
6144,62.5,120.5,107,0,15.7,268.7,268.5,0,268.5,0.8,1690.6,0,1760,0.6,0,0,-0.1,,,,
6169,62.5,120.5,107,0,15.7,268.7,268.6,0,268.6,0.8,1690.1,0,1760,0.6,0,3,-0.1,,,,
6209,62.4,120.4,107,0,15.7,268.7,268.7,0,268.7,0.8,1690,0,1760,0.6,0,0,-0.1,,,,
6233,62.4,120.4,107.1,0,15.8,268.7,268.5,0,268.5,0.8,1690,0,1760,0.6,0,0,-0.1,,,,
6283,62.4,120.4,107,0,15.8,268.7,268.7,0,268.7,0.8,1690.2,0,1800,0.6,0,0,-0.1,,,,
6327,62.4,120.5,107,0,15.8,268.7,268.8,0,268.8,0.8,1690.3,0,1760,0.6,0,0,-0.1,,,,
6353,62.4,120.5,107,0,15.7,268.7,268.7,0,268.7,0.8,1690.3,0,1760,0.6,0,0,-0.1,,,,
6384,62.4,120.5,107,0,15.7,268.7,268.8,0,268.8,0.8,1690.3,0,1760,0.6,0,0,-0.1,,,,
6446,62.4,120.8,107,0,15.6,268.6,268.5,0,268.5,0.8,1690.4,0,1740,0.6,0,3,-0.1,,,,
6476,62.3,120.9,107,0,15.5,268.5,268.5,0,268.5,0.8,1690.8,0,1740,0.6,0,0,-0.1,,,,
6509,62.3,121.1,106.9,0,15.3,268.4,268.6,0,268.6,0.8,1691.1,0,1780,0.6,0,0,-0.1,,,,
6544,62.2,121.2,106.8,-0.1,15.2,268.4,268.7,0,268.7,0.8,1691.7,0,1740,0.6,0,0,-0.1,,,,
6568,62.1,121.2,106.7,-0.1,15.2,268.5,268.8,0,268.8,0.8,1692.3,0,1740,0.6,0,0,-0.1,,,,
6590,62.1,121.2,106.6,-0.1,15.2,268.6,268.9,0,268.9,0.8,1693,0,1740,0.6,0,0,-0.1,,,,
6615,62.1,121.1,106.5,0,15.2,268.6,268.8,0,268.8,0.8,1693.6,0,1720,0.6,0,0,-0.1,,,,
6640,62.1,121.1,106.5,0,15.2,268.7,269,0,269,0.8,1693.8,0,1720,0.6,0,0,-0.1,,,,
6667,62.1,121.1,106.5,0,15.2,268.7,268.6,0,268.6,0.8,1693.8,0,1740,0.6,0,0,-0.1,,,,
6692,62.1,121.1,106.6,0,15.2,268.7,268.6,0,268.6,0.8,1693.6,0,1740,0.6,0,0,-0.1,,,,
6716,62.1,121,106.6,0,15.3,268.7,268.5,0,268.5,0.8,1693.4,0,1740,0.6,0,3,-0.1,,,,
6749,62.1,121,106.6,0,15.3,268.7,268.6,0,268.6,0.8,1693.3,0,1740,0.6,0,0,-0.1,,,,
6806,62.2,121.1,106.6,0,15.3,268.6,268.5,0,268.5,0.8,1693.2,0,1740,0.6,0,0,-0.1,,,,
6843,62.1,121.1,106.5,0,15.2,268.7,268.8,0,268.8,0.8,1693.2,0,1760,0.6,0,0,-0.1,,,,
6875,62.1,121.2,106.4,-0.1,15.2,268.7,268.9,0,268.9,0.8,1693.2,0,1720,0.6,0,0,-0.1,,,,
6903,62.1,121.3,106.4,-0.1,15.1,268.7,269,0,269,0.8,1693.4,0,1700,0.6,0,0,-0.1,,,,
6956,62,121.4,105.9,-0.2,15,268.9,269.6,0,269.6,0.8,1693.8,0,1740,0.6,0,3,-0.1,,,,
6992,61.9,121.4,105.6,-0.1,15,269.2,269.9,0,269.9,0.8,1694.8,0,1700,0.6,0,0,-0.1,,,,
7030,61.8,121.5,105.3,-0.1,14.9,269.4,270.1,0,270.1,0.8,1695.5,0,1700,0.6,0,0,-0.1,,,,
7067,61.8,121.5,105.1,-0.1,14.9,269.7,270.3,0,270.3,0.8,1696.1,0,1700,0.6,0,0,-0.1,,,,
7101,61.7,121.5,104.9,-0.1,14.9,269.9,270.4,0,270.4,0.8,1697,0,1700,0.6,0,0,-0.1,,,,
7133,61.7,121.4,104.8,0,14.9,270.1,270.3,0,270.3,0.8,1697.7,0,1700,0.6,0,0,-0.1,,,,
7163,61.7,121.4,104.8,0,14.9,270.1,270.1,0,270.1,0.8,1698.2,0,1700,0.6,0,0,-0.1,,,,
7188,61.7,121.4,104.8,0,14.9,270.1,270,0,270,0.8,1698.3,0,1700,0.6,0,0,-0.1,,,,
7213,61.7,121.5,104.8,-0.1,14.9,270.1,270.3,0,270.3,0.8,1698.4,0,1700,0.6,0,0,-0.1,,,,
7242,61.7,121.5,104.7,0,14.9,270.1,270.4,0,270.4,0.8,1698.4,0,1700,0.6,0,0,-0.1,,,,
7272,61.7,121.5,104.7,0,14.9,270.2,270.4,0,270.4,0.8,1698.4,0,1680,0.6,0,0,-0.1,,,,
7330,61.7,121.4,104.8,0,14.9,270.2,270,0,270,0.8,1698.5,0,1700,0.6,0,0,-0.1,,,,
7367,61.6,121.4,104.7,0,14.9,270.2,270.2,0,270.2,0.8,1698.6,0,1720,0.6,0,0,-0.1,,,,
7396,61.6,121.3,104.7,0,14.9,270.2,270.3,0,270.3,0.8,1698.8,0,1700,0.6,0,0,-0.1,,,,
7422,61.5,121.3,104.7,0,14.9,270.2,270.3,0,270.3,0.8,1699.2,0,1700,0.6,0,0,-0.1,,,,
7476,61.5,121.4,104.6,0,14.9,270.3,270.4,0,270.4,0.8,1699.5,0,1700,0.6,0,0,-0.1,,,,
7503,61.4,121.4,104.6,0,14.9,270.3,270.3,0,270.3,0.8,1700.4,0,1720,0.6,0,3,-0.1,,,,
7536,61.3,121.4,104.5,0,14.9,270.3,270.4,0,270.4,0.8,1700.9,0,1720,0.6,0,0,-0.1,,,,
7571,61.3,121.5,104.3,-0.1,14.8,270.4,270.7,0,270.7,0.8,1701.7,0,1700,0.6,0,0,-0.1,,,,
7603,61.2,121.7,104.1,-0.1,14.7,270.5,270.9,0,270.9,0.8,1702.4,0,1720,0.6,0,0,-0.1,,,,
7636,61.2,121.8,103.8,-0.2,14.6,270.6,271.2,0,271.2,0.8,1702.8,0,1700,0.6,0,0,-0.1,,,,
7664,61.1,121.9,103.4,-0.2,14.5,270.9,272,0,272,0.8,1703.3,0,1700,0.6,0,3,-0.1,,,,
7700,61,121.9,103,-0.2,14.5,271.3,272.4,0,272.4,0.8,1703.9,0,1720,0.6,0,0,-0.1,,,,
7734,60.9,122,102.6,-0.1,14.4,271.6,272.6,0,272.6,0.8,1704.9,0,1700,0.6,0,0,-0.1,,,,
7764,60.8,122,102.3,-0.2,14.4,271.9,272.7,0,272.7,0.8,1706.2,0,1700,0.6,0,0,-0.1,,,,
7796,60.6,122.1,101.9,-0.2,14.3,272.1,273,0,273,0.8,1707.6,0,1700,0.6,0,0,-0.1,,,,
7858,60.3,122.3,101.4,-0.3,14.2,272.4,272.8,0,272.8,0.8,1708.9,0,1700,0.6,0,0,-0.1,,,,
7892,60.1,122.4,100.8,-0.3,14,272.9,274.2,0,274.2,0.8,1711.3,0,1700,0.6,0,3,-0.1,,,,
7923,59.9,122.5,100.3,-0.3,13.9,273.3,274.7,0,274.7,0.8,1714.4,0,1720,0.6,0,0,-0.1,,,,
7950,59.7,122.5,99.9,-0.2,13.8,273.6,274.8,0,274.8,0.8,1716.3,0,1700,0.6,0,3,-0.1,,,,
8001,59.4,122.6,99.3,-0.1,13.7,274.3,275.1,0,275.1,0.8,1717.9,0,1700,0.6,0,3,-0.1,,,,
8033,59.2,122.6,99.2,-0.1,13.7,274.4,274.7,0,274.7,0.8,1721.2,0,1720,0.6,0,3,-0.1,,,,
8069,58.9,122.7,98.9,-0.2,13.6,274.5,275,0,275,0.8,1723.1,0,1720,0.6,0,0,-0.1,,,,
8098,58.7,122.8,98.6,-0.2,13.5,274.7,275.3,0,275.3,0.8,1725.3,0,1740,0.6,0,0,-0.1,,,,
8129,58.6,122.9,98.3,-0.1,13.4,275,275.6,0,275.6,0.8,1727.5,0,1740,0.6,0,0,-0.1,,,,
8161,58.5,123.1,98,-0.2,13.2,275.1,275.9,0,275.9,0.8,1729.3,0,1740,0.6,0,0,-0.1,,,,
8189,58.4,123.2,97.4,-0.4,13.1,275.3,276.8,0,276.8,0.8,1730.4,0,1740,0.6,0,0,-0.1,,,,
8224,58.3,123.3,96.7,-0.3,13,276,277.6,0,277.6,0.8,1731.2,0,1740,0.6,0,0,-0.1,,,,
8258,58.1,123.4,96.1,-0.3,12.9,276.6,278,0,278,0.8,1732.3,0,1740,0.6,0,0,-0.1,,,,
8290,58.1,123.5,95.6,-0.2,12.9,277,278.2,0,278.2,0.8,1733.7,0,1740,0.6,0,0,-0.1,,,,
8330,58,123.5,95.3,-0.1,12.8,277.4,278.2,0,278.2,0.8,1734.8,0,1740,0.6,0,0,-0.1,,,,
8392,58,123.4,95.4,0.1,12.8,277.6,277.6,0,277.6,0.8,1735.6,0,1740,0.6,0,0,-0.1,,,,
8427,58,123.3,95.6,0.1,12.9,277.4,277,0,277,0.8,1736,0,1760,0.6,0,0,-0.1,,,,
8455,58,123.2,95.7,0.1,13,277.3,277.1,0,277.1,0.8,1735.9,0,1740,0.6,0,0,-0.1,,,,
8492,58.1,123.1,95.8,0,13,277.3,277.1,0,277.1,0.8,1735.6,0,1760,0.6,0,0,-0.1,,,,
8531,58.1,123.1,95.8,0,13.1,277.3,277.3,0,277.3,0.8,1735.4,0,1760,0.6,0,3,-0.1,,,,
8564,58,123.1,95.9,0.1,13.1,277.2,277,0,277,0.8,1735.4,0,1760,0.6,0,0,-0.1,,,,
8600,58,123.2,96.6,0.5,13.1,277,275.8,0,275.8,0.8,1735.4,0,1760,0.6,0,0,-0.1,,,,
8626,58.1,123.2,97.6,0.7,13,276,273.1,0,273.1,0.8,1735.4,0,1760,0.6,0,0,-0.1,,,,
8656,58,123.2,99,0.9,13,274.8,271.3,0,271.3,0.8,1735,0,1760,0.6,0,0,-0.1,,,,
8681,58,123.1,100.4,1.2,13.1,273.6,269.1,0,269.1,0.8,1734.6,0,1760,0.6,0,3,-0.1,,,,
8708,58,123,102.1,0.9,13.1,272,266.6,0,266.6,0.8,1734.4,0,1760,0.6,0,0,-0.1,,,,
8737,58,122.8,104,1.1,13.2,270.3,265.5,0,265.5,0.8,1734.2,0,1760,0.6,0,0,-0.1,,,,
8765,58,122.7,105.5,0.8,13.3,268.6,264,0,264,0.8,1733.6,0,1760,0.6,0,0,-0.1,,,,
8794,58,122.6,106.3,0.4,13.4,267.6,264.6,0,264.6,0.8,1733.1,0,1740,0.6,0,3,-0.1,,,,
8826,58,122.4,106.7,0.1,13.5,267,265.9,0,265.9,0.8,1732.8,0,1760,0.6,0,3,-0.1,,,,
8856,58,122.3,106.8,0,13.6,266.8,266.8,0,266.8,0.8,1732.7,0,1760,0.6,0,0,-0.1,,,,
8899,58,122.3,106.6,-0.1,13.6,266.9,267.1,0,267.1,0.8,1732.6,0,1760,0.6,0,0,-0.1,,,,
8929,58,122.2,106.5,-0.1,13.7,267.1,267.4,0,267.4,0.8,1732.6,0,1780,0.6,0,0,-0.1,,,,
8954,58.1,122.2,106.4,0,13.7,267.2,267.5,0,267.5,0.8,1732.6,0,1780,0.6,0,3,-0.1,,,,
8981,58.1,122.2,106.4,0,13.7,267.3,267.5,0,267.5,0.8,1732.5,0,1760,0.6,0,0,-0.1,,,,
9014,58,122.2,106.5,0,13.7,267.3,267.2,0,267.2,0.8,1732.5,0,1760,0.6,0,0,-0.1,,,,
9052,58,122.3,106.5,0,13.7,267.2,267.1,0,267.1,0.8,1732.5,0,1760,0.6,0,0,-0.1,,,,
9083,58,122.3,106.5,0,13.7,267.1,267.1,0,267.1,0.8,1732.6,0,1760,0.6,0,3,-0.1,,,,
9113,58,122.3,106.6,0.1,13.6,267.1,266.8,0,266.8,0.8,1732.6,0,1760,0.6,0,0,-0.1,,,,
9143,58,122.3,106.7,0,13.6,267,266.8,0,266.8,0.8,1732.7,0,1760,0.6,0,0,-0.1,,,,
9173,58,122.4,106.6,-0.1,13.6,266.9,266.9,0,266.9,0.8,1732.6,0,1780,0.6,0,0,-0.1,,,,
9204,58,122.6,106.5,-0.1,13.5,267,267.3,0,267.3,0.8,1732.6,0,1760,0.6,0,0,-0.1,,,,
9228,58.1,122.7,106.3,-0.1,13.4,267,267.5,0,267.5,0.8,1732.6,0,1760,0.6,0,0,-0.1,,,,
9251,58.1,122.9,106.2,-0.1,13.3,267,267.5,0,267.5,0.8,1732.4,0,1760,0.6,0,0,-0.1,,,,
9276,58.1,123.2,106,0,13.2,267,267.6,0,267.6,0.8,1732.2,0,1740,0.6,0,0,-0.1,,,,
9305,58.1,123.5,106.4,0.3,13,266.9,266.1,0,266.1,0.8,1731.9,0,1760,0.6,0,0,-0.1,,,,
9333,58,123.6,106.7,0,12.8,266.2,265.2,0,265.2,0.8,1731.6,0,1760,0.6,0,0,-0.1,,,,
9367,57.9,123.6,106.4,-0.2,12.7,266.1,266.6,0,266.6,0.8,1731.7,0,1740,0.6,0,0,-0.1,,,,
9414,57.9,123.6,105.9,-0.1,12.7,266.5,267.7,0,267.7,0.8,1732.4,0,1720,0.6,0,0,-0.1,,,,
9452,57.9,123.6,105.8,0,12.7,266.8,266.9,0,266.9,0.8,1733.1,0,1740,0.6,0,0,-0.1,,,,
9483,57.8,123.6,105.7,0,12.7,266.9,267.2,0,267.2,0.8,1733.6,0,1740,0.6,0,0,-0.1,,,,
9521,57.8,123.7,105.5,-0.1,12.7,267.1,267.5,0,267.5,0.8,1733.8,0,1720,0.6,0,0,-0.1,,,,
9562,57.7,123.7,105.2,-0.1,12.7,267.3,267.9,0,267.9,0.8,1734.2,0,1740,0.6,0,0,-0.1,,,,
9587,57.7,123.7,105,-0.2,12.6,267.5,268.3,0,268.3,0.8,1734.6,0,1740,0.6,0,0,-0.1,,,,
9610,57.7,123.7,104.8,-0.2,12.6,267.7,268.4,0,268.4,0.8,1735,0,1740,0.6,0,0,-0.1,,,,
9640,57.6,123.8,104.5,-0.2,12.6,267.9,268.7,0,268.7,0.8,1735.4,0,1740,0.6,0,0,-0.1,,,,
9664,57.5,123.8,104.3,-0.2,12.6,268.2,268.9,0,268.9,0.8,1735.9,0,1740,0.6,0,0,-0.1,,,,
9692,57.5,123.8,104,-0.2,12.5,268.4,269.1,0,269.1,0.8,1736.4,0,1720,0.6,0,3,-0.1,,,,
9719,57.5,123.9,103.7,-0.2,12.5,268.6,269.3,0,269.3,0.8,1736.9,0,1720,0.6,0,3,-0.1,,,,
9747,57.4,123.9,103.5,-0.2,12.5,268.8,269.5,0,269.5,0.8,1737.3,0,1740,0.6,0,0,-0.1,,,,
9775,57.4,123.9,103.2,-0.1,12.4,269.1,269.8,0,269.8,0.8,1737.7,0,1740,0.6,0,0,-0.1,,,,
9813,57.3,123.9,102.9,-0.1,12.4,269.4,270,0,270,0.8,1738.3,0,1720,0.6,0,3,-0.1,,,,
9848,57.3,124,102.7,0,12.4,269.6,270.1,0,270.1,0.8,1738.8,0,1720,0.6,0,3,-0.1,,,,
9881,57.3,123.9,102.7,-0.1,12.4,269.7,269.9,0,269.9,0.8,1739.3,0,1740,0.6,0,3,-0.1,,,,
9932,57.3,123.7,102.6,0,12.5,269.8,269.9,0,269.9,0.8,1739.4,0,1740,0.6,0,0,-0.1,,,,
9962,57.3,123.6,102.7,0,12.6,270,269.9,0,269.9,0.8,1739.3,0,1760,0.6,0,0,-0.1,,,,
9990,57.4,123.5,102.7,0,12.7,270,270,0,270,0.8,1739.1,0,1760,0.6,0,0,-0.1,,,,
10035,57.4,123.5,102.7,0,12.7,270,270.1,0,270.1,0.8,1739,0,1760,0.6,0,0,-0.1,,,,
10088,57.3,123.5,103.3,0.4,12.7,269.8,268.8,0,268.8,0.8,1738.9,0,1760,0.6,0,0,-0.1,,,,
10138,57.4,123.4,104.9,0.5,12.7,268.7,266.1,0,266.1,0.8,1738.9,0,1780,0.6,0,3,-0.1,,,,
10181,57.4,123.4,105.9,0.1,12.8,267.3,265,0,265,0.8,1738.5,0,1760,0.6,0,0,-0.1,,,,
10211,57.5,123.4,105.7,-0.2,12.8,266.9,267.5,0,267.5,0.8,1737.9,0,1780,0.6,0,0,-0.1,,,,
10241,57.5,123.5,105.4,-0.2,12.8,267.1,267.7,0,267.7,0.8,1737.2,0,1760,0.6,0,0,-0.1,,,,
10272,57.5,123.7,105,-0.2,12.7,267.5,268.6,0,268.6,0.8,1737.1,0,1740,0.6,0,0,-0.1,,,,
10298,57.5,123.9,104.6,-0.2,12.6,267.7,268.8,0,268.8,0.8,1736.9,0,1760,0.6,0,3,-0.1,,,,
10327,57.4,123.9,104.2,-0.2,12.5,268,269.1,0,269.1,0.8,1736.9,0,1760,0.6,0,0,-0.1,,,,
10356,57.3,124,103.7,-0.3,12.4,268.4,269.6,0,269.6,0.8,1737.2,0,1740,0.6,0,0,-0.1,,,,
10383,57.2,124,103.3,-0.2,12.4,268.8,270,0,270,0.8,1738,0,1760,0.6,0,0,-0.1,,,,
10412,57.2,124,103,-0.2,12.3,269.2,270.1,0,270.1,0.8,1738.9,0,1740,0.6,0,0,-0.1,,,,
10466,57.1,124.1,102.5,-0.1,12.3,269.4,270.3,0,270.3,0.8,1739.5,0,1740,0.6,0,0,-0.1,,,,
10503,57.1,124.1,102.4,0,12.3,269.8,269.9,0,269.9,0.8,1740,0,1720,0.6,0,3,-0.1,,,,
10545,57.1,124.1,102.5,0,12.3,269.8,269.7,0,269.7,0.8,1740.8,0,1740,0.6,0,0,-0.1,,,,
10587,57.1,124.1,102.5,0,12.3,269.8,269.7,0,269.7,0.8,1740.9,0,1740,0.6,0,0,-0.1,,,,
10615,57.1,124.1,102.5,0,12.3,269.8,269.8,0,269.8,0.8,1740.8,0,1740,0.6,0,0,-0.1,,,,
10643,57.1,124.1,102.5,0,12.3,269.8,269.8,0,269.8,0.8,1740.8,0,1740,0.6,0,0,-0.1,,,,
10676,57.1,124.1,102.5,0,12.3,269.8,269.8,0,269.8,0.8,1740.8,0,1720,0.6,0,0,-0.1,,,,
10707,57.1,124.1,102.4,0,12.3,269.8,269.8,0,269.8,0.8,1740.9,0,1740,0.6,0,3,-0.1,,,,
10742,57.1,124.1,102.5,0,12.3,269.8,269.7,0,269.7,0.8,1740.9,0,1760,0.6,0,0,-0.1,,,,
10772,57.1,124,102.5,0,12.3,269.8,269.7,0,269.7,0.8,1740.9,0,1760,0.6,0,7,-0.1,,,,
10798,57.1,124,102.6,0,12.3,269.8,269.6,0,269.6,0.8,1740.9,0,1780,0.6,0,3,-0.1,,,,
10825,57.1,123.9,102.6,0,12.4,269.8,269.8,0,269.8,0.8,1740.8,0,1780,0.6,0,0,-0.1,,,,
10853,57.1,123.7,102.6,0,12.5,269.9,269.7,0,269.7,0.8,1740.7,0,1780,0.6,0,3,-0.1,,,,
10880,57.1,123.6,102.7,0,12.6,269.9,269.7,0,269.7,0.8,1740.7,0,1780,0.6,0,3,-0.1,,,,
10910,57.2,123.5,102.7,0,12.6,269.9,269.9,0,269.9,0.8,1740.6,0,1800,0.6,0,0,-0.1,,,,
10939,57.2,123.5,102.7,0,12.7,270,269.9,0,269.9,0.8,1740.5,0,1800,0.6,0,0,-0.1,,,,
10991,57.2,123.5,102.7,0,12.7,270,270.1,0,270.1,0.8,1740.5,0,1820,0.6,0,0,-0.1,,,,
11021,57.2,123.5,102.7,0,12.7,270.1,270,0,270,0.8,1740.4,0,1820,0.6,0,0,-0.1,,,,
11061,57.2,123.5,102.7,0,12.7,270,270,0,270,0.8,1740.4,0,1800,0.6,0,0,-0.1,,,,
11108,57.2,123.5,102.7,0,12.7,270,270.1,0,270.1,0.8,1740.4,0,1820,0.6,0,0,-0.1,,,,
11138,57.2,123.5,102.6,0,12.7,270,270.1,0,270.1,0.8,1740.5,0,1800,0.6,0,3,-0.1,,,,
11169,57.2,123.5,102.6,0,12.7,270,270.1,0,270.1,0.8,1740.5,0,1820,0.6,0,0,-0.1,,,,
11197,57.2,123.5,102.6,0,12.7,270,270,0,270,0.8,1740.5,0,1800,0.6,0,0,-0.1,,,,
11225,57.2,123.5,102.6,0,12.7,270,270,0,270,0.8,1740.5,0,1800,0.6,0,0,-0.1,,,,
11249,57.2,123.5,102.7,0,12.7,270,270.1,0,270.1,0.8,1740.4,0,1800,0.6,0,0,-0.1,,,,
11271,57.2,123.5,102.7,0,12.7,270,270,0,270,0.8,1740.4,0,1800,0.6,0,0,-0.1,,,,
11302,122.3,121.5,40,0,12.7,270,270.1,0,270.1,0.8,1740.4,0,1800,0.6,0,0,-0.1,,,,
11326,122.3,121.5,40,0,49,369,369,0,22.2,0,1740.4,0,1800,0.6,0,0,-0.1,,,,
11354,122.3,121.5,40,0,49,369,369,0,22.2,0,1606.7,0,1800,0.5,0,0,-0.1,,,,
11379,122.3,121.5,40,0.1,49,369,368.9,0,22.2,0,1606.7,0,1800,0.5,0,0,-0.1,,,,
11402,122.3,121.5,40.1,0,49,368.9,368.5,0,22.2,0,1606.7,0,1800,0.5,0,0,-0.1,,,,
11424,122.3,121.5,40.1,-0.1,49,368.8,368.9,0,22.2,0,1606.7,0,1800,0.5,0,0,-0.1,,,,
11446,122.3,121.5,40.1,-0.1,49,368.9,368.9,0,22.2,0,1606.8,0,1780,0.5,0,0,-0.1,,,,
11468,122.3,121.5,40,0,49,369,369.3,0,22.2,0,1606.8,0,1780,0.5,0,0,-0.1,,,,
11513,122.3,121.5,40.1,0,49,369,368.9,0,22.2,0,1606.8,0,1780,0.5,0,0,-0.1,,,,
11537,122.3,121.5,40.1,0,49,368.9,368.9,0,22.2,0,1606.8,0,1760,0.5,0,0,-0.1,,,,
11570,122.2,121.5,40.1,0,49,368.9,368.8,0,22.2,0,1606.7,0,1740,0.5,0,0,-0.1,,,,
11612,122.2,121.5,40.1,0,49,368.9,369,0,22.2,0,1606.7,0,1740,0.5,0,0,-0.1,,,,
11635,122.2,121.5,40.1,0,48.9,368.9,369,0,22.2,0,1606.6,0,1740,0.5,0,0,-0.1,,,,
11660,122.2,121.5,40.1,0,48.9,368.9,369,0,22.2,0,1606.6,0,1740,0.5,0,3,-0.1,,,,
11683,122.2,121.5,40.1,0,48.9,368.8,369,0,22.2,0,1606.5,0,1720,0.5,0,0,-0.1,,,,
11702,122.2,121.5,40.1,0,48.9,368.9,368.9,0,22.2,0,1606.5,0,1720,0.5,0,0,-0.1,,,,
11721,122.2,121.5,40.1,0,48.9,368.9,368.9,0,22.2,0,1606.5,0,1720,0.5,0,0,-0.1,,,,
11745,122.2,121.5,40.1,0,48.9,368.8,368.7,0,22.2,0,1606.5,0,1720,0.5,0,0,-0.1,,,,
11766,122.2,121.5,40.1,0,48.9,368.9,368.9,0,22.2,0,1606.5,0,1700,0.5,0,0,-0.1,,,,
11785,122.2,121.5,40,0,48.9,368.9,369,0,22.2,0,1606.6,0,1700,0.5,0,0,-0.1,,,,
11805,122.2,121.5,40,0,48.9,368.9,368.9,0,22.2,0,1606.6,0,1700,0.5,0,3,-0.1,,,,
11824,122.2,121.5,40,0,48.9,368.9,369,0,22.2,0,1606.6,0,1700,0.5,0,0,-0.1,,,,
11849,122.3,121.5,40,0,48.9,368.9,369,0,22.2,0,1606.7,0,1700,0.5,0,0,-0.1,,,,
11878,122.3,121.5,40,0,48.9,368.9,369,0,22.2,0,1606.7,0,1680,0.5,0,0,-0.1,,,,
11898,122.3,121.5,40,0,49,369,368.9,0,22.2,0,1606.7,0,1680,0.5,0,0,-0.1,,,,
11919,122.3,121.5,39.9,-0.1,49,369,369.3,0,22.2,0,1606.8,0,1680,0.5,0,3,-0.1,,,,
11942,122.3,121.5,39.7,-0.1,49,369.1,369.9,0,22.2,0,1606.8,0,1660,0.5,0,0,-0.1,,,,
11968,122.3,121.5,39.7,0.1,49,369.3,369.5,0,22.2,0,1606.8,0,1680,0.5,0,0,-0.1,,,,
11989,122.3,121.5,39.8,0.1,49.1,369.3,369,0,22.2,0,1606.8,0,1680,0.5,0,0,-0.1,,,,
12035,122.3,121.5,40,0.1,49,369.2,368.7,0,22.2,0,1606.9,0,1660,0.5,0,0,-0.1,,,,
12059,122.2,121.5,40,0,48.9,368.9,368.9,0,22.2,0,1606.8,0,1660,0.5,0,0,-0.1,,,,
12093,122.2,121.5,39.9,0,48.9,369,369.2,0,22.2,0,1606.7,0,1700,0.5,0,0,-0.1,,,,
12129,122.2,121.5,39.9,0,49,369.1,369.1,0,22.2,0,1606.6,0,1640,0.5,0,0,-0.1,,,,
12153,122.2,121.5,39.9,0,49,369.1,369,0,22.2,0,1606.6,0,1660,0.5,0,3,-0.1,,,,
12174,122.3,121.5,39.9,0,49,369,369,0,22.2,0,1606.7,0,1660,0.5,0,0,-0.1,,,,
12194,122.3,121.5,39.9,0,49,369,369.1,0,22.2,0,1606.7,0,1660,0.5,0,0,-0.1,,,,
12218,122.3,121.5,39.9,0,49,369,369.1,0,22.2,0,1606.7,0,1640,0.5,0,0,-0.1,,,,
12238,122.3,121.5,39.9,0,49,369.1,369.1,0,22.2,0,1606.7,0,1640,0.5,0,0,-0.1,,,,
12261,122.3,121.5,39.9,0,49,369.1,369.2,0,22.2,0,1606.7,0,1660,0.5,0,0,-0.1,,,,
12289,122.3,121.5,39.9,0,49,369.1,369,0,22.2,0,1606.7,0,1640,0.5,0,0,-0.1,,,,
12315,122.3,121.5,39.9,0,49,369,369.1,0,22.2,0,1606.7,0,1640,0.5,0,0,-0.1,,,,
12337,122.3,121.5,39.9,0,49,369,369,0,22.2,0,1606.7,0,1640,0.5,0,3,-0.1,,,,
12360,122.2,121.5,39.9,0,49,369,369,0,22.2,0,1606.7,0,1640,0.5,0,0,-0.1,,,,
12386,122.3,121.5,39.9,0,49,369,369,0,22.2,0,1606.7,0,1640,0.5,0,3,-0.1,,,,
12408,122.3,121.5,39.9,0,49,369,369.1,0,22.2,0,1606.7,0,1640,0.5,0,0,-0.1,,,,
12429,122.3,121.5,39.9,0,49,369,369.1,0,22.2,0,1606.7,0,1640,0.5,0,0,-0.1,,,,
12452,122.3,121.5,39.9,0,49,369,369,0,22.2,0,1606.7,0,1640,0.5,0,0,-0.1,,,,
12476,122.3,121.5,39.9,0,49,369,369,0,22.2,0,1606.7,0,1620,0.5,0,0,-0.1,,,,
12497,122.3,121.5,39.9,0,49,369,369.1,0,22.2,0,1606.7,0,1620,0.5,0,3,-0.1,,,,
12522,122.3,121.5,39.9,0,49,369,369,0,22.2,0,1606.7,0,1640,0.5,0,0,-0.1,,,,
12570,122.3,121.5,39.9,0,49,369,369,0,22.2,0,1606.7,0,1640,0.5,0,3,-0.1,,,,
12619,122.3,121.5,39.9,0,49,369,369,0,22.2,0,1606.7,0,1640,0.5,0,0,-0.1,,,,
12656,122.3,121.5,39.9,0,49,369.1,369.2,0,22.2,0,1606.7,0,1620,0.5,0,0,-0.1,,,,
12679,122.3,121.5,39.9,0,49,369,369,0,22.2,0,1606.7,0,1640,0.5,0,0,-0.1,,,,
12702,122.3,121.5,39.9,0,49,369,369,0,22.2,0,1606.7,0,1640,0.5,0,0,-0.1,,,,
12724,122.3,121.5,39.9,0,49,369,369,0,22.2,0,1606.7,0,1640,0.5,0,0,-0.1,,,,
12744,122.3,121.5,39.9,0,49,369,369,0,22.2,0,1606.7,0,1640,0.5,0,0,-0.1,,,,
12765,122.3,121.5,39.9,0,49,369,369,0,22.2,0,1606.7,0,1640,0.5,0,3,-0.1,,,,
12786,122.3,121.5,39.9,0,49,369,369,0,22.2,0,1606.7,0,1640,0.5,0,0,-0.1,,,,
12812,122.3,121.5,39.9,0,49,369,369,0,22.2,0,1606.7,0,1640,0.5,0,0,-0.1,,,,
12834,122.3,121.5,39.9,0,49,369,369,0,22.2,0,1606.7,0,1640,0.5,0,0,-0.1,,,,
12859,122.3,121.5,39.9,0,49,369,369,0,22.2,0,1606.7,0,1620,0.5,0,0,-0.1,,,,
12881,122.3,121.5,39.9,0,49,369,369.1,0,22.2,0,1606.7,0,1620,0.5,0,0,-0.1,,,,
12908,122.3,121.5,39.9,0,49,369,369,0,22.2,0,1606.7,0,1620,0.5,0,0,-0.1,,,,
12932,122.3,121.5,39.9,0,49,369,369.1,0,22.2,0,1606.7,0,1640,0.5,0,0,-0.1,,,,
12956,122.3,121.5,39.9,0,49,369,369,0,22.2,0,1606.7,0,1640,0.5,0,0,-0.1,,,,
12976,122.3,121.5,39.9,0,49,369,369.1,0,22.2,0,1606.7,0,1640,0.5,0,0,-0.1,,,,
12999,122.3,121.5,39.9,0,49,369,369,0,22.2,0,1606.7,0,1640,0.5,0,0,-0.1,,,,
13022,122.2,121.5,39.9,0,49,369,369,0,22.2,0,1606.7,0,1620,0.5,0,0,-0.1,,,,
13047,122.2,121.5,39.9,0,48.9,369,369.1,0,22.2,0,1606.7,0,1640,0.5,0,0,-0.1,,,,
13092,122.2,121.5,39.9,0,48.9,369,369,0,22.2,0,1606.6,0,1640,0.5,0,3,-0.1,,,,
13132,122.2,121.5,39.9,0,48.9,369,369.1,0,22.2,0,1606.6,0,1640,0.5,0,3,-0.1,,,,
13165,122.2,121.5,39.9,0,49,369,369.1,0,22.2,0,1606.6,0,1620,0.5,0,0,-0.1,,,,
13191,122.3,121.5,39.9,0,49,369.1,369.1,0,22.2,0,1606.7,0,1640,0.5,0,0,-0.1,,,,
13212,122.3,121.5,39.9,0,49,369.1,369.1,0,22.2,0,1606.7,0,1640,0.5,0,3,-0.1,,,,
13234,122.3,121.5,39.9,0,49,369.1,369.1,0,22.2,0,1606.7,0,1640,0.5,0,0,-0.1,,,,
13257,122.3,121.5,39.9,0,49,369.1,369,0,22.2,0,1606.7,0,1620,0.5,0,0,-0.1,,,,
13279,122.2,121.5,39.9,0,49,369,369,0,22.2,0,1606.7,0,1620,0.5,0,0,-0.1,,,,
13303,122.2,121.5,39.9,0,49,369,369,0,22.2,0,1606.7,0,1640,0.5,0,0,-0.1,,,,
13331,122.2,121.5,39.9,0,49,369,369,0,22.2,0,1606.6,0,1640,0.5,0,0,-0.1,,,,
13358,122.2,121.5,39.9,0,49,369,369.1,0,22.2,0,1606.6,0,1640,0.5,0,0,-0.1,,,,
13383,122.2,121.5,40,0,48.9,369,368.8,0,22.2,0,1606.6,0,1640,0.5,0,0,-0.1,,,,
13417,122.1,121.4,39.9,0,48.9,368.9,369.1,0,22.2,0,1606.6,0,1640,0.5,0,0,-0.1,,,,
13455,121.9,121.3,39.8,0,48.7,368.9,369.1,0,22.2,0,1606.4,0,1640,0.5,0,0,-0.1,,,,
13504,121.4,120.9,40,0.1,48.6,368.8,368.7,0,22.2,0,1606,0,1620,0.5,0,0,-0.1,,,,
13527,121.2,120.7,40.2,0.1,48.4,368.3,367.8,0,22.2,0,1605.2,0,1620,0.5,0,0,-0.1,,,,
13546,120.9,120.4,40.3,0.2,48.3,368.1,367.3,0,22.2,0,1603.6,0,1620,0.5,0,0,-0.1,,,,
13566,120.5,120.1,40.5,0.2,48.2,367.8,367.4,0,22.2,0,1602.6,0,1620,0.5,0,0,-0.1,,,,
13617,119.5,119.3,40.9,0.2,48.1,367.6,367,0,22.2,0,1601.6,0,1600,0.5,0,0,-0.1,,,,
13654,118.6,118.5,41.3,0.1,47.7,366.6,365.8,0,22.2,0,1600.2,0,1580,0.5,0,3,-0.1,,,,
13689,117.6,117.7,41.4,0,47.4,366,365.8,0,22.2,0,1595.5,0,1580,0.5,0,0,-0.1,,,,
13717,116.8,117,41.5,0,47.2,365.7,365.6,0,22.2,0,1591.9,0,1600,0.5,0,0,-0.1,,,,
13744,115.9,116.3,41.6,0,46.9,365.4,365.2,0,22.2,0,1589.3,0,1620,0.5,0,0,-0.1,,,,
13777,114.8,115.3,41.7,0,46.7,365,364.7,0,22.2,0,1586.3,0,1600,0.5,0,0,-0.1,,,,
13808,113.7,114.3,41.8,0.1,46.4,364.7,364.4,0,22.2,0,1582.4,0,1620,0.5,0,0,-0.1,,,,
13836,112.7,113.4,41.9,0,46.2,364.4,364.2,0,22.2,0,1578.3,0,1620,0.5,0,0,-0.1,,,,
13869,111.5,112.4,41.9,0,46.1,364.2,364.1,0,22.2,0,1574.4,0,1620,0.5,0,0,-0.1,,,,
13898,110.3,111.3,41.9,0,45.9,364,363.8,0,22.2,0,1571.2,0,1620,0.5,0,0,-0.1,,,,
13929,109.1,110.2,42,0,45.8,363.8,363.9,0,22.2,0,1566.5,0,1600,0.5,0,0,-0.1,,,,
13955,108,109.2,42,0,45.7,363.7,363.6,0,22.2,0,1563.2,0,1620,0.5,0,0,-0.1,,,,
13982,106.9,108.2,42,0,45.6,363.6,363.5,0,22.2,0,1559.1,0,1640,0.5,0,0,-0.1,,,,
14009,105.8,107.2,42,0,45.5,363.4,363.3,0,22.2,0,1555.5,0,1640,0.5,0,0,-0.1,,,,
14033,104.7,106.1,42.1,0,45.4,363.3,363.3,0,22.2,0,1551,0,1620,0.5,0,0,-0.1,,,,
14059,103.6,105.1,42.1,0,45.3,363.2,363.2,0,22.2,0,1545.9,0,1640,0.5,0,0,-0.1,,,,
14088,102.3,103.9,42.1,0,45.2,363.1,362.9,0,22.2,0,1539,0,1640,0.5,0,0,-0.1,,,,
14145,99.8,101.5,41.4,-0.4,45.2,363.1,363.6,0,22.2,0,1527.8,0,1640,0.5,0,0,-0.1,,,,
14181,98.2,100,40.3,-0.7,45,364.3,366.6,0,22.2,0,1512.4,0,1640,0.4,0,0,-0.1,,,,
14215,96.8,98.6,38.3,-1.2,44.9,365.8,370.4,0,22.2,0,1463.4,0,1620,0.4,0,0,-0.1,,,,
14241,95.9,97.6,36.3,-1.5,44.9,367.5,373.6,0,22.2,0,1438.5,0,1600,0.4,0,0,-0.1,,,,
14268,94.9,96.5,33.8,-1.7,44.9,369.7,376.9,0,22.2,0,1427.7,0,1600,0.4,0,0,-0.1,,,,
14294,93.9,95.5,31,-2,44.9,372.3,380.8,0,22.2,0,1425.7,0,1600,0.4,0,0,-0.1,,,,
14322,93,94.4,27.8,-2.1,44.8,375.5,384.8,0,24.8,0,1434.4,0,1580,0.4,0,0,-0.1,,,,
14352,92,93.2,23.9,-2.3,44.8,378.8,388.4,0,28.4,0,1453.5,0,1580,0.4,0,0,-0.1,,,,
14394,90.7,91.7,18,-2.7,44.9,383.5,394.5,0,34.5,0,1477,0,1580,0.4,0,0,-0.1,,,,
14425,89.8,90.7,12.7,-3,44.8,389.1,402.1,0,42.1,0.1,1512.5,0,1580,0.5,0,0,-0.1,,,,
14456,89,89.7,6.7,-3.5,44.7,394.3,408.9,0,48.9,0.1,1546.2,0,1560,0.5,0,0,-0.1,,,,
14485,88.3,88.9,0.5,-3.9,44.7,400.5,417.4,0,57.4,0.1,1569.1,0,1560,0.5,0,0,-0.1,,,,
14514,87.6,88.2,-6.2,-4.3,44.6,46.6,65,0,65,0.1,1588.5,0,1540,0.5,0,0,-0.1,,,,
14544,87.1,87.5,-13.3,-4.4,44.5,53.8,73.7,0,73.7,0.2,1602.2,0,1560,0.5,0,0,-0.1,,,,
14572,86.5,87,-20.9,-4.7,44.5,60.8,81.5,0,81.5,0.2,1613.5,0,1540,0.5,0,0,-0.1,,,,
14601,86,86.5,-28.9,-4.8,44.4,68.1,89.6,0,89.6,0.2,1621.2,0,1540,0.6,0,0,-0.1,,,,
14654,85.3,85.8,-44.3,-5.1,44.3,76.8,98.9,0,98.9,0.2,1626.9,0,1540,0.6,0,3,-0.1,,,,
14695,84.7,85.3,-56.6,-5.2,44.3,94.1,117.1,0,117.1,0.3,1632,0,1560,0.6,0,0,-0.1,,,,
14734,84.3,85,-67.3,-5.2,44.3,106.1,129.1,0,129.1,0.3,1637.4,0,1580,0.6,0,3,-0.1,,,,
14764,84,84.8,-76.7,-5.3,44.3,115.2,138.8,0,138.8,0.4,1639.5,0,1600,0.6,0,3,-0.1,,,,
14794,83.8,84.6,-85.9,-5.3,44.4,124.1,147.8,0,147.8,0.4,1640.4,0,1580,0.6,0,0,-0.1,,,,
14821,83.6,84.4,-93.9,-5.3,44.5,133.5,157.1,0,157.1,0.4,1641.1,0,1580,0.6,0,0,-0.1,,,,
14854,83.4,84.2,-104.2,-5.4,44.7,143.7,168.2,0,168.2,0.5,1641.8,0,1580,0.6,0,3,-0.1,,,,
14890,83.2,84,-114.8,-5.2,45,154.5,177.9,0,177.9,0.5,1642.4,0,1580,0.6,0,0,-0.1,,,,
14924,83,83.8,-124.5,-4.2,45.2,164.9,187.3,0,187.3,0.5,1643.4,0,1620,0.6,0,7,-0.1,,,,
14954,82.9,83.7,-129.9,-2.5,45.4,171.9,188.5,0,188.5,0.5,1645,0,1620,0.6,0,3,-0.1,,,,
14984,82.8,83.5,-133.1,-1.4,45.5,176.5,186.1,0,186.1,0.5,1646.4,0,1620,0.6,0,0,-0.1,,,,
15008,82.7,83.4,-134.5,-0.9,45.6,179.4,184.5,0,184.5,0.5,1648.1,0,1620,0.6,0,0,-0.1,,,,
15076,82.5,83.3,-135.6,0.1,45.7,180.6,183.5,0,183.5,0.5,1649.9,0,1640,0.6,-1,4949,-0.1,,,,
15131,82.4,83.2,-135.5,0,45.7,181.3,180.9,0,180.9,0.5,1651,0,1660,0.6,-1,2711,-0.1,,,,
15193,82.4,83.1,-135.5,0,45.7,181.1,181.3,0,181.3,0.5,1653.6,0,1680,0.6,-1,1406,-0.1,,,,
15286,82.5,83.2,-135.2,0,45.7,181,180.5,0,180.5,0.5,1654.6,0,1680,0.6,-1,838,-0.1,,,,
15341,82.7,83.3,-135.3,-0.1,45.7,181,181.1,0,181.1,0.5,1654.6,0,1680,0.6,-1,725,-0.1,,,,
15389,82.9,83.4,-135.4,0,45.8,181.1,181.2,0,181.2,0.5,1653.2,0,1680,0.6,-1,780,-0.1,,,,
15443,83,83.5,-135.4,0,45.8,181.2,181.2,0,181.2,0.5,1651.5,0,1680,0.6,-1,790,-0.1,,,,
15492,83.1,83.5,-135.4,0,45.8,181.3,181.3,0,181.3,0.5,1649.5,0,1680,0.6,-1,732,-0.1,,,,
15561,83,83.5,-135.5,0,45.8,181.2,181.3,0,181.3,0.5,1647.9,0,1680,0.6,-1,630,-0.1,,,,
15617,82.8,83.5,-135.5,0,45.8,181.3,181.4,0,181.4,0.5,1647,0,1680,0.6,-1,550,-0.1,,,,
15703,82.2,83.1,-135.5,0,45.7,181.2,181.1,0,181.1,0.5,1648,0,1680,0.6,-1,575,-0.1,,,,
15791,81.2,82.3,-135.7,0,45.5,181.2,181.3,0,181.3,0.5,1650.8,0,1680,0.6,-1,783,-0.1,,,,
15832,80.8,81.9,-135.7,0,45.5,181.2,181.4,0,181.4,0.5,1660.9,0,1680,0.6,0,386,-0.1,,,,
15858,80.5,81.7,-135.7,0,45.4,181.1,181,0,181,0.5,1668.8,0,1680,0.6,0,134,-0.1,,,,
15887,80.3,81.5,-135.7,0,45.4,181.1,181,0,181,0.5,1672.6,0,1680,0.6,0,32,-0.1,,,,
15915,80.1,81.3,-135.6,0,45.4,181.1,181,0,181,0.5,1674.8,0,1700,0.6,0,10,-0.1,,,,
15943,80,81.2,-135.7,0,45.4,181.1,181,0,181,0.5,1676.9,0,1680,0.6,0,7,-0.1,,,,
15966,79.9,81.1,-135.7,0,45.4,181.1,180.9,0,180.9,0.5,1678.6,0,1680,0.6,0,3,-0.1,,,,
15993,79.8,81,-135.6,0,45.4,181.1,181.1,0,181.1,0.5,1679.8,0,1700,0.6,0,3,-0.1,,,,
16019,79.8,81,-135.6,0,45.4,181,181,0,181,0.5,1680.6,0,1700,0.6,0,3,-0.1,,,,
16047,79.7,80.9,-135.6,0,45.4,181,181,0,181,0.5,1681.4,0,1700,0.6,0,3,-0.1,,,,
16071,79.7,80.9,-135.6,0,45.4,181,181,0,181,0.5,1681.9,0,1700,0.6,0,3,-0.1,,,,
16100,79.7,80.9,-135.6,0,45.4,181,181,0,181,0.5,1682.3,0,1700,0.6,0,3,-0.1,,,,
16126,79.6,80.9,-135.6,0,45.4,181,181.1,0,181.1,0.5,1682.5,0,1720,0.6,0,3,-0.1,,,,
16153,79.7,80.9,-135.6,0,45.4,181,180.9,0,180.9,0.5,1682.6,0,1700,0.6,0,3,-0.1,,,,
16182,79.7,80.9,-135.6,0,45.4,181,180.9,0,180.9,0.5,1682.7,0,1720,0.6,0,0,-0.1,,,,
16222,79.7,80.9,-135.5,0,45.4,181,180.9,0,180.9,0.5,1682.6,0,1720,0.6,0,0,-0.1,,,,
16274,79.7,80.9,-135.5,0,45.4,180.9,180.8,0,180.8,0.5,1682.5,0,1720,0.6,0,0,-0.1,,,,
16303,79.7,80.9,-135.5,0,45.4,180.9,181,0,181,0.5,1682.2,0,1720,0.6,0,0,-0.1,,,,
16326,79.7,80.9,-135.5,0,45.4,180.9,180.8,0,180.8,0.5,1682.1,0,1720,0.6,0,3,-0.1,,,,
16365,79.7,80.9,-135.5,0,45.4,180.9,180.9,0,180.9,0.5,1682.1,0,1720,0.6,0,3,0.9,,,,
16392,79.7,80.9,-135.6,-0.1,45.4,180.9,181.1,0,181.1,0.5,1682.1,0,1720,0.6,0,7,0.9,,,,
16420,79.7,80.9,-135.6,0,45.4,181,181.2,0,181.2,0.5,1682.2,0,1700,0.6,0,3,0.9,,,,
16446,79.7,80.9,-135.5,0.1,45.4,181,180.9,0,180.9,0.5,1682.2,0,1720,0.6,0,7,0.9,,,,
16469,79.7,80.9,-135.5,0,45.4,180.9,180.6,0,180.6,0.5,1682.2,0,1720,0.6,0,7,0.9,,,,
16494,79.7,80.9,-135.5,-0.1,45.4,180.9,180.9,0,180.9,0.5,1682.3,0,1700,0.6,0,3,0.9,,,,
16519,79.7,80.9,-135.6,0,45.4,180.9,181,0,181,0.5,1682.3,0,1700,0.6,0,7,0.9,,,,
16546,79.7,80.9,-135.5,0.1,45.4,181,181,0,181,0.5,1682.2,0,1700,0.6,0,3,0.9,,,,
16572,79.7,80.9,-135.4,0.1,45.4,180.9,180.6,0,180.6,0.5,1682.2,0,1700,0.6,0,7,0.9,,,,
16607,79.7,80.9,-135.4,0,45.4,180.8,180.9,0,180.9,0.5,1682.2,0,1700,0.6,0,7,0.9,,,,
16643,79.7,80.9,-135.5,0,45.4,180.9,181,0,181,0.5,1682.1,0,1700,0.6,0,3,0.9,,,,
16670,79.7,80.9,-135.5,0,45.4,180.9,180.9,0,180.9,0.5,1682.1,0,1700,0.6,0,3,0.9,,,,
16696,79.7,80.9,-135.5,0,45.4,180.9,180.9,0,180.9,0.5,1682.1,0,1680,0.6,0,7,0.9,,,,
16732,79.7,80.9,-135.5,0,45.4,180.9,180.8,0,180.8,0.5,1682.1,0,1680,0.6,0,3,0.9,,,,
16777,79.7,80.9,-135.4,0,45.4,180.8,180.3,0,180.3,0.5,1682.1,0,1680,0.6,0,7,0.9,,,,
16804,79.7,80.9,-135.4,-0.1,45.4,180.8,180.8,0,180.8,0.5,1682.1,0,1700,0.6,0,3,0.9,,,,
16829,79.7,80.9,-135.5,-0.1,45.4,180.9,181.1,0,181.1,0.5,1682.1,0,1680,0.6,0,3,0.9,,,,
16853,79.7,80.9,-135.6,0,45.4,180.9,180.9,0,180.9,0.5,1682.2,0,1680,0.6,0,7,0.9,,,,
16889,79.7,80.9,-135.5,0.1,45.4,180.9,180.8,0,180.8,0.5,1682.2,0,1700,0.6,0,7,0.9,,,,
16919,79.7,80.9,-135.5,0,45.4,180.9,180.7,0,180.7,0.5,1682.1,0,1700,0.6,0,3,0.9,,,,
16947,79.7,80.9,-135.4,0.1,45.4,180.9,180.9,0,180.9,0.5,1682.1,0,1680,0.6,0,3,0.9,,,,
16973,79.7,80.9,-135.3,0,45.4,180.7,180.4,0,180.4,0.5,1682.1,0,1680,0.6,0,7,0.9,,,,
17007,79.7,80.9,-135.5,-0.1,45.4,180.7,181,0,181,0.5,1682.1,0,1700,0.6,0,3,0.9,,,,
17035,79.7,80.9,-135.5,0,45.4,180.9,181,0,181,0.5,1682.1,0,1700,0.6,0,3,0.9,,,,
17070,79.7,80.9,-135.4,0.1,45.4,180.9,181,0,181,0.5,1682.1,0,1680,0.6,0,7,0.9,,,,
17099,79.7,80.9,-135.4,0,45.4,180.8,180.6,0,180.6,0.5,1682.1,0,1680,0.6,0,7,0.9,,,,
17133,79.7,80.9,-135.5,0,45.4,180.8,181,0,181,0.5,1682.1,0,1700,0.6,0,3,0.9,,,,
17161,79.7,80.9,-135.5,0,45.4,180.9,181.1,0,181.1,0.5,1682.1,0,1700,0.6,0,7,0.9,,,,
17187,79.7,80.9,-135.4,0.1,45.4,180.9,180.7,0,180.7,0.5,1682.1,0,1700,0.6,0,3,0.9,,,,
17216,79.7,80.9,-135.4,0,45.4,180.8,180.7,0,180.7,0.5,1682.1,0,1680,0.6,0,7,0.9,,,,
17256,79.7,80.9,-135.4,0,45.4,180.8,180.6,0,180.6,0.5,1682.1,0,1700,0.6,0,3,0.9,,,,
17306,79.7,80.9,-135.4,0,45.4,180.9,181,0,181,0.5,1682.1,0,1640,0.6,0,3,0.9,,,,
17333,79.7,80.9,-135.4,0,45.4,180.8,180.3,0,180.3,0.5,1682.1,0,1600,0.6,0,7,0.9,,,,
17359,79.7,80.9,-135.4,0,45.4,180.8,181,0,181,0.5,1682.2,0,1600,0.6,0,3,0.9,,,,
17398,79.7,80.9,-135.4,0,45.4,180.8,180.8,0,180.8,0.5,1682.4,0,1600,0.6,0,3,0.9,,,,
17427,79.7,80.9,-135.4,0,45.4,180.8,180.7,0,180.7,0.5,1682.4,0,1600,0.6,0,3,0.9,,,,
17457,79.7,80.9,-135.4,0,45.4,180.8,180.9,0,180.9,0.5,1682.3,0,1560,0.6,0,7,0.9,,,,
17482,79.7,80.9,-135.5,0,45.4,180.8,181.1,0,181.1,0.5,1682.3,0,1520,0.6,0,7,0.9,,,,
17507,79.7,80.9,-135.4,0,45.4,180.8,181,0,181,0.5,1682.3,0,1520,0.6,0,7,0.9,,,,
17532,79.7,80.9,-135.4,0,45.4,180.8,180.5,0,180.5,0.5,1682.4,0,1540,0.6,0,7,0.9,,,,
17557,79.7,80.9,-135.4,0,45.4,180.8,180.6,0,180.6,0.5,1682.3,0,1540,0.6,0,7,0.9,,,,
17585,79.7,80.9,-135.4,0,45.4,180.8,180.9,0,180.9,0.5,1682.3,0,1500,0.6,0,7,0.9,,,,
17613,79.7,80.9,-135.4,0,45.4,180.8,180.9,0,180.9,0.5,1682.3,0,1480,0.6,0,7,0.9,,,,
17639,79.7,80.9,-135.4,0,45.4,180.8,180.8,0,180.8,0.5,1682.4,0,1500,0.6,0,7,0.9,,,,
17668,79.7,80.9,-135.4,0,45.4,180.8,180.9,0,180.9,0.5,1682.4,0,1520,0.6,0,7,0.9,,,,
17697,79.7,80.9,-135.4,0,45.4,180.8,180.9,0,180.9,0.5,1682.4,0,1520,0.6,0,7,0.9,,,,
17724,79.7,80.9,-135.4,0,45.4,180.8,180.9,0,180.9,0.5,1682.4,0,1560,0.6,0,7,0.9,,,,
17762,79.7,80.9,-135.4,0,45.4,180.8,180.7,0,180.7,0.5,1682.3,0,1560,0.6,0,7,0.9,,,,
17816,79.7,80.9,-135.4,0,45.4,180.8,180.9,0,180.9,0.5,1682.3,0,1600,0.6,0,3,0.9,,,,
17850,79.7,80.9,-135.4,0,45.4,180.8,180.7,0,180.7,0.5,1682.2,0,1620,0.6,0,3,0.9,,,,
17894,79.7,80.9,-135.4,0,45.4,180.8,180.7,0,180.7,0.5,1682.2,0,1640,0.6,0,0,0,,,,
17933,79.7,80.9,-135.4,0,45.4,180.8,180.5,0,180.5,0.5,1682.2,0,1680,0.6,0,0,0,,,,
17967,79.7,80.9,-135.4,0,45.4,180.8,180.7,0,180.7,0.5,1682.3,0,1660,0.6,0,3,0,,,,
17998,79.7,80.9,-135.4,0,45.4,180.8,180.9,0,180.9,0.5,1682.3,0,1680,0.6,0,0,0,,,,
18027,79.7,80.9,-135.4,0,45.4,180.8,180.9,0,180.9,0.5,1682.2,0,1680,0.6,0,0,0,,,,
18056,79.7,80.9,-135.4,0,45.4,180.8,180.8,0,180.8,0.5,1682.2,0,1680,0.6,0,3,0,,,,
18084,79.7,80.9,-135.4,0,45.4,180.8,180.9,0,180.9,0.5,1682.2,0,1680,0.6,0,0,0,,,,
18118,79.7,80.9,-135.4,0,45.4,180.8,180.7,0,180.7,0.5,1682.2,0,1700,0.6,0,0,0,,,,
18147,79.7,80.9,-135.4,0,45.4,180.8,180.7,0,180.7,0.5,1682.2,0,1700,0.6,0,0,0,,,,
18173,79.7,80.9,-135.4,0,45.4,180.8,180.8,0,180.8,0.5,1682.2,0,1700,0.6,0,0,0,,,,
18203,79.7,80.9,-135.4,0,45.4,180.8,180.9,0,180.9,0.5,1682.2,0,1720,0.6,0,0,0,,,,
18227,79.7,80.9,-135.4,0,45.4,180.8,180.8,0,180.8,0.5,1682.2,0,1720,0.6,0,0,0,,,,
18256,79.7,80.9,-135.4,0,45.4,180.8,180.9,0,180.9,0.5,1682.2,0,1720,0.6,0,0,0,,,,
18290,79.7,80.9,-135.4,0,45.4,180.8,180.9,0,180.9,0.5,1682.2,0,1720,0.6,0,0,0,,,,
18341,79.7,80.9,-135.4,0,45.4,180.8,180.8,0,180.8,0.5,1682.2,0,1720,0.6,0,0,0,,,,
18365,79.7,80.9,-135.4,0,45.4,180.8,180.7,0,180.7,0.5,1682.2,0,1720,0.6,0,0,0,,,,
18388,79.7,80.9,-135.4,0,45.4,180.8,180.8,0,180.8,0.5,1682.2,0,1720,0.6,0,0,0,,,,
18416,79.7,80.9,-135.4,0,45.4,180.8,180.7,0,180.7,0.5,1682.2,0,1720,0.6,0,0,0,,,,
18497,79.8,81,-135.4,0,45.4,180.8,180.8,0,180.8,0.5,1682.2,0,1720,0.6,-1,4804,-0.8,,,,
18562,80.1,81.1,-135.3,0,45.4,180.8,180.9,0,180.9,0.5,1682.2,0,1720,0.6,-1,1385,-0.8,,,,
18620,80.6,81.2,-135.2,0,45.6,180.8,180.7,0,180.7,0.5,1681.4,0,1680,0.6,-1,1067,-0.5,,,,
18695,81.9,81.3,-135.2,0,45.8,181,181.2,0,181.2,0.5,1679.3,0,1680,0.6,-1,907,0.3,,,,
18745,82.9,81.4,-135.5,-0.1,46.4,181.7,182.1,0,182.1,0.5,1676.4,0,1680,0.6,-1,845,0.3,,,,
18812,84.4,81.6,-135.9,-0.1,47,182.5,183,0,183,0.5,1670,0,1660,0.6,-1,1108,0,,,,
18907,85.7,81.9,-136.7,-0.1,47.9,184,184.8,0,184.8,0.5,1664.1,0,1680,0.6,-1,714,0,,,,
18955,85.8,82.1,-136.8,0,48.2,185,185.3,0,185.3,0.5,1652.6,0,1680,0.6,-1,225,0,,,,
19022,85.3,82.2,-136.9,0,48.1,184.9,185,0,185,0.5,1645.6,0,1680,0.6,-1,481,0,,,,
19084,84.4,82.2,-137.1,0,47.7,184.6,184.9,0,184.9,0.5,1643.7,0,1660,0.6,-1,703,0,,,,
19131,83.5,82.2,-137.2,0,47.1,184.2,184.6,0,184.6,0.5,1645.9,0,1660,0.6,-1,736,0,,,,
19212,81.6,81.6,-137.4,-0.1,46.6,183.8,184,0,184,0.5,1652.6,0,1640,0.6,-1,528,0,,,,
19272,80.3,80.5,-137.6,0,46,183.5,183.8,0,183.8,0.5,1659.3,0,1660,0.6,-1,769,0,,,,
19355,79,78.5,-137.9,0,46,183.7,183.8,0,183.8,0.5,1673.9,0,1640,0.6,-1,732,0,,,,
19446,77.9,75.8,-138,0,46.5,184.5,184.6,0,184.6,0.5,1685.8,0,1640,0.6,-1,743,0,,,,
19508,77.4,73.8,-138,0,47.1,185.1,185,0,185,0.5,1705.1,0,1640,0.6,-1,674,0,,,,
19567,76.9,71.9,-138.1,0,47.8,185.8,185.9,0,185.9,0.5,1715.2,0,1660,0.6,-1,732,0,,,,
19622,76.5,69.9,-138.2,-0.1,48.5,186.5,186.7,0,186.7,0.5,1722.7,0,1680,0.7,-1,648,0,,,,
19688,75.6,67.7,-138.2,0,49.1,187.4,187.8,0,187.8,0.5,1726.6,0,1680,0.7,-1,433,0,,,,
19743,74.3,65.9,-138.1,0,49.5,187.6,187.4,0,187.4,0.5,1728.8,0,1680,0.7,-1,1308,0,,,,
19817,72.1,63.7,-137.9,0,49.6,187.7,187.4,0,187.4,0.5,1729.9,0,1700,0.7,-1,987,0,,,,
19880,70.1,62,-136.2,1,49.3,187.2,187.1,0,187.1,0.5,1731.4,0,1700,0.7,-1,2821,0,,,,
19975,67.3,59.8,-125.9,2.7,48.8,181.9,174.3,0,174.3,0.5,1738.1,0,1720,0.7,-1,1443,0,,,,
20042,65.7,58.1,-116,2.2,48.4,171.8,159.2,0,159.2,0.4,1756.6,0,1720,0.7,-1,652,0,,,,
20130,63.9,55.8,-105.4,2.5,48.2,162.1,153.7,0,153.7,0.4,1772.1,0,1740,0.7,-1,798,0,,,,
20194,63.2,54,-96.3,2.6,48.3,151.3,140.6,0,140.6,0.4,1787.7,0,1740,0.7,-1,659,0,,,,
20257,62.8,52.4,-85.5,3.4,48.5,142.3,129.7,0,129.7,0.3,1805,0,1740,0.7,-1,441,0,,,,
20316,62.6,51.2,-75.1,2.1,48.7,130.9,114.9,0,114.9,0.3,1815.3,0,1760,0.7,-1,1035,0,,,,
20391,62.3,50.2,-70.2,0.4,48.9,122.7,114.8,0,114.8,0.3,1824.1,0,1780,0.7,-1,725,0,,,,
20477,62.3,49.6,-69,0,49.1,118.6,117.3,0,117.3,0.3,1829.3,0,1800,0.7,-1,863,0,,,,
20541,62.4,49.4,-68.6,0.5,49.2,118.3,118.7,0,118.7,0.3,1835,0,1820,0.7,-1,769,0,,,,
20601,62.6,49.3,-67.3,0.2,49.3,117.5,115.4,0,115.4,0.3,1836.8,0,1840,0.7,-1,317,0,,,,
20676,63.3,49.3,-66.4,0.1,49.4,116.5,115.3,0,115.3,0.3,1837.6,0,1820,0.7,-1,357,0,,,,
20739,64.1,49.3,-66,0.1,49.7,116,115.4,0,115.4,0.3,1838.1,0,1820,0.7,-1,535,0,,,,
20804,65.4,49.5,-65.9,0,50.1,116,115.8,0,115.8,0.3,1838.6,0,1800,0.7,-1,616,0,,,,
20867,66.8,49.9,-66.3,-0.1,50.5,116.5,116.6,0,116.6,0.3,1839,0,1820,0.7,-1,1312,0,,,,
20950,68.1,50.1,-66.8,-0.1,50.9,117.3,117.6,0,117.6,0.3,1839.1,0,1820,0.7,-1,903,0,,,,
21035,68.8,49.8,-67.1,0,51.5,118.4,118.4,0,118.4,0.3,1839.1,0,1820,0.7,-1,670,0,,,,
21089,69,49.5,-67.2,0.1,51.7,118.9,118.9,0,118.9,0.3,1840.7,0,1840,0.7,-1,685,0,,,,
21145,69.2,49.3,-67.1,0,51.9,119,118.9,0,118.9,0.3,1842.8,0,1860,0.7,-1,729,0,,,,
21223,69.4,49.1,-67.3,-0.1,52,119.1,119.2,0,119.2,0.3,1844.5,0,1860,0.7,-1,663,0,,,,
21287,69.6,49,-67.5,0,52.1,119.5,119.9,0,119.9,0.3,1845.7,0,1860,0.7,-1,568,0,,,,
21363,70.2,48.7,-67.5,0,52.3,119.8,119.9,0,119.9,0.3,1846.8,0,1840,0.7,-1,215,0,,,,
21412,70.9,48.5,-67.5,0,52.6,120.2,120.3,0,120.3,0.3,1847.8,0,1840,0.7,-1,688,0,,,,
21490,72.1,48,-67.6,0,53,120.5,120.4,0,120.4,0.3,1849.9,0,1840,0.7,-1,911,0,,,,
21573,73.5,47.2,-68,-0.1,53.3,121,121.2,0,121.2,0.3,1851.8,0,1840,0.7,-1,787,0,,,,
21631,74.3,46.5,-68.2,0,53.9,122,122.4,0,122.4,0.3,1855,0,1860,0.7,-1,594,0,,,,
21705,75.2,45.3,-68.3,0,54.5,122.8,122.9,0,122.9,0.3,1856.6,0,1860,0.7,-1,674,0,,,,
21803,76.2,43,-68.3,-0.1,55.3,123.7,123.7,0,123.7,0.3,1857.6,0,1840,0.7,-1,674,0,,,,
21887,77.1,40.7,-68.3,0,56.4,124.8,124.7,0,124.7,0.3,1858.3,0,1880,0.7,-1,677,0,,,,
21954,77.8,38.8,-68.3,0,57.4,125.7,125.6,0,125.6,0.3,1859.2,0,1880,0.7,-1,619,0,,,,
22027,78.7,36.4,-68.2,0,58.2,126.6,126.6,0,126.6,0.3,1863.3,0,1880,0.7,-1,674,0,,,,
22107,79.9,33.6,-68.4,0,59.5,127.7,127.9,0,127.9,0.3,1871.4,0,1880,0.7,-1,776,0,,,,
22171,80.7,31.3,-68.4,0,60.3,128.7,128.7,0,128.7,0.3,1891.7,0,1880,0.7,-1,626,0,,,,
22230,81.4,29.1,-68.4,0,61.3,129.6,129.6,0,129.6,0.3,1908.2,0,1880,0.7,-1,441,0,,,,
22292,82,26.5,-68.7,-0.2,62,130.4,130.5,0,130.5,0.3,1928.4,0,1900,0.7,-1,714,0,,,,
22352,82.5,24,-70.1,-0.8,62.9,131.7,132.8,0,132.8,0.4,1946,0,1880,0.7,-1,1111,0,,,,
22421,82.9,21.2,-74.1,-1,63.5,134.3,138.7,0,138.7,0.4,1964.3,0,1900,0.7,-1,1556,0,,,,
22486,83.4,18.5,-77.3,-0.8,64.3,139.4,143.7,0,143.7,0.4,1973.8,0,1920,0.7,-1,2580,0,,,,
22549,83.8,16.1,-79.4,-0.4,65,142.9,146.2,0,146.2,0.4,1978,0,1900,0.7,-1,1975,0,,,,
22638,84.7,13.3,-80.5,-0.1,65.9,145.8,146.8,0,146.8,0.4,1973.9,0,1940,0.7,-1,3776,0,,,,
22704,85.3,11.9,-82.9,-0.9,66.5,147.2,149.1,0,149.1,0.4,1963.1,0,1960,0.7,-1,3710,0,,,,
22763,85.6,11.4,-85.3,-0.7,66.9,150.2,153.5,0,153.5,0.4,1953,0,1960,0.7,-1,2533,0,,,,
22807,85.8,11.3,-86.7,-0.5,67.1,152.8,155.7,0,155.7,0.4,1945.9,0,1980,0.7,0,1082,0,,,,
22838,85.9,11.2,-87.3,-0.2,67.2,154.2,155.7,0,155.7,0.4,1941.9,0,1960,0.7,0,236,0,,,,
22871,85.9,11.2,-87.7,-0.2,67.3,154.7,155.8,0,155.8,0.4,1940.4,0,1980,0.7,0,36,0,,,,
22904,85.9,11.2,-87.9,0,67.3,155,155.7,0,155.7,0.4,1939.8,0,1980,0.7,0,10,0,,,,
22949,85.9,11.4,-87.9,0,67.3,155.2,155.4,0,155.4,0.4,1939.6,0,2000,0.7,0,7,0,,,,
22982,85.9,11.5,-87.8,0,67.2,155.1,155,0,155,0.4,1939.6,0,2000,0.7,0,3,0,,,,
23014,85.9,11.6,-87.8,0.1,67.2,155,154.8,0,154.8,0.4,1939.9,0,2000,0.7,0,3,0,,,,
23058,85.9,11.7,-87.8,0,67.2,155,154.8,0,154.8,0.4,1940,0,2000,0.7,0,3,0,,,,
23116,85.9,11.7,-87.7,0,67.2,154.9,154.9,0,154.9,0.4,1940.1,0,2020,0.7,0,0,0,,,,
23153,85.9,11.7,-87.7,0,67.2,154.9,155,0,155,0.4,1940.2,0,2000,0.7,0,0,0,,,,
23187,85.9,11.7,-87.7,0,67.2,154.8,154.9,0,154.9,0.4,1940.3,0,2000,0.7,0,3,0,,,,
23242,85.9,11.7,-87.7,0,67.2,154.9,155.1,0,155.1,0.4,1940.3,0,1980,0.7,0,7,0.9,,,,
23273,85.9,11.7,-87.8,0,67.2,154.9,155.1,0,155.1,0.4,1940.3,0,1980,0.7,0,7,0.9,,,,
23311,85.9,11.7,-87.8,0,67.2,155,155,0,155,0.4,1940.3,0,1980,0.7,0,7,0.9,,,,
23347,85.9,11.7,-87.7,0,67.2,155,154.9,0,154.9,0.4,1940.2,0,1980,0.7,0,3,0.9,,,,
23383,85.9,11.7,-87.7,0,67.2,154.9,155.2,0,155.2,0.4,1940.2,0,1980,0.7,0,3,0.9,,,,
23423,85.9,11.7,-87.8,0,67.2,154.9,154.9,0,154.9,0.4,1940.2,0,1980,0.7,0,3,0.9,,,,
23454,85.9,11.7,-87.8,0,67.2,154.9,154.9,0,154.9,0.4,1940.3,0,1980,0.7,0,3,0.9,,,,
23497,85.9,11.7,-87.7,0,67.2,154.9,154.7,0,154.7,0.4,1940.3,0,1960,0.7,0,3,0.9,,,,
23528,85.9,11.7,-87.7,0,67.2,154.9,154.8,0,154.8,0.4,1940.3,0,1960,0.7,0,7,0.9,,,,
23570,85.9,11.7,-87.7,-0.1,67.2,154.8,154.7,0,154.7,0.4,1940.2,0,1960,0.7,0,7,0.9,,,,
23624,85.9,11.7,-87.8,0,67.2,154.9,155,0,155,0.4,1940.3,0,1960,0.7,0,7,0.9,,,,
23654,85.9,11.7,-87.8,0,67.2,155,154.9,0,154.9,0.4,1940.3,0,1960,0.7,0,7,0.9,,,,
23683,85.9,11.7,-87.8,0,67.2,154.9,154.8,0,154.8,0.4,1940.3,0,1960,0.7,0,7,0.9,,,,
23712,85.9,11.7,-87.7,0.1,67.2,154.9,154.7,0,154.7,0.4,1940.3,0,1960,0.7,0,3,0.9,,,,
23751,85.9,11.7,-87.7,0,67.2,154.9,154.8,0,154.8,0.4,1940.3,0,1960,0.7,0,7,0.9,,,,
23780,85.9,11.7,-87.7,0,67.2,154.9,154.9,0,154.9,0.4,1940.3,0,1960,0.7,0,3,0.9,,,,
23809,85.9,11.7,-87.7,0,67.2,154.9,154.7,0,154.7,0.4,1940.3,0,1960,0.7,0,7,0.9,,,,
23841,85.9,11.7,-87.7,0,67.2,154.9,155.1,0,155.1,0.4,1940.3,0,1960,0.7,0,3,0.9,,,,
23874,85.9,11.7,-87.7,0.1,67.2,154.9,154.9,0,154.9,0.4,1940.3,0,1920,0.7,0,7,0.9,,,,
23907,85.9,11.7,-87.7,0,67.2,154.8,154.9,0,154.9,0.4,1940.3,0,1860,0.7,0,7,0.9,,,,
23941,85.9,11.7,-87.7,0,67.2,154.9,155,0,155,0.4,1940.3,0,1860,0.7,0,7,0.9,,,,
23971,85.9,11.7,-87.8,0,67.2,154.9,155.1,0,155.1,0.4,1940.3,0,1860,0.7,0,7,0.9,,,,
24008,85.9,11.7,-87.7,0,67.2,154.9,154.8,0,154.8,0.4,1940.3,0,1880,0.7,0,7,0.9,,,,
24038,85.9,11.7,-87.7,0,67.2,154.9,154.9,0,154.9,0.4,1940.3,0,1840,0.7,0,7,0.9,,,,
24074,85.9,11.7,-87.7,0,67.2,154.9,155,0,155,0.4,1940.3,0,1760,0.7,0,7,0.9,,,,
24121,85.9,11.7,-87.7,0,67.2,154.9,154.9,0,154.9,0.4,1940.3,0,1780,0.7,0,7,0.9,,,,
24148,85.9,11.7,-87.7,0,67.2,154.9,154.7,0,154.7,0.4,1940.3,0,1760,0.7,0,7,0.9,,,,
24174,85.9,11.7,-87.7,0,67.2,154.9,155.3,0,155.3,0.4,1940.3,0,1720,0.7,0,3,0.9,,,,
24201,85.9,11.7,-87.8,0,67.2,154.9,155.1,0,155.1,0.4,1940.3,0,1700,0.7,0,7,0.9,,,,
24231,85.9,11.7,-87.8,0,67.2,154.9,155.1,0,155.1,0.4,1940.3,0,1700,0.7,0,7,0.9,,,,
24277,85.9,11.7,-87.7,0,67.2,154.9,155,0,155,0.4,1940.3,0,1700,0.7,0,3,0.9,,,,
24305,85.9,11.7,-87.7,0,67.2,154.9,154.8,0,154.8,0.4,1940.3,0,1740,0.7,0,7,0.9,,,,
24332,85.9,11.7,-87.7,0,67.2,154.9,154.9,0,154.9,0.4,1940.3,0,1760,0.7,0,3,0.9,,,,
24359,85.9,11.7,-87.7,0,67.2,154.9,155,0,155,0.4,1940.3,0,1780,0.7,0,3,0.9,,,,
24387,85.9,11.7,-87.7,0,67.2,154.9,155,0,155,0.4,1940.3,0,1780,0.7,0,3,0.9,,,,
24414,85.9,11.7,-87.7,0,67.2,154.9,154.9,0,154.9,0.4,1940.3,0,1780,0.7,0,3,0.9,,,,
24447,85.9,11.7,-87.7,0,67.2,154.9,154.8,0,154.8,0.4,1940.3,0,1800,0.7,0,3,0.9,,,,
24476,85.9,11.7,-87.7,0,67.2,154.9,154.7,0,154.7,0.4,1940.3,0,1800,0.7,0,3,0.9,,,,
24505,85.9,11.7,-87.7,0,67.2,154.9,154.8,0,154.8,0.4,1940.3,0,1800,0.7,0,3,0.9,,,,
24534,85.9,11.7,-87.7,0,67.2,154.9,154.9,0,154.9,0.4,1940.3,0,1840,0.7,0,7,0.9,,,,
24558,85.9,11.7,-87.7,0,67.2,154.9,154.9,0,154.9,0.4,1940.3,0,1840,0.7,0,3,0.9,,,,
24593,85.9,11.7,-87.7,0,67.2,154.9,154.9,0,154.9,0.4,1940.3,0,1840,0.7,0,3,0.9,,,,
24638,85.9,11.7,-87.7,0,67.2,154.9,155,0,155,0.4,1940.3,0,1860,0.7,0,3,0.9,,,,
24675,85.9,11.7,-87.7,0,67.2,154.9,155,0,155,0.4,1940.3,0,1860,0.7,0,3,0,,,,
24703,85.9,11.7,-87.7,0,67.2,154.9,154.8,0,154.8,0.4,1940.3,0,1900,0.7,0,3,0,,,,
24728,85.9,11.7,-87.7,0,67.2,154.9,154.7,0,154.7,0.4,1940.3,0,1900,0.7,0,3,0,,,,
24753,85.9,11.7,-87.7,0,67.2,154.9,154.9,0,154.9,0.4,1940.3,0,1900,0.7,0,3,0,,,,
24779,85.9,11.7,-87.7,0,67.2,154.9,154.8,0,154.8,0.4,1940.3,0,1920,0.7,0,0,0,,,,
24808,85.9,11.7,-87.7,0,67.2,154.9,154.7,0,154.7,0.4,1940.3,0,1940,0.7,0,0,0,,,,
24832,85.9,11.7,-87.7,0,67.2,154.9,154.9,0,154.9,0.4,1940.3,0,1940,0.7,0,3,0,,,,
24858,85.9,11.7,-87.7,0,67.2,154.9,154.9,0,154.9,0.4,1940.3,0,1920,0.7,0,3,0,,,,
24885,85.9,11.7,-87.7,0,67.2,154.9,154.9,0,154.9,0.4,1940.3,0,1920,0.7,0,3,0,,,,
24913,85.9,11.7,-87.7,0,67.2,154.9,155.1,0,155.1,0.4,1940.3,0,1940,0.7,0,0,0,,,,
24945,85.9,11.7,-87.7,0,67.2,154.9,155,0,155,0.4,1940.3,0,1940,0.7,0,0,0,,,,
24975,85.9,11.7,-87.7,0,67.2,154.9,155,0,155,0.4,1940.3,0,1960,0.7,0,0,0,,,,
25008,85.9,11.7,-87.7,0,67.2,154.9,154.9,0,154.9,0.4,1940.3,0,1980,0.7,0,0,0,,,,
25036,85.9,11.7,-87.7,0,67.2,154.9,154.9,0,154.9,0.4,1940.3,0,2000,0.7,0,3,0,,,,
25066,85.9,11.7,-87.7,0,67.2,154.9,154.9,0,154.9,0.4,1940.3,0,1980,0.7,0,0,0,,,,
25104,85.9,11.7,-87.7,0,67.2,154.9,155,0,155,0.4,1940.3,0,1980,0.7,0,0,0,,,,
25152,85.9,11.7,-87.7,0,67.2,154.9,154.9,0,154.9,0.4,1940.3,0,1980,0.7,0,0,0,,,,
25184,85.9,11.7,-87.7,0,67.2,154.9,154.6,0,154.6,0.4,1940.3,0,1980,0.7,0,0,0,,,,
25212,85.9,11.7,-87.7,0,67.2,154.9,154.9,0,154.9,0.4,1940.3,0,1980,0.7,0,0,0,,,,
25241,85.9,11.7,-87.7,0,67.2,154.9,154.9,0,154.9,0.4,1940.3,0,1980,0.7,0,3,0,,,,
25265,85.9,11.7,-87.7,0,67.2,154.9,154.9,0,154.9,0.4,1940.3,0,1980,0.7,0,0,0,,,,
25299,85.9,11.7,-87.7,0,67.2,154.9,154.9,0,154.9,0.4,1940.3,0,1980,0.7,0,0,0,,,,
25339,85.9,11.7,-87.7,0,67.2,154.9,154.9,0,154.9,0.4,1940.3,0,1980,0.7,0,0,0,,,,
25371,85.9,11.7,-87.8,-0.1,67.2,154.9,154.9,0,154.9,0.4,1940.3,0,1960,0.7,0,3,0,,,,
25402,85.8,11.7,-87.7,0,67.2,154.9,154.8,0,154.8,0.4,1940.3,0,1980,0.7,0,0,0,,,,
25424,85.6,11.7,-87.7,0,67.1,154.9,154.8,0,154.8,0.4,1940.7,0,1980,0.7,0,0,0,,,,
25457,85.4,11.7,-87.6,0,67.1,154.7,154.5,0,154.5,0.4,1941.5,0,1960,0.7,0,0,0,,,,
25480,85.1,11.7,-87.5,0,66.9,154.5,154.2,0,154.2,0.4,1943,0,1960,0.7,0,0,0,,,,
25505,84.7,11.7,-87.5,0,66.8,154.3,154.2,0,154.2,0.4,1945.2,0,1960,0.7,0,0,0,,,,
25533,84.3,11.7,-87.4,0.1,66.7,154.1,154,0,154,0.4,1948,0,1940,0.7,0,3,0,,,,
25558,83.8,11.7,-87.2,0.1,66.5,153.8,153.4,0,153.4,0.4,1951.6,0,1940,0.7,0,0,0,,,,
25585,83.2,11.7,-87,0.1,66.3,153.4,153.2,0,153.2,0.4,1956.1,0,1960,0.7,0,0,0,,,,
25624,82.3,11.8,-86.7,0.2,66,153,152.5,0,152.5,0.4,1960.5,0,1940,0.7,0,0,0,,,,
25671,81.1,11.9,-86.3,0.2,65.4,151.9,151,0,151,0.4,1966.6,0,1920,0.7,0,0,0,,,,
25700,80.3,12,-85.9,0.2,65.1,151.2,150.4,0,150.4,0.4,1980.8,0,1940,0.7,0,3,0,,,,
25732,79.5,12.1,-85.6,0.2,64.8,150.6,149.6,0,149.6,0.4,1988.6,0,1960,0.7,0,3,0,,,,
25764,78.9,12.2,-85.2,0.2,64.6,150,148.8,0,148.8,0.4,1996.4,0,1940,0.7,0,3,0,,,,
25788,78.4,12.2,-85,0.2,64.3,149.4,148.6,0,148.6,0.4,2002.6,0,1960,0.7,0,3,0,,,,
25811,78.1,12.3,-84.8,0.1,64.1,149,148.4,0,148.4,0.4,2009,0,1960,0.7,0,3,0,,,,
25834,77.9,12.3,-84.7,0.1,64,148.8,148.3,0,148.3,0.4,2012.8,0,1980,0.7,0,3,0,,,,
25857,77.7,12.4,-84.6,0,64,148.6,148.4,0,148.4,0.4,2015.4,0,2000,0.7,0,3,0,,,,
25879,77.5,12.4,-84.6,0,63.9,148.5,148.5,0,148.5,0.4,2017.4,0,1980,0.7,0,3,0,,,,
25904,77.5,12.5,-84.6,0,63.8,148.4,148.4,0,148.4,0.4,2019.1,0,2000,0.7,0,3,0,,,,
25928,77.4,12.5,-84.6,0,63.8,148.4,148.3,0,148.3,0.4,2020.4,0,2020,0.7,0,3,0,,,,
25950,77.4,12.5,-84.5,0,63.8,148.3,148.3,0,148.3,0.4,2021.1,0,2000,0.7,0,3,0,,,,
25974,77.4,12.5,-84.5,0.1,63.8,148.3,148.3,0,148.3,0.4,2021.5,0,2020,0.7,0,3,0,,,,
26001,77.4,12.6,-84.5,0,63.8,148.3,148.1,0,148.1,0.4,2021.8,0,2020,0.7,0,3,0,,,,
26025,77.5,12.6,-84.5,0,63.8,148.3,148.1,0,148.1,0.4,2021.8,0,2040,0.7,0,3,0,,,,
26054,77.5,12.6,-84.4,0,63.8,148.2,148.1,0,148.1,0.4,2021.7,0,2040,0.7,0,0,0,,,,
26086,77.5,12.6,-84.4,0,63.8,148.2,148.3,0,148.3,0.4,2021.7,0,2040,0.7,0,3,0,,,,
26134,77.5,12.6,-84.5,0,63.8,148.2,148.3,0,148.3,0.4,2021.6,0,2060,0.7,0,0,0,,,,
26182,77.5,12.7,-84.5,0,63.8,148.3,148.3,0,148.3,0.4,2021.6,0,2080,0.7,0,3,0,,,,
26208,77.5,12.7,-84.5,0,63.8,148.3,148.4,0,148.4,0.4,2022.3,0,2060,0.7,0,0,0,,,,
26234,77.5,12.7,-84.5,0,63.8,148.3,148.3,0,148.3,0.4,2022.6,0,2080,0.7,0,0,0,,,,
26264,77.5,12.7,-84.5,0,63.8,148.2,148.1,0,148.1,0.4,2022.8,0,2060,0.7,0,0,0,,,,
26290,77.5,12.7,-84.5,0,63.8,148.2,148.3,0,148.3,0.4,2022.9,0,2100,0.7,0,0,0,,,,
26314,77.5,12.7,-84.5,0,63.8,148.2,148.2,0,148.2,0.4,2023,0,2060,0.7,0,0,0,,,,
26339,77.5,12.7,-84.5,0,63.8,148.2,148.2,0,148.2,0.4,2022.9,0,2060,0.7,0,3,0,,,,
26362,77.5,12.7,-84.5,0,63.8,148.2,148.2,0,148.2,0.4,2022.8,0,2060,0.7,0,0,0,,,,
26388,77.5,12.7,-84.5,0,63.8,148.2,148.3,0,148.3,0.4,2022.7,0,2080,0.7,0,0,0,,,,
26411,77.5,12.7,-84.5,0,63.8,148.2,148.3,0,148.3,0.4,2022.6,0,2080,0.7,0,3,0,,,,
26435,77.5,12.7,-84.5,0,63.8,148.2,148.2,0,148.2,0.4,2022.6,0,2060,0.7,0,0,0,,,,
26459,77.5,12.7,-84.5,0,63.8,148.2,148.2,0,148.2,0.4,2022.5,0,2060,0.7,0,0,0,,,,
26487,77.5,12.7,-84.5,0,63.8,148.2,148.3,0,148.3,0.4,2022.5,0,2060,0.7,0,0,0,,,,
26512,77.5,12.7,-84.5,0,63.8,148.2,148.3,0,148.3,0.4,2022.6,0,2060,0.7,0,0,0,,,,
26538,77.5,12.7,-84.5,0,63.8,148.2,148.4,0,148.4,0.4,2022.6,0,2080,0.7,0,0,0,,,,
26566,77.5,12.7,-84.5,0,63.8,148.2,148.2,0,148.2,0.4,2022.6,0,2080,0.7,0,3,0,,,,
26591,77.5,12.7,-84.5,0,63.8,148.2,148.2,0,148.2,0.4,2022.6,0,2080,0.7,0,0,0,,,,
26639,77.5,12.7,-84.5,0,63.8,148.2,148.2,0,148.2,0.4,2022.6,0,2060,0.7,0,0,0,,,,
26693,77.5,12.9,-84.4,0,63.7,148.2,147.9,0,147.9,0.4,2022.6,0,2060,0.7,0,0,0,,,,
26728,77.4,13.2,-84.4,0,63.7,148.1,148.1,0,148.1,0.4,2023.6,0,2060,0.7,0,3,0,,,,
26762,77.4,13.6,-84.5,-0.1,63.6,148.1,148.3,0,148.3,0.4,2025.1,0,2060,0.7,0,0,0,,,,
26789,77.4,14.1,-84.7,-0.1,63.6,148.1,148.6,0,148.6,0.4,2028,0,2040,0.7,0,0,0,,,,
26812,77.4,14.6,-84.9,-0.1,63.5,148.2,149,0,149,0.4,2031.1,0,2040,0.8,0,0,0,,,,
26838,77.4,15.2,-85,0,63.4,148.3,148.8,0,148.8,0.4,2034.6,0,2040,0.8,0,0,0,,,,
26865,77.4,15.9,-85.2,-0.1,63.3,148.3,148.7,0,148.7,0.4,2038.5,0,2040,0.8,0,0,0,,,,
26894,77.4,16.8,-85.3,-0.1,63.1,148.3,148.7,0,148.7,0.4,2042.7,0,2020,0.8,0,3,0,,,,
26919,77.4,17.7,-85.4,-0.1,62.9,148.3,148.6,0,148.6,0.4,2047.5,0,2020,0.8,0,0,0,,,,
26945,77.4,18.6,-85.5,-0.1,62.8,148.2,148.4,0,148.4,0.4,2052.6,0,2040,0.8,0,0,0,,,,
26971,77.4,19.6,-85.6,0,62.6,148.1,148.4,0,148.4,0.4,2055.6,0,2020,0.8,0,0,0,,,,
26999,77.4,20.8,-85.6,0,62.4,148,148.1,0,148.1,0.4,2057.8,0,2000,0.8,0,0,0,,,,
27035,77.4,22.3,-85.7,0,62.1,147.7,148.1,0,148.1,0.4,2058,0,2000,0.8,0,0,0,,,,
27064,77.3,23.7,-85.8,-0.1,61.8,147.5,147.8,0,147.8,0.4,2053.4,0,2020,0.8,0,0,0,,,,
27095,77.3,25.1,-85.8,0,61.5,147.3,147.4,0,147.4,0.4,2044.7,0,2000,0.8,0,0,0,,,,
27123,77.3,26.5,-85.9,0,61.1,147,147,0,147,0.4,2031.7,0,2000,0.8,0,0,0,,,,
27169,77.3,28.9,-85.9,0,60.8,146.7,146.7,0,146.7,0.4,2013.5,0,2000,0.7,0,0,0,,,,
27227,77.2,32.1,-85.8,0,60,145.8,145.6,0,145.6,0.4,1992.6,0,2040,0.7,0,3,0,,,,
27268,77.2,34.3,-85.8,-0.1,59.4,145.2,145.1,0,145.1,0.4,1941.4,0,2020,0.7,0,0,0,,,,
27306,77.1,36.4,-86.1,-0.3,58.8,144.7,145.2,0,145.2,0.4,1913.6,0,2020,0.7,0,0,0,,,,
27342,77.1,38.6,-86.9,-0.5,58.3,144.7,146.3,0,146.3,0.4,1890.9,0,2020,0.7,0,0,0,,,,
27375,77.1,40.6,-88.3,-1,57.7,145.2,148.4,0,148.4,0.4,1874.6,0,2020,0.7,0,0,0,,,,
27413,77.1,42.6,-91.8,-2.1,57.2,146.6,153.1,0,153.1,0.4,1864.5,0,2000,0.7,0,0,0,,,,
27440,77.1,44,-95.2,-2.3,56.8,149.8,159.8,0,159.8,0.4,1859.8,0,1980,0.7,0,0,0,,,,
27469,77.1,45.3,-99.6,-2.9,56.5,153.5,164.9,0,164.9,0.5,1856.8,0,1980,0.7,0,0,0,,,,
27493,77.1,46.4,-104.3,-3.5,56.2,157.6,171.7,0,171.7,0.5,1854.1,0,1980,0.7,0,0,0,,,,
27525,77.2,47.5,-111.4,-4.1,56,163.4,180.8,0,180.8,0.5,1851.2,0,1980,0.7,0,0,0,,,,
27553,77.2,48.5,-117.7,-4.1,55.8,170.4,189.2,0,189.2,0.5,1847.1,0,1980,0.7,0,0,0,,,,
27577,77.3,49.3,-123.2,-4,56.3,176.3,194.4,0,194.4,0.5,1842.2,0,1960,0.7,0,3,0,,,,
27605,77.3,50.1,-129.6,-3.7,56.2,182.7,200.3,0,200.3,0.6,1838.4,0,1940,0.7,0,0,0,,,,
27631,77.4,50.9,-134.1,-2.8,56.1,187.5,202.6,0,202.6,0.6,1833.5,0,1960,0.7,0,0,0,,,,
27678,77.5,52,-140.1,-1.9,56,192.3,203,0,203,0.6,1829.5,0,1940,0.7,0,0,0,,,,
27735,77.9,52.8,-143.3,-0.3,55.9,198.8,201.8,0,201.8,0.6,1824.6,0,1920,0.7,0,0,0,,,,
27772,78.2,53,-143.8,-0.2,55.9,199.5,200.6,0,200.6,0.6,1815.5,0,1920,0.7,0,0,0,,,,
27809,78.4,53.1,-144.1,-0.1,56,200,200.4,0,200.4,0.6,1813,0,1900,0.7,0,0,0,,,,
27847,78.7,52.9,-144.3,-0.1,56.1,200.3,200.8,0,200.8,0.6,1811.4,0,1920,0.7,0,0,0,,,,
27884,78.9,52.5,-144.4,0,56.3,200.6,200.8,0,200.8,0.6,1811.4,0,1900,0.7,0,0,0,,,,
27915,79,52.1,-144.4,-0.1,56.5,200.8,200.8,0,200.8,0.6,1812.4,0,1900,0.7,0,0,0,,,,
27958,79.1,51.5,-144.5,0,56.7,201.1,201.3,0,201.3,0.6,1814.2,0,1880,0.7,0,0,0,,,,
27988,79.2,50.9,-144.5,0,56.9,201.4,201.6,0,201.6,0.6,1816.8,0,1860,0.7,0,0,0,,,,
28020,79.2,50.2,-144.4,0,57.1,201.6,201.3,0,201.3,0.6,1820.4,0,1880,0.7,0,0,0,,,,
28055,79.2,49.4,-144.4,0,57.4,201.8,201.9,0,201.9,0.6,1823.3,0,1860,0.7,0,0,0,,,,
28084,79.1,48.7,-144.4,-0.1,57.6,202,201.9,0,201.9,0.6,1827.5,0,1860,0.7,0,0,0,,,,
28110,79,48.2,-144.5,-0.1,57.1,201.5,201.6,0,201.6,0.6,1831.6,0,1860,0.7,0,0,0,,,,
28140,78.7,47.5,-144.5,0,57.2,201.7,201.8,0,201.8,0.6,1834.4,0,1840,0.7,0,3,0,,,,
28174,78.2,46.8,-144.4,0,57.2,201.7,201.5,0,201.5,0.6,1838.3,0,1860,0.7,0,0,0,,,,
28212,77.4,46.1,-144.4,0,57.2,201.6,201.7,0,201.7,0.6,1841.9,0,1840,0.7,0,0,0,,,,
28271,75.9,45.1,-144.3,0.1,56.8,201.2,201.1,0,201.1,0.6,1845.3,0,1860,0.7,0,0,0,,,,
28304,74.7,44.4,-144.2,0,56.5,200.8,200.7,0,200.7,0.6,1852.3,0,1840,0.7,0,0,0,,,,
28335,73.7,43.8,-144.2,0,56.3,200.5,200.6,0,200.6,0.6,1855.9,0,1820,0.7,0,3,0,,,,
28362,72.7,43.1,-144.3,0,56,200.3,200.1,0,200.1,0.6,1858.1,0,1860,0.7,0,0,0,,,,
28388,71.8,42.5,-144.3,0,55.8,200.1,200.1,0,200.1,0.6,1859.3,0,1860,0.7,0,0,0,,,,
28424,70.5,41.7,-144.5,0,55.5,199.9,200.4,0,200.4,0.6,1860,0,1840,0.7,0,3,0,,,,
28460,69,40.5,-144.5,0,55.3,199.8,199.9,0,199.9,0.6,1860.5,0,1860,0.7,0,0,0,,,,
28489,67.8,39.7,-144.6,-0.1,55,199.5,199.6,0,199.6,0.6,1862.2,0,1860,0.7,0,3,0,,,,
28519,66.6,38.8,-144.7,-0.1,54.8,199.4,200,0,200,0.6,1866.4,0,1840,0.7,0,0,0,,,,
28548,65.4,37.8,-144.7,0,54.6,199.3,199.6,0,199.6,0.6,1871.6,0,1880,0.7,0,3,0,,,,
28575,64.3,36.9,-144.7,0,54.4,199.1,199.1,0,199.1,0.6,1879.1,0,1860,0.7,0,0,0,,,,
28601,63.2,36,-144.8,0,54.2,199,199.1,0,199.1,0.6,1888.1,0,1860,0.7,0,0,0,,,,
28624,62.3,35.2,-144.8,0,54.1,198.9,198.8,0,198.8,0.6,1899,0,1880,0.7,0,0,0,,,,
28653,61.1,34.2,-144.8,0,53.9,198.7,198.8,0,198.8,0.6,1908.5,0,1900,0.7,0,3,0,,,,
28688,59.8,33,-144.7,0,53.8,198.6,198.6,0,198.6,0.6,1918.7,0,1900,0.7,0,3,0,,,,
28727,58.2,31.6,-144.7,0,53.6,198.4,198.2,0,198.2,0.6,1931.1,0,1900,0.7,0,0,0,,,,
28788,55.6,29.3,-144.8,0,53.3,198,197.9,0,197.9,0.6,1944.8,0,1920,0.7,0,3,0,,,,
28820,54.1,28.1,-144.8,0,53.1,197.9,197.9,0,197.9,0.6,1971.1,0,1920,0.7,0,0,0,,,,
28850,52.7,27,-144.8,0,52.9,197.7,197.6,0,197.6,0.6,1988.5,0,1920,0.6,0,0,0,,,,
28875,51.5,26.1,-144.8,0,52.7,197.5,197.5,0,197.5,0.6,2004.7,0,1920,0.6,0,0,0,,,,
28898,50.4,25.3,-144.7,0,52.6,197.3,197.2,0,197.2,0.6,2019.1,0,1920,0.6,0,3,0,,,,
28922,49.1,24.5,-144.7,0,52.4,197.1,197.1,0,197.1,0.6,2031.3,0,1940,0.6,0,3,0,,,,
28944,48,23.8,-144.7,0,52.2,196.9,196.9,0,196.9,0.6,2041.9,0,1920,0.6,0,0,0,,,,
28971,46.7,23,-144.7,0,52,196.7,196.6,0,196.6,0.6,2048.9,0,1940,0.6,0,3,0,,,,
28995,45.4,22.2,-144.7,0,51.8,196.5,196.3,0,196.3,0.6,2052.7,0,1960,0.6,0,0,0,,,,
29020,44.1,21.4,-144.6,0,51.6,196.2,196.1,0,196.1,0.6,2052.7,0,1960,0.6,0,3,0,,,,
29045,42.8,20.6,-144.6,0,51.4,196,196,0,196,0.6,2049.3,0,1960,0.6,0,0,0,,,,
29074,41.2,19.7,-144.6,-0.1,51.1,195.7,195.6,0,195.6,0.5,2042.7,0,1960,0.6,0,3,0,,,,
29098,39.9,19,-144.8,-0.3,50.9,195.5,196.2,0,196.2,0.6,2032.9,0,1980,0.6,0,3,0,,,,
29127,38.5,18.3,-145.7,-0.7,50.7,195.9,198.2,0,198.2,0.6,2022.7,0,1980,0.6,0,3,0,,,,
29153,37,17.6,-147.1,-1,50.5,196.7,200.5,0,200.5,0.6,2011.6,0,2000,0.6,0,0,0,,,,
29180,35.7,17,-148.8,-1.2,50.2,198,202.9,0,202.9,0.6,2001,0,2000,0.6,0,3,0,,,,
29211,34.1,16.3,-151.3,-1.5,50,199.7,205.6,0,205.6,0.6,1991.4,0,2020,0.6,0,0,0,,,,
29257,31.9,15.5,-155.5,-1.8,49.8,202.1,209.3,0,209.3,0.6,1981.9,0,2000,0.6,0,0,0,,,,
29308,29.5,14.9,-160.7,-1.6,49.2,208.5,216.6,0,216.6,0.6,1971.8,0,2000,0.6,0,0,0,,,,
29339,28.1,14.6,-163.3,-1.6,49,210.7,217.5,0,217.5,0.6,1953.6,0,2020,0.6,0,0,0,,,,
29375,26.6,14.3,-166.2,-1.3,48.6,213.4,220,0,220,0.6,1947.5,0,2020,0.6,0,0,0,,,,
29406,25.4,14,-168.4,-1.2,48.4,215.6,221,0,221,0.6,1940.2,0,2020,0.6,0,0,0,,,,
29436,24.4,13.7,-170.2,-0.9,48.2,217.4,222.4,0,222.4,0.6,1934.3,0,2000,0.6,0,0,0,,,,
29465,23.7,13.5,-171.7,-0.9,48,218.9,223,0,223,0.6,1930.2,0,2000,0.6,0,0,0,,,,
29498,23.1,13.3,-173.5,-0.9,47.9,220.3,224.4,0,224.4,0.6,1926.8,0,2000,0.6,0,0,0,,,,
29581,22.3,13,-176.8,-0.5,47.9,221.9,226.1,0,226.1,0.6,1924.4,0,2000,0.6,-1,5135,-0.1,,,,
29645,22.3,12.8,-178.2,-0.4,47.8,225,226.9,0,226.9,0.6,1922.5,0,1980,0.6,-1,3364,-0.1,,,,
29702,22.4,12.6,-179.7,-0.5,47.9,226.5,228.3,0,228.3,0.7,1920.3,0,1980,0.6,-1,1680,-0.1,,,,
29763,22.6,12.4,178.7,-0.6,48,228,229.9,0,229.9,0.7,1920.4,0,1960,0.6,-1,761,-0.1,,,,
29854,22.8,12.1,176.2,-0.5,48.1,230.7,233,0,233,0.7,1920.8,0,1960,0.6,-1,1625,-0.1,,,,
29907,22.9,11.9,174.8,-0.4,48.2,232.4,234.5,0,234.5,0.7,1921.5,0,1940,0.6,-1,1490,-0.1,,,,
29951,23.1,11.8,173.9,-0.1,48.3,233.7,235.9,0,235.9,0.7,1921.9,0,1940,0.6,-1,2835,-0.1,,,,
30009,23.2,11.8,173.8,-0.1,48.4,234.5,234.6,0,234.6,0.7,1922.3,0,1960,0.6,-1,2434,-0.1,,,,
30071,23.4,11.7,174,0,48.4,234.6,234.7,0,234.7,0.7,1922.8,0,1940,0.6,-1,1862,-0.1,,,,
30148,23.4,11.7,174.1,0,48.4,234.5,234.3,0,234.3,0.7,1923.2,0,1960,0.6,-1,1038,-0.1,,,,
30204,23.4,11.7,174,0,48.4,234.4,234.7,0,234.7,0.7,1923.6,0,1960,0.6,-1,922,-0.1,,,,
30259,23.3,11.8,174.1,0,48.4,234.4,234.3,0,234.3,0.7,1923.7,0,2000,0.6,-1,769,-0.1,,,,
30351,23.1,11.8,174.2,0,48.4,234.3,234.1,0,234.1,0.7,1923.7,0,1980,0.6,-1,688,-0.1,,,,
30431,22.7,11.9,174,-0.1,48.3,234.2,234.3,0,234.3,0.7,1923.4,0,1960,0.6,-1,641,-0.1,,,,
30472,22.5,11.9,174,0,48.2,234.2,234.2,0,234.2,0.7,1922.3,0,1960,0.6,-1,852,-0.1,,,,
30531,22.2,11.9,174,0.1,48.1,234.1,234.6,0,234.6,0.7,1921.3,0,1980,0.6,-1,816,-0.1,,,,
30595,22,12,174.1,0,48.1,234,234.1,0,234.1,0.7,1920.5,0,1980,0.6,-1,787,-0.1,,,,
30651,22,12,174,0,48,234,233.7,0,233.7,0.7,1919.5,0,1980,0.6,-1,674,-0.1,,,,
30717,22,12,174,0,48,234,234,0,234,0.7,1919,0,1980,0.6,-1,732,-0.1,,,,
30773,22,12,174,0,48,234,234,0,234,0.7,1919,0,1980,0.6,-1,688,-0.1,,,,
30856,21.8,12,173.9,-0.1,48,234,233.9,0,233.9,0.7,1919.1,0,1980,0.6,-1,404,-0.1,,,,
30946,21.1,12.2,173.1,-0.2,47.9,234.2,234.9,0,234.9,0.7,1919.1,0,1960,0.6,-1,193,-0.1,,,,
31009,20.3,12.4,172.1,-0.3,47.7,234.8,236,0,236,0.7,1918,0,1940,0.6,-1,495,-0.1,,,,
31060,19.3,12.7,171.5,-0.1,47.4,235.5,236.7,0,236.7,0.7,1915.9,0,1940,0.6,-1,911,-0.1,,,,
31136,17.3,13,171.1,0.1,47.1,235.8,236.2,0,236.2,0.7,1913,0,1920,0.6,-1,1232,-0.1,,,,
31206,15.4,13.2,171.8,0.2,46.6,235.4,234.9,0,234.9,0.7,1909.6,0,1920,0.6,-1,1443,-0.1,,,,
31279,13.4,13.5,171.7,-0.2,46.1,234.2,234,0,234,0.7,1903.9,0,1900,0.6,-1,4312,-0.1,,,,
31362,12,13.8,170.6,-0.4,45.5,233.9,234.4,0,234.4,0.7,1899.1,0,1920,0.6,-1,8809,-0.1,,,,
31449,11.8,14.2,168.2,-0.6,45.1,235.4,237.7,0,237.7,0.7,1894.1,0,1900,0.6,-1,9451,-0.1,,,,
31488,12,14.3,166.8,-0.6,45.1,237.4,240.2,0,240.2,0.7,1891,0,1920,0.6,0,5292,-0.1,,,,
31523,12.4,14.3,165.4,-0.8,45.2,238.8,241.9,0,241.9,0.7,1891.2,0,1900,0.6,0,816,-0.1,,,,
31554,12.9,14.5,163.9,-0.9,45.3,240.4,244.1,0,244.1,0.7,1891.8,0,1920,0.6,0,204,-0.1,,,,
31587,13.2,14.5,162.6,-0.5,45.4,241.9,245.9,0,245.9,0.7,1892.8,0,1940,0.6,0,58,-0.1,,,,
31613,13.3,14.6,162.1,-0.3,45.4,243,244.7,0,244.7,0.7,1893.7,0,1980,0.6,0,21,-0.1,,,,
31640,13.5,14.7,161.5,-0.5,45.4,243.5,245.3,0,245.3,0.7,1894.2,0,1960,0.6,0,10,-0.1,,,,
31667,13.7,14.7,160.8,-0.3,45.5,244.2,246.1,0,246.1,0.7,1894.5,0,1940,0.6,0,10,-0.1,,,,
31694,13.9,14.7,160.6,-0.1,45.5,244.8,245.4,0,245.4,0.7,1895,0,1960,0.6,0,7,-0.1,,,,
31718,13.9,14.7,160.6,0,45.5,244.9,245.1,0,245.1,0.7,1895.5,0,1960,0.6,0,3,-0.1,,,,
31747,14,14.7,160.6,0,45.5,245,245.2,0,245.2,0.7,1895.6,0,1980,0.6,0,3,-0.1,,,,
31781,13.9,14.7,160.7,0,45.6,244.9,244.6,0,244.6,0.7,1895.8,0,1980,0.6,0,3,-0.1,,,,
31809,13.9,14.7,160.8,0,45.5,244.8,244.7,0,244.7,0.7,1895.8,0,1980,0.6,0,3,-0.1,,,,
31834,13.9,14.7,160.8,0,45.5,244.8,244.7,0,244.7,0.7,1895.8,0,1980,0.6,0,3,-0.1,,,,
31867,13.9,14.7,160.8,0,45.5,244.7,244.7,0,244.7,0.7,1895.8,0,1980,0.6,0,3,-0.1,,,,
31896,13.9,14.7,160.8,0,45.5,244.7,244.8,0,244.8,0.7,1895.7,0,1980,0.6,0,0,-0.1,,,,
31938,13.8,14.7,160.8,0,45.5,244.7,244.9,0,244.9,0.7,1895.7,0,1980,0.6,0,0,-0.1,,,,
32018,13.9,14.7,160.8,0,45.5,244.7,244.8,0,244.8,0.7,1895.6,0,1980,0.6,-1,5664,-0.1,,,,
32077,13.8,14.7,160.8,0,45.5,244.7,244.7,0,244.7,0.7,1895.6,0,1980,0.6,-1,3502,-0.1,,,,
32127,13.8,14.7,160.8,0,45.5,244.7,244.5,0,244.5,0.7,1895.6,0,1940,0.6,-1,2358,-0.1,,,,
32181,13.9,14.7,160.8,0,45.5,244.7,244.8,0,244.8,0.7,1895.6,0,1960,0.6,-1,1308,-0.1,,,,
32231,13.8,14.7,160.9,0,45.5,244.7,244.5,0,244.5,0.7,1895.6,0,1940,0.6,-1,965,-0.1,,,,
32267,13.8,14.7,160.9,0.1,45.5,244.7,244.5,0,244.5,0.7,1895.6,0,1960,0.6,0,543,-0.1,,,,
32295,13.8,14.7,160.9,-0.1,45.5,244.6,244.7,0,244.7,0.7,1895.6,0,1940,0.6,0,123,-0.1,,,,
32340,13.8,14.7,161,0.1,45.5,244.7,244.5,0,244.5,0.7,1895.6,0,1940,0.6,0,14,-0.1,,,,
32380,13.8,14.6,161.7,0.6,45.5,244.4,243.3,0,243.3,0.7,1895.6,0,1960,0.6,0,7,-0.1,,,,
32415,13.8,14.6,163.2,0.9,45.5,243.1,239.9,0,239.9,0.7,1895.5,0,1940,0.6,0,3,-0.1,,,,
32460,13.8,14.6,166.1,1.3,45.5,240.5,234.8,0,234.8,0.7,1895.6,0,1940,0.6,0,3,-0.1,,,,
32490,13.8,14.6,168.4,1.2,45.5,238.3,231.9,0,231.9,0.7,1895.6,0,1940,0.6,0,3,-0.1,,,,
32518,13.8,14.6,169.8,0.6,45.5,236.5,232.1,0,232.1,0.7,1895.7,0,1920,0.6,0,3,-0.1,,,,
32550,13.8,14.6,170.6,0.3,45.5,235.3,233.1,0,233.1,0.7,1895.6,0,1920,0.6,0,3,-0.1,,,,
32588,13.8,14.6,170.9,0,45.5,234.6,233.4,0,233.4,0.7,1895.6,0,1920,0.6,0,3,-0.1,,,,
32640,13.7,14.6,170.4,-0.1,45.5,234.7,235.7,0,235.7,0.7,1895.6,0,1920,0.6,0,0,-0.1,,,,
32672,13.7,14.6,170.6,0.4,45.5,235.1,235.1,0,235.1,0.7,1895.4,0,1920,0.6,0,0,-0.1,,,,
32705,13.7,14.6,172,1.1,45.5,234.3,231.1,0,231.1,0.7,1895.4,0,1920,0.6,0,0,-0.1,,,,
32740,13.7,14.6,175,1.8,45.4,232.3,225.7,0,225.7,0.6,1895.5,0,1920,0.6,0,0,-0.1,,,,
32775,13.7,14.6,179,2,45.4,228.8,220.2,0,220.2,0.6,1895.4,0,1900,0.6,0,3,-0.1,,,,
32807,13.7,14.6,-178,1.3,45.4,225.1,217.2,0,217.2,0.6,1895.4,0,1900,0.6,0,3,-0.1,,,,
32836,13.7,14.6,-176.5,0.8,45.4,222.8,218,0,218,0.6,1895.3,0,1920,0.6,0,0,-0.1,,,,
32863,13.7,14.6,-175.6,0.4,45.3,221.4,218.7,0,218.7,0.6,1895.3,0,1900,0.6,0,3,-0.1,,,,
32903,13.6,14.6,-175.2,-0.1,45.3,220.7,219.5,0,219.5,0.6,1895.2,0,1900,0.6,0,3,-0.1,,,,
32934,13.6,14.6,-175.6,-0.3,45.3,220.7,221.9,0,221.9,0.6,1895.1,0,1900,0.6,0,0,-0.1,,,,
32982,13.6,14.6,-176.1,0,45.3,221.3,222.1,0,222.1,0.6,1895.1,0,1920,0.6,0,0,-0.1,,,,
33009,13.6,14.6,-176.1,0,45.3,221.5,221.7,0,221.7,0.6,1895.1,0,1920,0.6,0,3,-0.1,,,,
33035,13.6,14.6,-176,0,45.3,221.4,221.2,0,221.2,0.6,1895.1,0,1920,0.6,0,3,-0.1,,,,
33065,13.6,14.6,-175.9,0,45.3,221.3,221,0,221,0.6,1895.1,0,1900,0.6,0,3,-0.1,,,,
33103,13.6,14.6,-175.9,0,45.3,221.3,221.3,0,221.3,0.6,1895.1,0,1920,0.6,0,0,-0.1,,,,
33134,13.6,14.6,-176,0,45.3,221.3,221.3,0,221.3,0.6,1895.1,0,1920,0.6,0,0,-0.1,,,,
33177,13.7,14.6,-176,-0.1,45.3,221.3,221.6,0,221.6,0.6,1895.1,0,1940,0.6,0,0,-0.1,,,,
33210,13.8,14.6,-176.1,-0.1,45.4,221.4,221.6,0,221.6,0.6,1895.1,0,1920,0.6,0,0,-0.1,,,,
33235,13.9,14.6,-176.1,0,45.4,221.5,221.5,0,221.5,0.6,1895.3,0,1920,0.6,0,0,-0.1,,,,
33261,14,14.6,-176.2,0,45.4,221.6,221.5,0,221.5,0.6,1895.5,0,1940,0.6,0,0,-0.1,,,,
33289,14.2,14.6,-176.2,0,45.4,221.7,222,0,222,0.6,1895.8,0,1920,0.6,0,0,-0.1,,,,
33322,14.5,14.6,-176.3,0,45.5,221.8,221.7,0,221.7,0.6,1896.2,0,1920,0.6,0,0,-0.1,,,,
33351,14.7,14.6,-176.3,0,45.6,221.8,221.8,0,221.8,0.6,1896.8,0,1940,0.6,0,0,-0.1,,,,
33379,15,14.6,-176.2,0,45.6,221.9,221.8,0,221.8,0.6,1897.4,0,1920,0.6,0,3,-0.1,,,,
33417,15.4,14.6,-176.2,0,45.7,221.9,221.8,0,221.8,0.6,1898,0,1920,0.6,0,0,-0.1,,,,
33460,15.9,14.6,-176.2,0,45.8,222,221.8,0,221.8,0.6,1898.8,0,1920,0.6,0,0,-0.1,,,,
33505,16.5,14.7,-176.2,0,45.9,222.2,222.3,0,222.3,0.6,1900.1,0,1920,0.6,0,0,-0.1,,,,
33538,16.9,14.7,-176.2,0,46,222.3,222.3,0,222.3,0.6,1901.8,0,1920,0.6,0,0,-0.1,,,,
33570,17.4,14.7,-176.2,0,46.1,222.4,222.3,0,222.3,0.6,1903,0,1920,0.6,0,3,-0.1,,,,
33597,17.9,14.8,-176.2,0.1,46.2,222.5,222.3,0,222.3,0.6,1904.3,0,1920,0.6,0,3,-0.1,,,,
33623,18.4,14.9,-176.2,0,46.3,222.5,222.4,0,222.4,0.6,1905.5,0,1920,0.6,0,0,-0.1,,,,
33649,18.9,15,-176.1,0,46.4,222.6,222.5,0,222.5,0.6,1906.9,0,1920,0.6,0,0,-0.1,,,,
33672,19.4,15.1,-176.1,0,46.5,222.7,222.4,0,222.4,0.6,1908.5,0,1920,0.6,0,0,-0.1,,,,
33694,19.9,15.2,-176.1,0,46.6,222.7,222.6,0,222.6,0.6,1909.9,0,1920,0.6,0,0,-0.1,,,,
33730,20.8,15.3,-176,0.1,46.8,222.8,222.7,0,222.7,0.6,1911.4,0,1940,0.6,0,0,-0.1,,,,
33756,21.5,15.4,-175.9,0.1,46.9,222.9,222.7,0,222.7,0.6,1913.4,0,1920,0.6,0,0,-0.1,,,,
33783,22.2,15.5,-175.8,0,47.1,222.9,222.7,0,222.7,0.6,1916.1,0,1900,0.6,0,3,-0.1,,,,
33812,23,15.7,-175.8,0.1,47.2,223,222.9,0,222.9,0.6,1918.3,0,1920,0.6,0,0,-0.1,,,,
33849,24,15.8,-175.6,0.1,47.4,223.2,222.9,0,222.9,0.6,1920.8,0,1920,0.6,0,0,-0.1,,,,
33876,24.9,16,-175.6,0,47.7,223.2,223,0,223,0.6,1924.6,0,1920,0.6,0,0,-0.1,,,,
33898,25.6,16.1,-175.5,0.1,47.8,223.4,223.2,0,223.2,0.6,1928.6,0,1920,0.6,0,0,-0.1,,,,
33932,26.7,16.2,-175.4,0.1,48,223.5,223.3,0,223.3,0.6,1931.3,0,1940,0.6,0,0,-0.1,,,,
33964,27.8,16.4,-175.3,0,48.3,223.6,223.3,0,223.3,0.6,1934.6,0,1940,0.6,0,0,-0.1,,,,
34013,29.5,16.6,-175.1,0,48.6,223.8,223.6,0,223.6,0.6,1940.6,0,1920,0.6,0,0,-0.1,,,,
34055,31.1,16.8,-175,0,49,224.1,223.7,0,223.7,0.6,1946.4,0,1940,0.6,0,3,-0.1,,,,
34089,32.4,16.8,-174.9,0,49.3,224.3,224,0,224,0.6,1955.6,0,1940,0.6,0,0,-0.1,,,,
34127,34,16.9,-174.8,0,49.7,224.5,224.5,0,224.5,0.6,1962.1,0,1940,0.6,0,0,-0.1,,,,
34157,35.4,17,-174.8,0,50.1,224.9,224.6,0,224.6,0.6,1970.1,0,1920,0.6,0,3,-0.1,,,,
34188,36.8,17,-174.7,0,50.5,225.2,225.1,0,225.1,0.6,1979.4,0,1960,0.6,0,0,-0.1,,,,
34214,37.9,17.1,-174.7,0,50.8,225.5,225.4,0,225.4,0.6,1988.8,0,1940,0.6,0,3,-0.1,,,,
34240,39,17.1,-174.6,0,51.1,225.7,225.6,0,225.6,0.6,1995.9,0,1940,0.6,0,0,-0.1,,,,
34278,40.8,17.1,-174.6,0.1,51.5,226.1,225.9,0,225.9,0.6,2003.1,0,1960,0.6,0,3,-0.1,,,,
34307,42,17.1,-174.6,0.1,51.9,226.5,226.5,0,226.5,0.6,2011.2,0,1960,0.6,0,0,-0.1,,,,
34346,43.8,17.2,-174.5,0,52.4,226.9,226.9,0,226.9,0.6,2021.4,0,1980,0.6,0,3,-0.1,,,,
34383,45.4,17.3,-174.5,0,52.9,227.4,227.3,0,227.3,0.6,2030.2,0,1980,0.6,0,0,-0.1,,,,
34427,47.3,17.3,-174.5,0,53.4,227.9,227.9,0,227.9,0.7,2038.5,0,2000,0.6,0,7,0.9,,,,
34463,48.5,17.4,-174.4,0.1,53.8,228.3,228.3,0,228.3,0.7,2043.8,0,2000,0.6,0,7,0.9,,,,
34520,50.1,17.4,-173.9,0.1,54.4,228.5,227.6,0,227.6,0.7,2046.2,0,2000,0.6,0,3,0.9,,,,
34555,50.8,17.4,-173.8,0.1,54.6,228.5,228.3,0,228.3,0.7,2044.9,0,2000,0.6,0,3,0.9,,,,
34592,51.3,17.4,-173.6,0.1,54.9,228.6,227.9,0,227.9,0.7,2043.1,0,2020,0.6,0,7,0.9,,,,
34621,51.7,17.4,-173.6,0,55,228.6,228.4,0,228.4,0.7,2041,0,2020,0.6,0,7,0.9,,,,
34648,51.9,17.4,-173.5,0,55.1,228.7,228.6,0,228.6,0.7,2039.3,0,2020,0.6,0,3,0.9,,,,
34677,52.1,17.4,-173.5,0,55.2,228.7,228.6,0,228.6,0.7,2038.3,0,1960,0.6,0,7,0.9,,,,
34707,52.3,17.4,-173.5,0,55.2,228.8,228.7,0,228.7,0.7,2037.4,0,1900,0.6,0,3,0.9,,,,
34735,52.4,17.4,-173.5,0,55.3,228.8,228.7,0,228.7,0.7,2036.7,0,1900,0.6,0,7,0.9,,,,
34762,52.4,17.4,-173.6,0,55.3,228.8,228.8,0,228.8,0.7,2036.1,0,1900,0.6,0,7,0.9,,,,
34789,52.5,17.4,-173.6,0,55.3,228.9,228.8,0,228.8,0.7,2035.8,0,1840,0.6,0,7,0.9,,,,
34827,52.5,17.4,-173.6,0,55.3,228.9,228.9,0,228.9,0.7,2035.6,0,1800,0.6,0,7,0.9,,,,
34856,52.5,17.4,-173.6,0,55.3,228.9,228.9,0,228.9,0.7,2035.5,0,1820,0.6,0,7,0.9,,,,
34884,52.4,17.4,-173.6,-0.1,55.3,228.9,228.8,0,228.8,0.7,2035.4,0,1820,0.6,0,3,0.9,,,,
34910,52.4,17.4,-173.6,0,55.3,228.9,228.9,0,228.9,0.7,2035.5,0,1760,0.6,0,3,0.9,,,,
34942,52.4,17.4,-173.6,0,55.3,228.9,229,0,229,0.7,2035.6,0,1740,0.6,0,7,0.9,,,,
34974,52.3,17.4,-173.7,0,55.3,228.9,229.1,0,229.1,0.7,2035.7,0,1740,0.6,0,7,0.9,,,,
35014,52.3,17.4,-173.7,-0.1,55.3,229,229.1,0,229.1,0.7,2035.8,0,1760,0.6,0,7,0.9,,,,
35043,52.3,17.4,-173.7,0,55.3,228.9,228.8,0,228.8,0.7,2036,0,1760,0.6,0,7,0.9,,,,
35076,52.3,17.4,-173.6,0,55.3,228.9,228.8,0,228.8,0.7,2036,0,1780,0.6,0,3,0.9,,,,
35115,52.3,17.4,-173.7,0,55.3,228.9,228.8,0,228.8,0.7,2036,0,1800,0.6,0,3,0.9,,,,
35140,52.3,17.4,-173.7,0,55.3,228.9,229.1,0,229.1,0.7,2035.9,0,1820,0.6,0,7,0.9,,,,
35164,52.3,17.4,-173.7,0,55.3,228.9,228.8,0,228.8,0.7,2035.9,0,1840,0.6,0,3,0.9,,,,
35188,52.3,17.4,-173.7,0,55.3,228.9,229,0,229,0.7,2035.9,0,1820,0.6,0,7,0.9,,,,
35212,52.3,17.4,-173.7,0,55.3,228.9,228.9,0,228.9,0.7,2035.9,0,1820,0.6,0,3,0.9,,,,
35249,52.3,17.4,-173.7,0,55.3,228.9,229,0,229,0.7,2035.9,0,1860,0.6,0,3,0,,,,
35277,52.3,17.4,-173.7,0,55.3,228.9,228.9,0,228.9,0.7,2035.9,0,1860,0.6,0,3,0,,,,
35303,52.3,17.4,-173.7,0,55.3,228.9,229,0,229,0.7,2036,0,1880,0.6,0,3,0,,,,
35327,52.3,17.4,-173.7,0,55.3,228.9,228.9,0,228.9,0.7,2036,0,1880,0.6,0,3,0,,,,
35352,52.3,17.4,-173.7,0,55.3,228.9,228.9,0,228.9,0.7,2036,0,1880,0.6,0,3,0,,,,
35379,52.3,17.4,-173.6,0,55.3,228.9,228.8,0,228.8,0.7,2035.9,0,1900,0.6,0,3,0,,,,
35406,52.3,17.4,-173.6,0,55.3,228.9,228.9,0,228.9,0.7,2035.9,0,1920,0.6,0,0,0,,,,
35433,52.3,17.4,-173.6,0,55.3,228.9,228.8,0,228.8,0.7,2035.9,0,1940,0.6,0,3,0,,,,
35456,52.3,17.4,-173.7,0,55.3,228.9,229,0,229,0.7,2035.9,0,1940,0.6,0,3,0,,,,
35487,52.3,17.4,-173.7,0,55.3,228.9,228.9,0,228.9,0.7,2035.9,0,1940,0.6,0,3,0,,,,
35526,52.3,17.4,-173.7,0,55.3,228.9,229,0,229,0.7,2035.9,0,1960,0.6,0,3,0,,,,
35551,52.3,17.4,-173.7,0,55.3,228.9,229,0,229,0.7,2035.9,0,1960,0.6,0,3,0,,,,
35577,52.3,17.4,-173.7,0,55.3,228.9,228.9,0,228.9,0.7,2035.9,0,1980,0.6,0,3,0,,,,
35610,52.3,17.4,-173.7,0,55.3,228.9,228.9,0,228.9,0.7,2035.9,0,1980,0.6,0,3,0,,,,
35642,52.3,17.4,-173.7,0,55.3,228.9,228.9,0,228.9,0.7,2035.9,0,2000,0.6,0,0,0,,,,
35666,52.3,17.4,-173.7,0,55.3,228.9,229.2,0,229.2,0.7,2035.9,0,2000,0.6,0,0,0,,,,
35695,52.3,17.4,-173.7,0,55.3,228.9,228.9,0,228.9,0.7,2035.9,0,2020,0.6,0,3,0,,,,
35724,52.3,17.4,-173.7,0,55.3,228.9,229,0,229,0.7,2035.9,0,2000,0.6,0,3,0,,,,
35754,52.3,17.4,-173.7,0,55.3,228.9,229.2,0,229.2,0.7,2035.9,0,2020,0.6,0,3,0,,,,
35783,52.3,17.4,-173.7,0,55.3,228.9,229,0,229,0.7,2035.9,0,2040,0.6,0,0,0,,,,
35809,52.3,17.4,-173.7,0,55.3,228.9,228.9,0,228.9,0.7,2035.9,0,2040,0.6,0,3,0,,,,
35836,52.3,17.4,-173.7,0,55.3,228.9,229,0,229,0.7,2035.9,0,2040,0.6,0,3,0,,,,
35871,52.3,17.4,-173.7,0,55.3,228.9,229,0,229,0.7,2035.9,0,2040,0.6,0,0,0,,,,
35901,52.3,17.4,-173.7,0,55.3,228.9,228.9,0,228.9,0.7,2036,0,2060,0.6,0,0,0,,,,
35931,52.3,17.4,-173.7,0,55.3,228.9,229,0,229,0.7,2036,0,2060,0.6,0,0,0,,,,
35953,52.3,17.4,-173.7,0,55.3,228.9,229.1,0,229.1,0.7,2036,0,2060,0.6,0,0,0,,,,
35978,52.3,17.4,-173.7,0,55.3,228.9,228.9,0,228.9,0.7,2036,0,2060,0.6,0,0,0,,,,
36008,52.3,17.4,-173.7,0,55.3,228.9,228.9,0,228.9,0.7,2036,0,2060,0.6,0,0,0,,,,
36044,52.3,17.4,-173.7,0,55.3,228.9,228.9,0,228.9,0.7,2036,0,2060,0.6,0,0,0,,,,
36068,52.3,17.4,-173.7,0,55.3,228.9,228.9,0,228.9,0.7,2036,0,2060,0.6,0,0,0,,,,
36094,52.3,17.4,-173.7,0,55.3,228.9,229.1,0,229.1,0.7,2036,0,2080,0.6,0,0,0,,,,
36120,52.3,17.4,-173.7,0,55.3,228.9,229,0,229,0.7,2036,0,2080,0.6,0,0,0,,,,
36151,52.3,17.4,-173.7,0,55.3,228.9,229,0,229,0.7,2036,0,2060,0.6,0,0,0,,,,
36174,52.3,17.4,-173.7,0,55.3,228.9,229,0,229,0.7,2036,0,2060,0.6,0,3,0,,,,
36198,52.3,17.4,-173.7,0,55.3,228.9,229,0,229,0.7,2036,0,2060,0.6,0,0,0,,,,
36224,52.3,17.4,-173.7,0,55.3,228.9,228.9,0,228.9,0.7,2035.9,0,2080,0.6,0,0,0,,,,
36247,52.3,17.4,-173.7,0,55.3,228.9,228.9,0,228.9,0.7,2035.9,0,2080,0.6,0,0,0,,,,
36274,52.3,17.4,-173.7,0,55.3,228.9,228.9,0,228.9,0.7,2035.9,0,2060,0.6,0,0,0,,,,
36301,52.3,17.4,-173.7,0,55.3,228.9,229,0,229,0.7,2035.9,0,2080,0.6,0,0,0,,,,
36329,52.3,17.4,-173.7,0,55.3,228.9,228.9,0,228.9,0.7,2035.9,0,2100,0.6,0,3,0,,,,
36354,52.3,17.4,-173.7,0,55.3,229,229,0,229,0.7,2035.9,0,2060,0.6,0,0,0,,,,
36384,52.3,17.4,-173.7,0,55.3,229,229,0,229,0.7,2035.9,0,2080,0.6,0,0,0,,,,
36409,52.3,17.4,-173.7,0,55.3,229,228.9,0,228.9,0.7,2035.9,0,2080,0.6,0,0,0,,,,
36437,52.3,17.4,-173.7,0,55.3,229,228.9,0,228.9,0.7,2035.9,0,2060,0.6,0,0,0,,,,
36463,52.3,17.4,-173.7,0,55.3,229,229,0,229,0.7,2035.9,0,2080,0.6,0,3,0,,,,
36489,52.3,17.4,-173.7,0,55.3,229,228.9,0,228.9,0.7,2035.9,0,2080,0.6,0,0,0,,,,
36527,52.3,17.4,-173.7,0,55.3,229,229,0,229,0.7,2035.9,0,2060,0.6,0,0,0,,,,
36580,52.3,17.4,-173.7,0,55.3,229,229,0,229,0.7,2035.9,0,2080,0.6,0,0,0,,,,
36609,52.3,17.4,-173.7,0,55.3,229,228.9,0,228.9,0.7,2035.9,0,2080,0.6,0,0,0,,,,
36647,52.1,17.4,-173.7,0,55.2,229,229,0,229,0.7,2036,0,2080,0.6,0,0,0,,,,
36685,51.8,17.4,-173.7,0,55.1,228.9,228.8,0,228.8,0.7,2036.4,0,2080,0.6,0,0,0,,,,
36726,51.2,17.4,-173.7,-0.1,55,228.7,228.6,0,228.6,0.7,2037.5,0,2060,0.6,0,0,0,,,,
36754,50.7,17.3,-173.8,0,54.9,228.6,228.8,0,228.8,0.7,2039.1,0,2060,0.6,0,0,0,,,,
36788,49.9,17.3,-173.9,0,54.7,228.5,228.9,0,228.9,0.7,2041,0,2040,0.6,0,0,0,,,,
36823,49,17.3,-174,0,54.4,228.4,228.4,0,228.4,0.7,2042.7,0,2040,0.6,0,0,0,,,,
36862,47.9,17.3,-174,0,54.1,228.1,228.1,0,228.1,0.7,2044.6,0,2040,0.6,0,0,0,,,,
36904,46.6,17.1,-174.1,0,53.7,227.8,227.9,0,227.9,0.7,2045.9,0,2040,0.6,0,0,0,,,,
36937,45.5,17,-174.1,0,53.4,227.5,227.6,0,227.6,0.7,2045.3,0,2040,0.6,0,0,0,,,,
36959,44.7,16.9,-174.1,0,53.2,227.3,227.5,0,227.5,0.7,2043.2,0,2040,0.6,0,0,0,,,,
36982,43.9,16.7,-174.2,0,53,227.1,227.1,0,227.1,0.6,2039.7,0,2040,0.6,0,0,0,,,,
37006,43,16.6,-174.2,0,52.7,226.9,226.9,0,226.9,0.6,2036.6,0,2040,0.6,0,0,0,,,,
37040,41.9,16.4,-174.2,0,52.5,226.7,226.8,0,226.8,0.6,2032.1,0,2040,0.6,0,0,0,,,,
37089,40,16,-174.2,0,52,226.3,226.3,0,226.3,0.6,2027.9,0,2060,0.6,0,3,0,,,,
37121,38.8,15.7,-174.2,0,51.7,225.9,225.6,0,225.6,0.6,2015.4,0,2060,0.6,0,0,0,,,,
37145,37.7,15.5,-174.2,0,51.5,225.7,225.5,0,225.5,0.6,2006.4,0,2040,0.6,0,0,0,,,,
37175,36.5,15.2,-174.2,0.1,51.2,225.4,225.3,0,225.3,0.6,1999.9,0,2040,0.6,0,0,0,,,,
37212,34.8,14.9,-174.1,0,50.8,225,225,0,225,0.6,1993.6,0,2040,0.6,0,0,0,,,,
37243,33.4,14.6,-174.1,0.1,50.5,224.6,224.4,0,224.4,0.6,1982.9,0,2060,0.6,0,0,0,,,,
37272,32.1,14.4,-174.1,0,50.2,224.2,223.9,0,223.9,0.6,1974.5,0,2040,0.6,0,0,0,,,,
37299,30.8,14.2,-174.1,0,49.9,224,224,0,224,0.6,1966.7,0,2060,0.6,0,0,0,,,,
37327,29.3,14,-174,0,49.6,223.6,223.6,0,223.6,0.6,1960.8,0,2040,0.6,0,0,0,,,,
37349,28.2,13.9,-174,0.1,49.3,223.3,223.1,0,223.1,0.6,1953,0,2040,0.6,0,0,0,,,,
37377,26.8,13.8,-174,0,49,223,222.9,0,222.9,0.6,1947.1,0,2040,0.6,0,0,0,,,,
37401,25.4,13.7,-173.9,0,48.6,222.6,222.5,0,222.5,0.6,1941.8,0,2040,0.6,0,0,0,,,,
37428,23.9,13.6,-174,-0.2,48.3,222.2,222.1,0,222.1,0.6,1935.4,0,2020,0.6,0,0,0,,,,
37461,22.1,13.6,-174.7,-0.6,47.9,222,223.5,0,223.5,0.6,1930.1,0,2020,0.6,0,0,0,,,,
37490,20.5,13.7,-175.9,-0.8,47.4,222.6,225.6,0,225.6,0.6,1924,0,2000,0.6,0,0,0,,,,
37524,18.7,13.8,-177.5,-1,47,223.5,227.1,0,227.1,0.6,1917.5,0,2020,0.6,0,0,0,,,,
37565,16.6,14,179.7,-1.4,46.5,224.9,230,0,230,0.7,1912.2,0,2000,0.6,0,0,0,,,,
37609,14.3,14.2,176,-1.6,45.8,228.4,235,0,235,0.7,1906.7,0,2000,0.6,0,0,0,,,,
37647,12.4,14.5,172.9,-1.2,45.5,230.7,237.4,0,237.4,0.7,1899.1,0,2000,0.6,0,0,0,,,,
37683,10.6,14.9,170.8,-0.9,44.9,233,237.7,0,237.7,0.7,1895.2,0,2000,0.6,0,0,0,,,,
37723,9.1,15.1,169.9,0.2,44.4,234.5,235.8,0,235.8,0.7,1890.6,0,1980,0.6,0,0,0,,,,
37754,8.4,15.4,170.6,0.5,44.2,234,232.5,0,232.5,0.7,1886.3,0,1980,0.6,0,0,0,,,,
37785,8.2,15.5,171.5,0.5,44,233,230.5,0,230.5,0.7,1884.2,0,1960,0.6,0,0,0,,,,
37867,8.9,15.8,173,0.1,44,232.2,230,0,230,0.7,1883.3,0,1980,0.6,-1,5802,-0.8,,,,
37942,10,15.8,172.5,-0.1,44.1,231.1,231.1,0,231.1,0.7,1883.2,0,1940,0.6,-1,4213,-0.6,,,,
38009,10.7,15.7,172.5,0,44.3,231.9,232.2,0,232.2,0.7,1884.8,0,1940,0.6,-1,4322,0.2,,,,
38073,11.1,15.6,172.4,0,44.5,232,232.2,0,232.2,0.7,1886.9,0,1920,0.6,-1,3411,0.3,,,,
38151,11.1,15.6,172.2,-0.1,44.6,232.2,232.2,0,232.2,0.7,1888.3,0,1920,0.6,-1,1111,-0.2,,,,
38197,10.7,15.6,171.9,-0.2,44.6,232.4,233,0,233,0.7,1889.1,0,1920,0.6,-1,579,-0.2,,,,
38266,9.8,15.7,172.5,0.6,44.5,232.7,233.1,0,233.1,0.7,1888.8,0,1920,0.6,-1,1133,0,,,,
38315,9.2,15.7,174.3,0.7,44.3,231.4,228.5,0,228.5,0.7,1887.8,0,1900,0.6,-1,1654,0,,,,
38395,8.4,15.8,178.6,1,44.1,229.2,225.4,0,225.4,0.6,1886.1,0,1880,0.6,-1,1935,0,,,,
38475,7.9,16.3,-178,0.6,43.8,224.1,220,0,220,0.6,1884.8,0,1860,0.6,-1,1261,-0.1,,,,
38557,7.5,16.8,-174.9,0.7,43.6,220.8,217.9,0,217.9,0.6,1883,0,1860,0.6,-1,2525,0,,,,
38639,7.2,17.1,-172.6,0.4,43.4,217.6,214.9,0,214.9,0.6,1881.9,0,1880,0.6,-1,1297,-0.1,,,,
38723,7.1,17.3,-170.9,0.3,43.2,215.1,213.4,0,213.4,0.6,1880.9,0,1900,0.6,-1,2274,0,,,,
38778,7.3,17.4,-170.3,0,43.2,213.8,212.5,0,212.5,0.6,1880.1,0,1900,0.6,-1,1673,0,,,,
38847,7.4,17.4,-170.2,0.1,43.2,213.4,213.3,0,213.3,0.6,1880,0,1920,0.6,-1,2485,-0.1,,,,
38913,7.6,17.4,-169.7,0.1,43.2,213.3,212.8,0,212.8,0.6,1880.3,0,1940,0.6,-1,2274,0,,,,
38971,7.7,17.4,-169.6,0,43.3,212.9,212.6,0,212.6,0.6,1880.5,0,1940,0.6,-1,3845,0,,,,
39031,7.7,17.4,-169.7,0,43.3,212.9,212.8,0,212.8,0.6,1880.9,0,1940,0.6,-1,4479,0,,,,
39099,7.7,17.4,-169.7,0,43.3,213,212.9,0,212.9,0.6,1881,0,1940,0.6,-1,4990,0,,,,
39148,7.7,17.4,-169.7,0,43.3,213,213,0,213,0.6,1881,0,1940,0.6,0,1334,0,,,,
39194,7.7,17.4,-169.8,0,43.3,213,212.9,0,212.9,0.6,1880.9,0,1940,0.6,0,116,0,,,,
39227,7.6,17.4,-169.8,0,43.3,213,213.2,0,213.2,0.6,1880.9,0,1960,0.6,0,32,0,,,,
39258,7.6,17.4,-169.8,0,43.3,213,213,0,213,0.6,1880.9,0,1940,0.6,0,10,0,,,,
39293,7.7,17.4,-169.8,0,43.3,213.1,213.1,0,213.1,0.6,1880.8,0,1960,0.6,0,7,0,,,,
39330,7.6,17.4,-169.8,0,43.3,213.1,213,0,213,0.6,1880.9,0,1960,0.6,0,3,0,,,,
39362,7.7,17.4,-169.8,0,43.3,213.1,213.1,0,213.1,0.6,1880.8,0,1960,0.6,0,3,0,,,,
39393,7.8,17.4,-169.9,-0.1,43.3,213,213.2,0,213.2,0.6,1880.8,0,1940,0.6,0,0,0,,,,
39437,8.1,17.4,-170,0,43.3,213.2,213.5,0,213.5,0.6,1881,0,1940,0.6,0,0,0,,,,
39471,8.5,17.4,-170,0,43.4,213.4,213.6,0,213.6,0.6,1881.3,0,1940,0.6,0,0,0,,,,
39502,9,17.5,-170.2,-0.1,43.5,213.6,213.8,0,213.8,0.6,1882.1,0,1940,0.6,0,0,0,,,,
39544,9.8,17.5,-170.5,-0.1,43.6,213.9,214.5,0,214.5,0.6,1882.9,0,1920,0.6,0,0,0,,,,
39584,10.9,17.7,-170.9,-0.3,43.8,214.5,215.3,0,215.3,0.6,1884.1,0,1920,0.6,0,3,0,,,,
39615,11.7,17.8,-171.5,-0.4,44,215.1,216.7,0,216.7,0.6,1886,0,1920,0.6,0,0,0,,,,
39655,12.8,18.2,-172.6,-0.5,44.2,216,218,0,218,0.6,1887.9,0,1920,0.6,0,0,0,,,,
39700,14.1,18.6,-174.1,-0.6,44.4,217.9,221,0,221,0.6,1889.6,0,1920,0.6,0,3,0,,,,
39726,15,18.8,-175,-0.6,44.6,219.1,221.7,0,221.7,0.6,1893,0,1920,0.6,0,0,0,,,,
39758,15.9,19.2,-175.8,-0.4,44.7,220,222.1,0,222.1,0.6,1895,0,1920,0.6,0,0,0,,,,
39791,17,19.6,-176.4,-0.3,44.9,220.9,222.6,0,222.6,0.6,1897,0,1900,0.6,0,0,0,,,,
39826,18.2,20,-177,-0.2,45.1,221.8,223,0,223,0.6,1899.3,0,1920,0.6,0,0,0,,,,
39857,19.3,20.4,-177.3,-0.1,45.2,222.3,222.9,0,222.9,0.6,1902.6,0,1940,0.6,0,0,0,,,,
39888,20.3,20.8,-177.4,-0.1,45.4,222.7,223.2,0,223.2,0.6,1905,0,1920,0.6,0,0,0,,,,
39915,21.4,21.2,-177.5,-0.1,45.6,223,223.2,0,223.2,0.6,1908.2,0,1920,0.6,0,0,0,,,,
39942,22.4,21.5,-177.6,-0.1,45.7,223.3,223.5,0,223.5,0.6,1911.6,0,1900,0.6,0,3,0,,,,
39970,23.4,21.9,-177.7,-0.1,45.9,223.5,223.9,0,223.9,0.6,1914.4,0,1920,0.6,0,0,0,,,,
40004,24.8,22.4,-177.7,0,46.1,223.8,224,0,224,0.6,1918,0,1900,0.6,0,0,0,,,,
40033,26,22.7,-177.7,0,46.3,224,224,0,224,0.6,1922.3,0,1920,0.6,0,0,0,,,,
40067,27.5,23,-177.6,0.1,46.6,224.3,224.1,0,224.1,0.6,1926.7,0,1940,0.6,0,0,0,,,,
40100,29,23.2,-177.4,-0.1,46.9,224.4,223.8,0,223.8,0.6,1932.9,0,1920,0.6,0,0,0,,,,
40134,30.6,23.4,-177.8,-0.3,47.3,224.7,225.3,0,225.3,0.6,1939.3,0,1920,0.6,0,0,0,,,,
40174,32.6,23.5,-178.9,-0.6,47.7,225.7,227.7,0,227.7,0.7,1946.6,0,1920,0.6,0,0,0,,,,
40220,34.7,23.6,179.4,-0.8,48.4,228.2,231.1,0,231.1,0.7,1955.5,0,1940,0.6,0,3,0,,,,
40252,36.2,23.5,177.7,-0.9,48.8,230,234.3,0,234.3,0.7,1971.9,0,1940,0.6,0,0,0,,,,
40283,37.7,23.4,176.4,-0.7,49.3,232.1,235.8,0,235.8,0.7,1982.3,0,1940,0.6,0,0,0,,,,
40310,38.9,23.2,175.4,-0.6,49.7,233.8,236.7,0,236.7,0.7,1993.6,0,1960,0.6,0,0,0,,,,
40343,40.6,22.9,174.4,-0.4,50.2,235.4,237.7,0,237.7,0.7,2004.7,0,1960,0.6,0,0,0,,,,
40369,41.8,22.7,173.8,-0.3,50.7,236.5,238.4,0,238.4,0.7,2017.2,0,1960,0.6,0,0,0,,,,
40404,43.5,22.3,173.3,-0.3,51.2,237.6,238.9,0,238.9,0.7,2027.3,0,1960,0.6,0,0,0,,,,
40432,45,22,173,-0.1,51.8,238.7,239.4,0,239.4,0.7,2037.9,0,1960,0.6,0,3,0,,,,
40454,46.1,21.9,172.8,-0.1,52.2,239.3,239.9,0,239.9,0.7,2049.3,0,1980,0.6,0,3,0,,,,
40483,47.6,21.6,172.6,-0.1,52.7,240,240.6,0,240.6,0.7,2054.4,0,1980,0.6,0,3,0,,,,
40507,48.8,21.5,172.5,-0.1,53.1,240.5,240.9,0,240.9,0.7,2058.6,0,2000,0.6,0,3,0,,,,
40537,50.3,21.3,172.3,-0.1,53.6,241.2,242,0,242,0.7,2059.6,0,2000,0.6,0,3,0,,,,
40560,51.3,21.2,172.2,-0.1,54,241.8,242.3,0,242.3,0.7,2057.5,0,2000,0.6,0,3,0,,,,
40583,52.3,21.1,172,-0.1,54.3,242.2,242.5,0,242.5,0.7,2053.3,0,2000,0.6,0,3,0,,,,
40616,53.6,21.1,172,0.1,54.7,242.8,243,0,243,0.7,2048.5,0,2020,0.6,0,3,0,,,,
40651,54.7,21,172.1,0.1,55.1,243,242.7,0,242.7,0.7,2041.2,0,2020,0.6,0,0,0,,,,
40704,56.2,20.8,172.7,0.2,55.5,243.2,242.6,0,242.6,0.7,2034.9,0,2040,0.6,0,7,0.9,,,,
40744,56.9,20.7,172.9,0,56,243.2,243,0,243,0.7,2029,0,2060,0.6,0,3,0.9,,,,
40771,57.3,20.6,172.9,0,56.2,243.3,243.1,0,243.1,0.7,2022.6,0,2040,0.6,0,3,0.9,,,,
40793,57.6,20.5,172.9,0,56.3,243.4,243.4,0,243.4,0.7,2021.7,0,2040,0.6,0,3,0.9,,,,
40822,57.9,20.5,172.8,0,56.4,243.6,243.7,0,243.7,0.7,2021.1,0,2060,0.6,0,3,0.9,,,,
40852,58.1,20.4,172.9,0,56.6,243.7,243.4,0,243.4,0.7,2020.9,0,2040,0.6,0,3,0.9,,,,
40879,58.3,20.4,172.9,0,56.6,243.7,243.7,0,243.7,0.7,2020.8,0,2060,0.7,0,3,0.9,,,,
40909,58.4,20.4,172.9,0,56.7,243.8,243.9,0,243.9,0.7,2020.9,0,2040,0.7,0,3,0.9,,,,
40941,58.5,20.3,172.8,0,56.7,243.9,244.1,0,244.1,0.7,2021,0,1960,0.7,0,7,0.9,,,,
40966,58.6,20.3,172.8,0,56.8,244,244.1,0,244.1,0.7,2021.1,0,1920,0.7,0,7,0.9,,,,
40989,58.6,20.3,172.8,0,56.8,244,243.8,0,243.8,0.7,2021.1,0,1900,0.7,0,3,0.9,,,,
41015,58.6,20.3,172.8,0,56.8,244,243.9,0,243.9,0.7,2021.2,0,1920,0.7,0,3,0.9,,,,
41041,58.6,20.3,172.8,0,56.8,243.9,243.7,0,243.7,0.7,2021.2,0,1920,0.7,0,7,0.9,,,,
41066,58.6,20.3,172.8,0,56.8,244,244.2,0,244.2,0.7,2021.2,0,1860,0.7,0,7,0.9,,,,
41090,58.6,20.3,172.8,0,56.8,244,243.9,0,243.9,0.7,2021.2,0,1820,0.7,0,3,0.9,,,,
41116,58.6,20.3,172.8,0,56.8,244,243.6,0,243.6,0.7,2021.2,0,1820,0.7,0,7,0.9,,,,
41141,58.5,20.3,172.9,0,56.8,243.9,243.7,0,243.7,0.7,2021.2,0,1840,0.7,0,3,0.9,,,,
41168,58.5,20.3,172.8,-0.1,56.8,243.9,243.7,0,243.7,0.7,2021.2,0,1840,0.7,0,3,0.9,,,,
41211,58.5,20.3,172.7,0,56.8,244,244,0,244,0.7,2021.1,0,1740,0.7,0,3,0.9,,,,
41250,58.5,20.3,172.7,0,56.8,244,243.9,0,243.9,0.7,2021.1,0,1760,0.7,0,3,0.9,,,,
41275,58.5,20.3,172.7,0,56.7,244,243.8,0,243.8,0.7,2021.1,0,1780,0.7,0,7,0.9,,,,
41301,58.5,20.3,172.7,0,56.7,244,244.1,0,244.1,0.7,2021.1,0,1780,0.7,0,3,0.9,,,,
41331,58.5,20.3,172.7,0,56.7,244,244,0,244,0.7,2021.1,0,1800,0.7,0,7,0.9,,,,
41362,58.5,20.3,172.7,0,56.7,244,244.1,0,244.1,0.7,2021.1,0,1800,0.7,0,7,0.9,,,,
41385,58.5,20.3,172.7,0,56.8,244,243.9,0,243.9,0.7,2021.1,0,1820,0.7,0,7,0.9,,,,
41411,58.5,20.3,172.7,0,56.8,244,244,0,244,0.7,2021.1,0,1820,0.7,0,7,0.9,,,,
41446,58.5,20.3,172.8,0.1,56.8,244,244,0,244,0.7,2021.1,0,1840,0.7,0,3,0,,,,
41475,58.5,20.3,172.8,0,56.8,244,244.1,0,244.1,0.7,2021.1,0,1840,0.7,0,3,0,,,,
41499,58.5,20.3,172.8,0,56.7,244,244.1,0,244.1,0.7,2021.1,0,1840,0.7,0,3,0,,,,
41520,58.5,20.3,172.8,0,56.7,244,243.9,0,243.9,0.7,2021.1,0,1860,0.7,0,3,0,,,,
41543,58.5,20.3,172.8,0,56.7,244,244,0,244,0.7,2021.1,0,1880,0.7,0,3,0,,,,
41564,58.5,20.3,172.8,0,56.7,244,244,0,244,0.7,2021.1,0,1880,0.7,0,3,0,,,,
41586,58.5,20.3,172.8,0,56.7,244,244,0,244,0.7,2021.1,0,1880,0.7,0,3,0,,,,
41608,58.5,20.3,172.8,0,56.7,244,243.9,0,243.9,0.7,2021.1,0,1920,0.7,0,3,0,,,,
41633,58.5,20.3,172.8,0,56.7,244,244,0,244,0.7,2021.1,0,1900,0.7,0,3,0,,,,
41657,58.5,20.3,172.8,0,56.7,244,243.9,0,243.9,0.7,2021.1,0,1900,0.7,0,3,0,,,,
41697,58.5,20.3,172.8,0,56.7,244,244.1,0,244.1,0.7,2021.1,0,1940,0.7,0,3,0,,,,
41741,58.4,20.3,172.7,0,56.7,244,244.1,0,244.1,0.7,2021.1,0,1940,0.7,0,0,0,,,,
41786,58,20.3,172.7,0,56.6,244,244,0,244,0.7,2021.1,0,1960,0.7,0,3,0,,,,
41811,57.7,20.4,172.7,0,56.5,243.9,243.8,0,243.8,0.7,2020.9,0,1960,0.7,0,0,0,,,,
41837,57.3,20.4,172.8,0.1,56.4,243.7,243.4,0,243.4,0.7,2020.8,0,1940,0.7,0,0,0,,,,
41868,56.6,20.5,173,0.1,56.2,243.4,243,0,243,0.7,2021,0,1960,0.6,0,0,0,,,,
41892,56.1,20.5,173.1,0,56,243,242.7,0,242.7,0.7,2021.8,0,1960,0.6,0,0,0,,,,
41921,55.3,20.6,173.1,0,55.8,242.7,242.4,0,242.4,0.7,2023.1,0,1940,0.6,0,0,0,,,,
41949,54.4,20.6,173.2,0,55.5,242.4,241.9,0,241.9,0.7,2025.4,0,1960,0.6,0,0,0,,,,
41973,53.7,20.7,173.3,0,55.2,242,241.7,0,241.7,0.7,2028.9,0,1960,0.6,0,0,0,,,,
41999,52.8,20.7,173.3,0,55,241.7,241.7,0,241.7,0.7,2033.4,0,1960,0.6,0,0,0,,,,
42025,51.8,20.8,173.3,0,54.7,241.4,241.4,0,241.4,0.7,2038,0,1960,0.6,0,0,0,,,,
42051,50.8,20.9,173.3,0,54.3,241,241.1,0,241.1,0.7,2043.5,0,1960,0.6,0,3,0,,,,
42080,49.6,21,173.3,0,54,240.7,240.5,0,240.5,0.7,2049.1,0,1960,0.6,0,0,0,,,,
42109,48.3,21.1,173.4,0,53.6,240.2,240.2,0,240.2,0.7,2053.9,0,1980,0.6,0,0,0,,,,
42136,47.1,21.2,173.4,0,53.1,239.8,239.7,0,239.7,0.7,2057.5,0,1980,0.6,0,0,0,,,,
42164,45.8,21.3,173.4,0,52.7,239.4,239.2,0,239.2,0.7,2059,0,1960,0.6,0,3,0,,,,
42200,44,21.5,173.4,0.1,52.2,238.8,238.9,0,238.9,0.7,2057.8,0,2000,0.6,0,0,0,,,,
42225,42.8,21.6,173.5,0,51.7,238.3,238.2,0,238.2,0.7,2052.5,0,1980,0.6,0,0,0,,,,
42256,41.2,21.7,173.5,0.1,51.3,237.8,237.7,0,237.7,0.7,2045.1,0,1980,0.6,0,3,0,,,,
42296,39.1,21.8,173.6,0,50.6,237,237,0,237,0.7,2037.3,0,2000,0.6,0,3,0,,,,
42324,37.6,21.9,173.6,0,50.1,236.5,236.4,0,236.4,0.7,2019.9,0,2000,0.6,0,0,0,,,,
42354,35.9,22,173.6,0,49.7,236,236,0,236,0.7,2008.4,0,2020,0.6,0,3,0,,,,
42389,33.9,22.2,173.7,0,49.1,235.4,235.2,0,235.2,0.7,1996.8,0,2020,0.6,0,0,0,,,,
42418,32.3,22.2,173.7,0,48.6,234.9,234.8,0,234.8,0.7,1982.7,0,2020,0.6,0,3,0,,,,
42457,29.9,22.4,173.8,0,48,234.2,234.1,0,234.1,0.7,1971.2,0,2020,0.6,0,0,0,,,,
42484,28.3,22.5,173.9,0.1,47.5,233.6,233.3,0,233.3,0.7,1958,0,2020,0.6,0,0,0,,,,
42516,26.3,22.7,174,0,47,233.1,232.7,0,232.7,0.7,1947.1,0,2020,0.6,0,0,0,,,,
42598,21.3,23,174.1,0,46.5,232.5,232.3,0,232.3,0.7,1938.3,0,2020,0.6,-1,4559,-0.8,,,,
42657,17.5,23.2,174.4,0.1,45,230.9,230.6,0,230.6,0.7,1929.1,0,2020,0.6,-1,2055,-0.4,,,,
42722,13.4,23.5,174.3,-0.1,44,229.6,229.1,0,229.1,0.7,1908.3,0,2020,0.6,-1,1224,0.1,,,,
42802,8.3,24.2,171.6,-1.1,43,228.8,229.5,0,229.5,0.7,1896.4,0,2020,0.6,-1,1053,0.1,,,,
42894,5.5,25.4,172.9,1.2,41.4,232.3,238.1,0,238.1,0.7,1885.7,0,2000,0.6,-1,3976,0,,,,
42943,5,26.1,175.3,1,40.9,226.8,222.8,0,222.8,0.6,1874,0,1960,0.6,0,1206,0,,,,
42979,4.9,26.6,177.2,0.7,40.6,224.3,220.2,0,220.2,0.6,1871.1,0,1980,0.6,0,164,0,,,,
43007,5,27.1,178.1,0.5,40.5,222.9,220.6,0,220.6,0.6,1869.9,0,1960,0.6,0,58,0,,,,
43033,5.1,27.4,179.1,0.7,40.4,221.9,218.8,0,218.8,0.6,1869.4,0,1960,0.6,0,18,0,,,,
43060,5.1,27.6,179.9,0.4,40.3,220.9,218.4,0,218.4,0.6,1869.2,0,1960,0.6,0,10,0,,,,
43089,5.2,27.7,-179.6,0.2,40.3,220.2,218.8,0,218.8,0.6,1869.1,0,1940,0.6,0,3,0,,,,
43119,5.4,27.9,-179.3,0.1,40.3,219.8,219,0,219,0.6,1868.9,0,1940,0.6,0,3,0,,,,
43147,5.5,27.9,-179.4,-0.1,40.3,219.6,219.8,0,219.8,0.6,1869,0,1940,0.6,0,3,0,,,,
43173,5.6,27.9,-179.5,0,40.3,219.8,220.3,0,220.3,0.6,1869.1,0,1940,0.6,0,0,0,,,,
43200,5.6,27.8,-179.5,0,40.3,219.8,219.7,0,219.7,0.6,1869.2,0,1940,0.6,0,3,0,,,,
43229,5.7,27.8,-179.4,0.1,40.3,219.8,219.5,0,219.5,0.6,1869.3,0,1940,0.6,0,0,0,,,,
43252,5.7,27.8,-179.2,0.1,40.4,219.7,219.2,0,219.2,0.6,1869.4,0,1940,0.6,0,0,0,,,,
43281,5.7,27.8,-179.2,0.1,40.4,219.6,219.4,0,219.4,0.6,1869.4,0,1940,0.6,0,3,0,,,,
43314,5.8,27.8,-179.3,0,40.4,219.6,219.7,0,219.7,0.6,1869.4,0,1940,0.6,0,0,0,,,,
43357,6.1,27.8,-179.3,0,40.4,219.7,219.6,0,219.6,0.6,1869.5,0,1920,0.6,0,0,0,,,,
43390,6.6,27.8,-179.4,0,40.5,219.8,220,0,220,0.6,1869.9,0,1920,0.6,0,0,0,,,,
43416,7,27.8,-179.4,-0.1,40.6,220,220.2,0,220.2,0.6,1870.4,0,1920,0.6,0,0,0,,,,
43451,7.7,27.8,-179.5,-0.1,40.7,220.2,220.3,0,220.3,0.6,1871,0,1920,0.6,0,0,0,,,,
43487,8.7,27.8,-179.6,0,40.9,220.4,220.5,0,220.5,0.6,1872,0,1900,0.6,0,0,0,,,,
43516,9.4,27.7,-179.6,0,41.1,220.7,221,0,221,0.6,1873.3,0,1900,0.6,0,0,0,,,,
43539,9.8,27.7,-179.7,-0.1,41.2,220.9,221,0,221,0.6,1874.7,0,1900,0.6,0,0,0,,,,
43562,10.2,27.7,-179.7,0,41.3,221,221.1,0,221.1,0.6,1875.5,0,1900,0.6,0,0,0,,,,
43585,10.6,27.7,-179.7,0,41.4,221.1,221.3,0,221.3,0.6,1876.3,0,1900,0.6,0,0,0,,,,
43655,11.3,27.7,-179.7,0,41.5,221.2,221.1,0,221.1,0.6,1877,0,1880,0.6,-1,5019,0,,,,
43707,11.6,27.6,-179.6,0,41.7,221.3,221.1,0,221.1,0.6,1877.6,0,1900,0.6,-1,2744,0,,,,
43766,11.8,27.6,-179.6,0,41.7,221.3,221.4,0,221.4,0.6,1878.9,0,1880,0.6,-1,1461,0,,,,
43825,11.8,27.6,-179.7,-0.1,41.8,221.4,221.8,0,221.8,0.6,1879.4,0,1900,0.6,-1,1574,0,,,,
43896,11.8,27.6,-179.9,0,41.8,221.5,221.9,0,221.9,0.6,1879.7,0,1900,0.6,-1,2154,0,,,,
43953,11.7,27.6,-179.8,0,41.8,221.6,221.2,0,221.2,0.6,1879.8,0,1880,0.6,-1,1447,0,,,,
44024,11.7,27.6,-179.8,0,41.8,221.6,221.6,0,221.6,0.6,1879.7,0,1900,0.6,-1,1027,0,,,,
44078,11.7,27.6,-179.8,0,41.8,221.6,221.5,0,221.5,0.6,1879.6,0,1880,0.6,-1,911,0,,,,
44113,11.7,27.6,-179.8,-0.1,41.8,221.5,221.6,0,221.6,0.6,1879.6,0,1880,0.6,0,517,0,,,,
44150,11.7,27.6,179.6,-0.6,41.8,221.7,222.5,0,222.5,0.6,1879.6,0,1920,0.6,0,69,0,,,,
44184,11.7,27.6,177.9,-1.2,41.8,222.7,226.4,0,226.4,0.6,1879.5,0,1900,0.6,0,14,0,,,,
44218,11.7,27.7,174.7,-2.1,41.8,225.3,232.4,0,232.4,0.7,1879.6,0,1900,0.6,0,3,0,,,,
44253,11.6,27.7,169.6,-2.7,41.8,229,239.6,0,239.6,0.7,1879.6,0,1900,0.6,0,3,0,,,,
44281,11.6,27.7,164.9,-3.2,41.8,233.5,246.7,0,246.7,0.7,1879.7,0,1880,0.6,0,3,0,,,,
44307,11.6,27.7,160,-3.6,41.8,238.8,254,0,254,0.7,1879.8,0,1880,0.6,0,3,0,,,,
44348,11.6,27.7,151,-3.9,41.9,245.3,262.7,0,262.7,0.8,1879.9,0,1880,0.6,0,3,0,,,,
44394,11.6,27.6,139.9,-4.1,41.9,258.6,277.6,0,277.6,0.8,1880,0,1880,0.6,0,3,0,,,,
44430,11.6,27.6,132.1,-4.1,42,265.5,283.9,0,283.9,0.8,1880,0,1900,0.6,0,3,0,,,,
44466,11.5,27.6,123.8,-4,42,274.1,292,0,292,0.9,1880,0,1900,0.6,0,3,0,,,,
44514,11.5,27.5,113.2,-3.6,41.9,283.1,300.4,0,300.4,0.9,1879.8,0,1900,0.6,0,0,0,,,,
44546,11.5,27.5,107.2,-3.3,41.9,291.8,307.4,0,307.4,0.9,1879.4,0,1900,0.6,0,3,0,,,,
44581,11.4,27.4,100.9,-2.8,41.9,297.6,311.4,0,311.4,0.9,1879.1,0,1920,0.6,0,3,0,,,,
44610,11.4,27.4,96.5,-2.4,41.9,303.2,315.6,0,315.6,0.9,1878.8,0,1920,0.6,0,3,0,,,,
44638,11.4,27.3,93.7,-1.3,41.9,306.7,315.3,0,315.3,0.9,1878.5,0,1940,0.6,0,3,0,,,,
44662,11.4,27.2,92.2,-0.8,41.9,308.8,313.7,0,313.7,0.9,1878.3,0,1940,0.6,0,3,0,,,,
44688,11.3,27.2,91.5,-0.3,41.8,309.9,312.4,0,312.4,0.9,1878.2,0,1940,0.6,0,0,0,,,,
44778,11.3,27.2,91.6,0.1,41.8,310.5,311.2,0,311.2,0.9,1878.1,0,1960,0.6,-1,4319,0,,,,
44869,11.4,27.1,91.9,0.1,41.9,310.1,310,0,310,0.9,1878,0,1960,0.6,-1,1370,0,,,,
44944,11.7,27.1,92.2,0.1,41.9,309.8,309.4,0,309.4,0.9,1878.1,0,1940,0.6,-1,441,0,,,,
45016,12.2,27,92.7,0.2,42,309.8,309.5,0,309.5,0.9,1878.5,0,1940,0.6,-1,1133,0,,,,
45053,12.4,27,93,0.2,42.1,309.2,308.7,0,308.7,0.9,1879.2,0,1960,0.6,0,499,0,,,,
45082,12.4,27,93.2,0.1,42.1,309,308.7,0,308.7,0.9,1880.1,0,1940,0.6,0,102,0,,,,
45104,12.4,27,93.2,0,42.1,309,308.8,0,308.8,0.9,1880.3,0,1940,0.6,0,40,0,,,,
45125,12.4,27,93.2,0,42.2,308.9,308.9,0,308.9,0.9,1880.4,0,1940,0.6,0,18,0,,,,
45145,12.4,27,93.2,-0.1,42.1,308.9,309.1,0,309.1,0.9,1880.4,0,1940,0.6,0,7,0,,,,
45170,12.3,27,93.2,0,42.1,309,309.1,0,309.1,0.9,1880.3,0,1960,0.6,0,7,0,,,,
45193,12.3,27,93.1,0,42.1,309,309.2,0,309.2,0.9,1880.3,0,1960,0.6,0,3,0,,,,
45226,12.3,27,93.1,0,42.1,309,309.1,0,309.1,0.9,1880.3,0,1940,0.6,0,3,0,,,,
45300,12.3,27,93.1,0,42.1,309,309,0,309,0.9,1880.2,0,1940,0.6,-1,2216,0,,,,
45385,12.3,27.3,93,-0.1,42.1,309,308.9,0,308.9,0.9,1880.2,0,1940,0.6,-1,834,0,,,,
45461,12.3,28.3,92.9,0,42,309,309.1,0,309.1,0.9,1880.2,0,1920,0.6,-1,375,0,,,,
45515,12.4,29.4,92.6,-0.1,41.7,308.9,309.3,0,309.3,0.9,1879.5,0,1920,0.6,-1,437,0,,,,
45562,12.4,30.7,92.3,-0.1,41.4,309,309.5,0,309.5,0.9,1878.4,0,1920,0.6,-1,619,0,,,,
45626,12.4,32.9,92,-0.1,41.1,308.8,309.3,0,309.3,0.9,1877.1,0,1900,0.6,-1,729,0,,,,
45676,12.4,34.8,91.8,0,40.5,308.6,308.9,0,308.9,0.9,1875.3,0,1900,0.6,-1,1049,0,,,,
45738,12.4,37.2,91.8,0,40,308.2,308.1,0,308.1,0.9,1872.3,0,1900,0.6,-1,929,0,,,,
45798,12.6,39.7,91.7,0,39.3,307.5,307.6,0,307.6,0.9,1869.6,0,1880,0.6,-1,550,0,,,,
45859,13.1,41.9,91.2,-0.3,38.7,307.1,307,0,307,0.9,1866,0,1880,0.7,-1,360,0,,,,
45930,14.1,44,87.5,-1.7,38.2,307.4,309.4,0,309.4,0.9,1863,0,1880,0.7,-1,557,0,,,,
46004,14.9,45.4,78.2,-2.5,37.8,313.7,323.8,0,323.8,1,1860.5,0,1900,0.7,-1,882,0,,,,
46045,15.2,46.1,71.9,-2.7,37.5,322.1,334.3,0,334.3,1,1858,0,1920,0.7,0,433,0,,,,
46081,15.5,46.6,67,-2,37.4,328,338.9,0,337.8,1,1856.5,0,1900,0.7,0,47,0,,,,
46113,15.7,47,64.5,-1,37.2,331.7,337.9,0,337.8,1,1855.6,0,1900,0.7,0,14,0,,,,
46136,15.8,47.2,63.6,-0.5,37.2,333.1,336.2,0,336.2,1,1855,0,1920,0.7,0,7,0,,,,
46163,15.9,47.5,63.1,-0.3,37.1,333.7,335.4,0,335.4,1,1854.6,0,1920,0.7,0,3,0,,,,
46188,16,47.7,62.8,-0.1,37,334.1,335.1,0,335.1,1,1854.3,0,1920,0.7,0,3,0,,,,
46212,16,47.8,62.7,-0.1,37,334.2,334.7,0,334.7,1,1854,0,1920,0.7,0,3,0,,,,
46234,16.1,47.9,62.7,0,37,334.3,334.3,0,334.3,1,1853.8,0,1920,0.7,0,3,0,,,,
46257,16.1,48,62.7,0,37,334.3,334.3,0,334.3,1,1853.7,0,1920,0.7,0,3,0,,,,
46283,16.2,48.1,62.7,0,37,334.3,334.2,0,334.2,1,1853.6,0,1920,0.7,0,0,0,,,,
46308,16.2,48.1,62.7,0,37,334.2,334.3,0,334.3,1,1853.5,0,1940,0.7,0,0,0,,,,
46337,16.2,48.1,62.7,0,37,334.2,334,0,334,1,1853.5,0,1940,0.7,0,0,0,,,,
46367,16.3,48.2,62.5,-0.2,37,334.3,334.6,0,334.6,1,1853.4,0,1920,0.7,0,0,0,,,,
46397,16.5,48.3,61.7,-0.7,37,334.7,336.7,0,336.7,1,1853.4,0,1920,0.7,0,0,0,,,,
46438,16.8,48.5,59.5,-1.1,36.9,335.6,339.2,0,337.8,1,1853.4,0,1920,0.7,0,0,0,,,,
46485,17.2,48.7,56.2,-1.4,36.9,339.3,345,0,337.8,1,1853.2,0,1900,0.7,0,0,0,,,,
46507,17.4,48.9,54.2,-1.5,36.9,341.6,348.3,0,337.8,1,1852.9,0,1900,0.7,0,0,0,,,,
46533,17.7,49,52,-1.7,36.9,343.6,350.6,0,337.8,1,1852.7,0,1920,0.7,0,0,0,,,,
46559,18.1,49.2,49.4,-1.7,36.9,346.2,354.1,0,337.8,1,1852.5,0,1920,0.7,0,0,0,,,,
46585,18.4,49.3,46.8,-1.7,36.9,348.7,356.7,0,337.8,1,1852.3,0,1920,0.7,0,0,0,,,,
46616,18.9,49.5,43.6,-1.9,36.9,351.8,359.9,0,337.8,1,1852.1,0,1900,0.7,0,0,0,,,,
46640,19.3,49.7,41.1,-2,36.9,354.5,363,0,22.2,0,1851.9,0,1900,0.7,0,0,0,,,,
46665,19.7,49.8,38.3,-1.9,36.9,357,365.5,0,22.2,0,1851.6,0,1900,0.7,0,0,0,,,,
46695,20.3,49.9,35.1,-1.7,36.9,359.9,368.3,0,22.2,0,1851.5,0,1920,0.7,0,0,0,,,,
46722,20.8,50,32.6,-1.6,37,363.1,370.7,0,22.2,0,1851.3,0,1900,0.7,0,0,0,,,,
46747,21.3,50.1,30.2,-1.5,37,365.6,372.8,0,22.2,0,1851.1,0,1920,0.7,0,3,0,,,,
46772,21.8,50.2,28.2,-1.6,37.1,367.9,374.6,0,22.2,0,1850.9,0,1920,0.7,0,0,0,,,,
46798,22.5,50.3,25.9,-1.6,37.2,370.2,377.2,0,22.2,0,1850.8,0,1900,0.7,0,0,0,,,,
46824,23.1,50.4,23.6,-1.5,37.3,372.4,379.3,0,22.2,0,1850.6,0,1900,0.7,0,3,0,,,,
46852,23.8,50.4,20.8,-1.6,37.4,375.4,382.7,0,22.7,0,1850.5,0,1900,0.7,0,3,0,,,,
46878,24.5,50.5,18.4,-1.6,37.5,377.8,385.3,0,25.3,0,1850.3,0,1900,0.7,0,0,0,,,,
46908,25.3,50.4,16,-1.3,37.6,380.2,387.1,0,27.1,0,1850.3,0,1900,0.7,0,0,0,,,,
46945,26.3,50.4,13.3,-1.2,37.8,382.7,388.7,0,28.7,0,1850.2,0,1900,0.7,0,3,0,,,,
46994,27.8,50.2,10.4,-1.1,38.2,386.7,391.2,0,31.2,0,1850.2,0,1900,0.7,0,0,0,,,,
47020,28.5,50.1,8.7,-1.2,38.4,388.8,393.8,0,33.8,0,1850.3,0,1900,0.7,0,0,0,,,,
47044,29.2,50,6.9,-1.4,38.6,390.7,396.7,0,36.7,0,1850.5,0,1900,0.7,0,3,0,,,,
47070,30,49.9,4.6,-1.6,38.8,392.8,399.7,0,39.7,0.1,1850.6,0,1900,0.7,0,0,0,,,,
47098,30.7,49.8,2,-1.7,39,395.6,403.1,0,43.1,0.1,1850.7,0,1900,0.7,0,3,0,,,,
47131,31.6,49.6,-1.3,-1.9,39.2,398.8,407.1,0,47.1,0.1,1850.9,0,1920,0.7,0,0,0,,,,
47156,32.3,49.4,-4,-1.8,39.5,42,50.1,0,50.1,0.1,1851,0,1920,0.7,0,0,0,,,,
47182,33,49.2,-6.6,-1.7,39.6,44.7,52.4,0,52.4,0.1,1851.2,0,1880,0.7,0,3,0,,,,
47210,33.7,49,-9.1,-1.6,39.9,47.6,54.8,0,54.8,0.1,1851.4,0,1900,0.7,0,3,0,,,,
47240,34.6,48.8,-11.6,-1.3,40.1,50.4,57.1,0,57.1,0.1,1851.7,0,1880,0.7,0,0,0,,,,
47274,35.7,48.4,-14,-1.1,40.5,53,58.2,0,58.2,0.1,1852.1,0,1900,0.7,0,0,0,,,,
47299,36.5,48,-15.5,-1,40.8,55.5,60.2,0,60.2,0.1,1852.9,0,1900,0.7,0,3,0,,,,
47328,37.5,47.5,-17,-0.8,41.2,57.4,61.7,0,61.7,0.1,1854,0,1900,0.7,0,0,0,,,,
47358,38.6,46.9,-18.2,-0.7,41.6,59.1,62.7,0,62.7,0.1,1855.4,0,1880,0.7,0,0,0,,,,
47388,39.7,46.4,-19.2,-0.4,42.1,60.8,63.4,0,63.4,0.1,1857,0,1900,0.7,0,0,0,,,,
47422,40.9,45.7,-19.7,-0.2,42.6,62,63.4,0,63.4,0.1,1859.3,0,1880,0.7,0,0,0,,,,
47467,42.6,44.8,-20.1,-0.1,43.2,63,64,0,64,0.1,1861.9,0,1900,0.7,0,0,0,,,,
47575,47.3,42.6,-20.6,-0.1,44.4,64.8,65.3,0,65.3,0.1,1865.4,0,1880,0.7,-1,4253,0,,,,
47638,50.3,41.6,-20.8,-0.1,46.1,66.7,66.9,0,66.9,0.1,1873.7,0,1880,0.7,-1,2052,0,,,,
47691,52.9,40.8,-20.8,0,47.3,68.1,68.3,0,68.3,0.1,1884.6,0,1900,0.7,-1,1148,0,,,,
47740,55.4,40.1,-21,-0.1,48.3,69.2,69.4,0,69.4,0.1,1891.3,0,1880,0.7,-1,874,0,,,,
47794,58.3,39.2,-21,0,49.4,70.4,70.7,0,70.7,0.2,1895.3,0,1900,0.7,-1,780,0,,,,
47841,60.7,38.6,-21.1,0,50.6,71.6,71.6,0,71.6,0.2,1898.6,0,1920,0.7,-1,729,0,,,,
47896,63.7,37.8,-21,0.1,51.7,72.7,72.7,0,72.7,0.2,1900,0,1920,0.7,-1,699,0,,,,
47942,66.2,37.2,-21.1,0,52.9,73.9,73.9,0,73.9,0.2,1900.4,0,1920,0.7,-1,572,0,,,,
48008,69.7,36.1,-21.1,0,54,75.1,74.9,0,74.9,0.2,1900,0,1920,0.7,-1,568,0,,,,
48100,74.7,34.1,-21.1,0,56.1,77.3,77.3,0,77.3,0.2,1900.5,0,1940,0.7,-1,750,0,,,,
48167,78.3,32.4,-21.5,-0.1,58.2,79.4,79.8,0,79.8,0.2,1909.1,0,1920,0.7,-1,681,0,,,,
48225,81.4,30.9,-21.5,0,60.2,81.7,81.8,0,81.8,0.2,1927,0,1940,0.7,-1,725,0,,,,
48302,85.7,29.1,-21.4,0,61.7,83.2,82.9,0,82.9,0.2,1941.8,0,1940,0.7,-1,572,0,,,,
48367,89.3,27.7,-21.3,0,63.9,85.3,85.2,0,85.2,0.2,1940.2,0,1960,0.7,-1,838,0,,,,
48424,92.4,26.4,-21.3,0,65.6,86.9,87,0,87,0.2,1921,0,1960,0.7,-1,765,0,,,,
48498,96.3,24.8,-21.4,0,67.2,88.5,88.6,0,88.6,0.2,1901,0,1980,0.7,-1,597,0,,,,
48556,99.2,23.3,-21.4,0,69.2,90.6,90.6,0,90.6,0.2,1887.9,0,1960,0.7,-1,641,0,,,,
48642,103.5,21.2,-21.4,0,71.1,92.5,92.3,0,92.3,0.2,1880.6,0,1980,0.7,-1,659,0,,,,
48722,107.5,19.1,-21.6,-0.1,73,94.4,94.7,0,94.7,0.2,1880,0,1960,0.7,-1,1592,0,,,,
48796,110.8,17.4,-21.5,0.1,75.1,96.8,96.7,0,96.7,0.2,1878.5,0,1960,0.7,-1,2270,0,,,,
48840,112.4,16.7,-21.6,-0.1,76.4,97.9,97.9,0,97.9,0.2,1873,0,1960,0.7,-1,1454,0,,,,
48896,113.9,16,-21.5,0,77.2,98.8,99.2,0,99.2,0.2,1868.2,0,1960,0.7,-1,991,0,,,,
48946,114.8,15.6,-21.5,0,77.9,99.4,99.3,0,99.3,0.2,1865.2,0,1960,0.7,-1,3120,0,,,,
49021,115.8,15.3,-21.5,0,78.3,99.8,99.6,0,99.6,0.2,1862.3,0,1960,0.7,-1,2270,0,,,,
49095,116.3,15,-21.1,0.2,78.7,100.2,100.3,0,100.3,0.2,1860.5,0,1940,0.7,-1,1596,0,,,,
49184,117,14.9,-19.6,0.3,79,99.7,98.7,0,98.7,0.2,1858.6,0,1920,0.7,-1,572,0,,,,
49236,117.5,14.9,-19,0,79.3,98.7,97.5,0,97.5,0.2,1857.3,0,1920,0.7,-1,379,0,,,,
49312,118.3,15,-20.1,-0.4,79.6,98.8,99.5,0,99.5,0.2,1856,0,1920,0.7,-1,451,0,,,,
49366,119,15.1,-20.9,-0.2,79.9,100.3,101.7,0,101.7,0.3,1854.7,0,1900,0.7,-1,1199,0,,,,
49417,119.7,15,-21.4,-0.2,80.2,101.3,101.8,0,101.8,0.3,1853.1,0,1880,0.7,-1,2190,0,,,,
49478,120.5,14.9,-21.7,-0.1,80.6,102.1,102.4,0,102.4,0.3,1851.3,0,1900,0.7,-1,1968,0,,,,
49535,120.9,14.8,-21.7,0,80.9,102.6,102.8,0,102.8,0.3,1849.7,0,1880,0.7,-1,1406,0,,,,
49603,121.2,14.6,-21.6,0,81,102.7,102.8,0,102.8,0.3,1848.4,0,1900,0.7,-1,2052,0,,,,
49691,121.3,14.6,-21.7,0,81.2,102.8,102.7,0,102.7,0.3,1847.7,0,1880,0.7,-1,1140,0,,,,
49735,121.2,14.6,-21.6,0,81.2,102.9,103.1,0,103.1,0.3,1847.2,0,1880,0.7,0,306,0,,,,
49778,121,14.6,-21.1,0.4,81.1,102.6,102,0,102,0.3,1847.1,0,1880,0.7,0,25,0,,,,
49829,120.5,14.5,-19,0.9,81,101.3,98.7,0,98.7,0.2,1847.4,0,1880,0.7,0,3,0,,,,
49861,120.2,14.4,-17.1,1.1,80.8,99,94.5,0,94.5,0.2,1848.1,0,1860,0.7,0,3,0,,,,
49888,119.8,14.3,-15.3,1.2,80.7,97,91.8,0,91.8,0.2,1849.2,0,1860,0.7,0,0,0,,,,
49913,119.5,14.2,-13.5,1.3,80.5,95.1,89.6,0,89.6,0.2,1850,0,1860,0.7,0,3,0,,,,
49941,119,14.1,-11.4,1.4,80.3,93,87.1,0,87.1,0.2,1850.8,0,1860,0.7,0,3,0,,,,
49970,118.6,13.9,-9.3,1.4,80.1,90.6,84.5,0,84.5,0.2,1851.8,0,1860,0.7,0,0,0,,,,
50001,117.9,13.8,-7.2,1,79.9,88.1,82.7,0,82.7,0.2,1852.9,0,1860,0.7,0,0,0,,,,
50050,116.9,13.5,-5.1,0.6,79.6,85.7,82.2,0,82.2,0.2,1854.2,0,1860,0.7,0,0,0,,,,
50083,116,13.4,-3.9,0.5,79.2,83.8,81.2,0,81.2,0.2,1856,0,1840,0.7,0,0,0,,,,
50120,115,13.4,-3,0.4,78.8,82.4,80.2,0,80.2,0.2,1858,0,1840,0.7,0,3,0,,,,
50160,113.8,13.4,-2.1,0.3,78.2,80.6,78.9,0,78.9,0.2,1859.7,0,1860,0.7,0,0,0,,,,
50185,113,13.4,-1.6,0.3,77.8,79.7,78.1,0,78.1,0.2,1862.6,0,1860,0.7,0,0,0,,,,
50214,112,13.5,-1.1,0.3,77.5,78.9,77.4,0,77.4,0.2,1864.2,0,1840,0.7,0,0,0,,,,
50242,111,13.5,-0.7,0.3,77,78,76.7,0,76.7,0.2,1865.8,0,1840,0.7,0,0,0,,,,
50271,109.9,13.6,-0.4,0.2,76.5,77.1,76.1,0,76.1,0.2,1867.7,0,1840,0.7,0,0,0,,,,
50301,108.7,13.7,-0.2,0.2,76.1,76.4,75.8,0,75.8,0.2,1869.7,0,1860,0.7,0,0,0,,,,
50329,107.3,13.7,0,0.1,75.5,75.5,75.2,0,75.2,0.2,1871.6,0,1860,0.7,0,0,0,,,,
50357,106,13.8,0.1,0,74.9,434.9,434.8,0,74.8,0.2,1873.9,0,1860,0.7,0,0,0,,,,
50385,104.7,13.8,0.1,0,74.4,434.3,434.1,0,74.1,0.2,1875.8,0,1860,0.7,0,0,0,,,,
50413,103.3,13.8,0.2,0.1,73.8,433.7,433.5,0,73.5,0.2,1877.4,0,1840,0.7,0,3,0,,,,
50441,101.9,13.9,0.2,0,73.2,433,432.8,0,72.8,0.2,1879.3,0,1860,0.7,0,3,0,,,,
50467,100.5,14,0.2,0,72.6,432.5,432.5,0,72.5,0.2,1881.1,0,1860,0.7,0,0,0,,,,
50496,99,14.1,0.2,0,72.1,431.9,431.9,0,71.9,0.2,1882.9,0,1880,0.7,0,3,0,,,,
50525,97.5,14.2,0.2,0,71.4,431.2,431.3,0,71.3,0.2,1884.8,0,1880,0.7,0,0,0,,,,
50557,95.6,14.3,0.2,0,70.7,430.5,430.6,0,70.6,0.2,1887.5,0,1880,0.7,0,0,0,,,,
50588,93.9,14.4,0.2,0,69.9,429.7,429.8,0,69.8,0.2,1891,0,1880,0.7,0,0,0,,,,
50616,92.2,14.5,0.2,0,69.2,429,429.2,0,69.2,0.1,1896.7,0,1880,0.7,0,3,0,,,,
50653,90,14.6,0.2,0,68.5,428.3,428.4,0,68.4,0.1,1903.9,0,1880,0.7,0,3,0,,,,
50693,87.5,14.7,0.2,0,67.3,427.2,427.1,0,67.1,0.1,1912.8,0,1880,0.7,0,3,0,,,,
50720,85.8,14.8,0.1,0,66.6,426.5,426.6,0,66.6,0.1,1934.4,0,1880,0.7,0,3,0,,,,
50751,83.8,14.9,0.1,0,66,425.9,426.1,0,66.1,0.1,1950.1,0,1880,0.7,0,3,0,,,,
50787,81.5,14.9,0.1,0,65.1,425,425,0,65,0.1,1965.6,0,1880,0.7,0,3,0,,,,
50829,79,14.9,0,-0.1,64.2,424.1,423.9,0,63.9,0.1,1990.7,0,1920,0.7,0,7,0.9,,,,
50875,76.7,14.9,-0.7,-0.3,63.4,63.5,64.5,0,64.5,0.1,2012.5,0,1920,0.7,0,7,0.9,,,,
50907,75.3,14.9,-1,-0.1,62.6,63.4,64.3,0,64.3,0.1,2031.7,0,1920,0.8,0,7,0.9,,,,
50938,74.1,14.8,-1.4,-0.2,62.1,63.2,64,0,64,0.1,2044.4,0,1920,0.8,0,7,0.9,,,,
50973,73.1,14.8,-1.9,-0.3,61.7,63.3,64.3,0,64.3,0.1,2048,0,1940,0.8,0,7,0.9,,,,
51004,72.2,14.8,-2.1,0,61.3,63.4,64.6,0,64.6,0.1,2048.9,0,1960,0.8,0,7,0.9,,,,
51043,71.5,14.8,-2.3,-0.1,61.1,63.2,63.3,0,63.3,0.1,2048.2,0,1960,0.8,0,7,0.9,,,,
51081,70.8,14.8,-2.4,-0.1,60.8,63.1,63.4,0,63.4,0.1,2046.6,0,1960,0.8,0,7,0.9,,,,
51109,70.5,14.8,-2.5,0.1,60.6,63.1,63.2,0,63.2,0.1,2044.7,0,1960,0.7,0,7,0.9,,,,
51144,70.2,14.8,-2.3,0.1,60.5,63,62.5,0,62.5,0.1,2043.2,0,1960,0.7,0,7,0.9,,,,
51176,70,14.8,-2.2,0,60.4,62.7,62.4,0,62.4,0.1,2042.2,0,1980,0.7,0,7,0.9,,,,
51214,69.8,14.9,-2.2,0,60.3,62.5,62.4,0,62.4,0.1,2041,0,1980,0.7,0,7,0.9,,,,
51240,69.7,14.9,-2.2,0,60.3,62.5,62.6,0,62.6,0.1,2040.1,0,1980,0.7,0,3,0.9,,,,
51270,69.6,14.9,-2.2,0,60.3,62.5,62.6,0,62.6,0.1,2039.8,0,2000,0.7,0,3,0.9,,,,
51305,69.6,14.9,-2.2,0,60.2,62.5,62.6,0,62.6,0.1,2039.5,0,2000,0.7,0,7,0.9,,,,
51349,69.6,14.9,-2.1,0.1,60.2,62.4,62.2,0,62.2,0.1,2039.2,0,2000,0.7,0,3,0.9,,,,
51385,69.6,14.9,-2.1,0,60.2,62.4,62.4,0,62.4,0.1,2039.1,0,2000,0.7,0,3,0.9,,,,
51416,69.6,14.9,-2.1,0,60.3,62.4,62.4,0,62.4,0.1,2039.2,0,2000,0.7,0,7,0.9,,,,
51446,69.7,14.9,-2.1,-0.1,60.3,62.4,62.5,0,62.5,0.1,2039.3,0,2020,0.7,0,3,0.9,,,,
51475,69.7,14.9,-2.2,0,60.3,62.4,62.5,0,62.5,0.1,2039.4,0,2040,0.7,0,3,0.9,,,,
51502,69.7,14.8,-2.1,0,60.3,62.4,62.1,0,62.1,0.1,2039.5,0,2040,0.7,0,7,0.9,,,,
51534,69.7,14.9,-2.1,0,60.3,62.4,62.6,0,62.6,0.1,2039.6,0,2040,0.7,0,3,0.9,,,,
51562,69.7,14.9,-2.2,0,60.3,62.4,62.4,0,62.4,0.1,2039.6,0,2040,0.7,0,7,0.9,,,,
51597,69.7,14.9,-2.2,0,60.3,62.5,62.4,0,62.4,0.1,2039.7,0,2040,0.7,0,3,0.9,,,,
51625,69.7,14.9,-2.2,0,60.3,62.5,62.5,0,62.5,0.1,2039.7,0,2040,0.7,0,7,0.9,,,,
51653,69.7,14.8,-2.1,0,60.3,62.5,62.5,0,62.5,0.1,2039.7,0,2040,0.7,0,7,0.9,,,,
51699,69.7,14.8,-2.2,-0.1,60.3,62.4,62.3,0,62.3,0.1,2039.7,0,2060,0.7,0,3,0.9,,,,
51744,69.7,14.9,-2.2,0,60.3,62.5,62.6,0,62.6,0.1,2039.7,0,2060,0.7,0,3,0.9,,,,
51776,69.7,14.8,-2.2,0,60.3,62.5,62.3,0,62.3,0.1,2039.8,0,2040,0.7,0,7,0.9,,,,
51806,69.7,14.9,-2.1,0.1,60.3,62.4,62.1,0,62.1,0.1,2039.7,0,2040,0.7,0,3,0.9,,,,
51837,69.7,14.9,-2.1,0,60.3,62.4,62.5,0,62.5,0.1,2039.7,0,2060,0.7,0,7,0.9,,,,
51875,69.7,14.8,-2.2,0,60.3,62.5,62.7,0,62.7,0.1,2039.7,0,2060,0.7,0,3,0.9,,,,
51907,69.7,14.9,-2.1,0,60.3,62.4,62,0,62,0.1,2039.8,0,2060,0.7,0,3,0.9,,,,
51940,69.8,14.9,-2.1,0,60.3,62.4,62.2,0,62.2,0.1,2039.8,0,2000,0.7,0,3,0.9,,,,
51971,69.7,14.8,-2.1,0,60.3,62.4,62.4,0,62.4,0.1,2039.8,0,1920,0.7,0,7,0.9,,,,
51996,69.7,14.8,-2.1,0,60.3,62.4,62.7,0,62.7,0.1,2039.8,0,1940,0.7,0,7,0.9,,,,
52021,69.7,14.8,-2.1,0,60.3,62.4,62.5,0,62.5,0.1,2039.6,0,1960,0.7,0,3,0.9,,,,
52048,69.7,14.9,-2.1,0,60.3,62.4,62.6,0,62.6,0.1,2039.7,0,1940,0.7,0,7,0.9,,,,
52075,69.7,14.9,-2.1,0.1,60.3,62.4,62.6,0,62.6,0.1,2039.7,0,1940,0.7,0,7,0.9,,,,
52109,69.7,14.8,-2.1,0,60.3,62.4,62.3,0,62.3,0.1,2039.8,0,1860,0.7,0,3,0.9,,,,
52138,69.7,14.8,-2.1,0.1,60.3,62.4,62.5,0,62.5,0.1,2039.8,0,1860,0.7,0,7,0.9,,,,
52168,69.7,14.8,-2.1,0.1,60.3,62.4,62.4,0,62.4,0.1,2039.5,0,1860,0.7,0,7,0.9,,,,
52211,69.7,14.9,-2.1,0.1,60.3,62.4,62.9,0,62.9,0.1,2039.6,0,1860,0.7,0,3,0.9,,,,
52254,69.8,14.8,-2.1,0,60.3,62.4,62.4,0,62.4,0.1,2039.7,0,1780,0.7,0,7,0.9,,,,
52285,69.7,14.8,-2.1,0,60.3,62.4,62.3,0,62.3,0.1,2039.7,0,1760,0.7,0,3,0.9,,,,
52322,69.8,14.9,-2.1,0,60.3,62.4,62.5,0,62.5,0.1,2039.6,0,1780,0.7,0,7,0.9,,,,
52351,69.8,14.9,-2.2,0,60.3,62.4,62.5,0,62.5,0.1,2039.7,0,1800,0.7,0,3,0.9,,,,
52391,69.8,14.8,-2.2,0,60.3,62.5,62.6,0,62.6,0.1,2039.8,0,1800,0.7,0,3,0.9,,,,
52427,69.8,14.8,-2.1,0,60.3,62.4,62.4,0,62.4,0.1,2039.8,0,1820,0.7,0,3,0.9,,,,
52463,69.8,14.8,-2.1,0,60.3,62.4,62.6,0,62.6,0.1,2039.8,0,1840,0.7,0,3,0.9,,,,
52493,69.8,14.8,-2.1,0,60.3,62.4,62.4,0,62.4,0.1,2039.8,0,1860,0.7,0,3,0.9,,,,
52522,69.8,14.8,-2.1,0,60.3,62.4,62.3,0,62.3,0.1,2039.8,0,1840,0.7,0,3,0.9,,,,
52554,69.8,14.8,-2.1,0,60.3,62.4,62.4,0,62.4,0.1,2039.8,0,1860,0.7,0,3,0.9,,,,
52586,69.8,14.8,-2.1,0,60.3,62.4,62.5,0,62.5,0.1,2039.8,0,1860,0.7,0,7,0.9,,,,
52635,69.8,14.8,-2.1,0,60.3,62.4,62.3,0,62.3,0.1,2039.8,0,1880,0.7,0,3,0,,,,
52664,69.8,14.8,-2.1,0,60.3,62.4,62.5,0,62.5,0.1,2039.8,0,1920,0.7,0,3,0,,,,
52693,69.8,14.8,-2.1,0,60.3,62.4,62.4,0,62.4,0.1,2039.8,0,1920,0.7,0,3,0,,,,
52735,69.8,14.8,-2.1,0,60.3,62.4,62.5,0,62.5,0.1,2039.8,0,1920,0.7,0,3,0,,,,
52780,69.8,14.8,-2.1,0,60.3,62.4,62.5,0,62.5,0.1,2039.8,0,1940,0.7,0,0,0,,,,
52811,69.8,14.8,-2.1,0,60.3,62.4,62.5,0,62.5,0.1,2039.8,0,1940,0.7,0,3,0,,,,
52837,69.8,14.8,-2.1,0,60.3,62.4,62.5,0,62.5,0.1,2039.8,0,1960,0.7,0,3,0,,,,
52866,69.8,14.8,-2.1,0,60.3,62.4,62.4,0,62.4,0.1,2039.8,0,1980,0.7,0,3,0,,,,
52890,69.8,14.8,-2.1,0,60.3,62.4,62.5,0,62.5,0.1,2039.8,0,1980,0.7,0,3,0,,,,
52914,69.8,14.8,-2.1,0,60.3,62.4,62.4,0,62.4,0.1,2039.8,0,1980,0.7,0,3,0,,,,
52946,69.8,14.8,-2.1,0,60.3,62.4,62.4,0,62.4,0.1,2039.8,0,2000,0.7,0,7,0,,,,
52974,69.8,14.8,-2.1,0,60.3,62.4,62.3,0,62.3,0.1,2039.8,0,2020,0.7,0,0,0,,,,
52998,69.8,14.8,-2.1,0,60.3,62.4,62.4,0,62.4,0.1,2039.8,0,2020,0.7,0,3,0,,,,
53026,69.8,14.8,-2.1,0,60.3,62.4,62.3,0,62.3,0.1,2039.8,0,2000,0.7,0,3,0,,,,
53056,69.8,14.8,-2.1,0,60.3,62.4,62.4,0,62.4,0.1,2039.8,0,2020,0.7,0,0,0,,,,
53081,69.8,14.8,-2.1,0,60.3,62.4,62.4,0,62.4,0.1,2039.8,0,2020,0.7,0,3,0,,,,
53109,69.8,14.8,-2.1,0,60.3,62.4,62.4,0,62.4,0.1,2039.8,0,2040,0.7,0,0,0,,,,
53144,69.8,14.8,-2.1,0,60.3,62.4,62.4,0,62.4,0.1,2039.8,0,2060,0.7,0,0,0,,,,
53177,69.8,14.8,-2.1,0,60.3,62.4,62.4,0,62.4,0.1,2039.8,0,2060,0.7,0,0,0,,,,
53213,69.8,14.8,-2.4,-0.2,60.3,62.5,62.8,0,62.8,0.1,2039.8,0,2040,0.7,0,0,0,,,,
53262,69.8,14.8,-3.5,-0.7,60.3,62.9,64.1,0,64.1,0.1,2039.8,0,2040,0.7,0,0,0,,,,
53317,69.8,14.8,-6.8,-1.5,60.3,65.5,70.3,0,70.3,0.2,2039.9,0,2040,0.7,0,0,0,,,,
53355,69.8,14.8,-10.6,-1.9,60.3,68.8,76.6,0,76.6,0.2,2040.8,0,2060,0.7,0,0,0,,,,
53388,69.8,14.8,-14.8,-2.2,60.3,72.8,82.2,0,82.2,0.2,2041.7,0,2040,0.7,0,0,0,,,,
53417,69.9,14.8,-18.2,-2,60.3,76.6,86.2,0,86.2,0.2,2042.9,0,2040,0.7,0,0,0,,,,
53451,69.9,14.8,-21.8,-1.7,60.3,80.5,89,0,89,0.2,2044,0,2040,0.7,0,0,0,,,,
53480,70,14.8,-23.9,-0.9,60.3,83.2,88.9,0,88.9,0.2,2045.4,0,2040,0.7,0,0,0,,,,
53516,70.3,14.7,-25,-0.3,60.4,84.8,87.9,0,87.9,0.2,2046.5,0,2040,0.7,0,0,0,,,,
53546,70.6,14.6,-25.3,0,60.5,85.7,86.4,0,86.4,0.2,2047.4,0,2040,0.8,0,3,0,,,,
53576,71,14.6,-25.4,-0.1,60.6,85.9,86.1,0,86.1,0.2,2048.3,0,2020,0.8,0,3,0,,,,
53604,71.3,14.5,-25.6,-0.1,60.8,86.2,86.6,0,86.6,0.2,2049.1,0,2020,0.8,0,0,0,,,,
53630,71.7,14.4,-25.7,-0.1,60.9,86.5,86.9,0,86.9,0.2,2049.7,0,2040,0.8,0,0,0,,,,
53662,72.1,14.3,-25.9,-0.1,61.1,86.8,87.4,0,87.4,0.2,2050.1,0,2040,0.8,0,0,0,,,,
53690,72.4,14.2,-26,0.2,61.2,87.2,87.8,0,87.8,0.2,2050.2,0,2040,0.8,0,0,0,,,,
53720,72.7,14.1,-25,1,61.3,87,84.3,0,84.3,0.2,2050.1,0,2040,0.8,0,0,0,,,,
53747,72.9,14,-23,1.5,61.4,85.8,80.4,0,80.4,0.2,2049.7,0,2040,0.8,0,0,0,,,,
53795,73.2,13.9,-17.9,2,61.5,83.1,75,0,75,0.2,2048.7,0,2060,0.8,0,0,0,,,,
53863,73.6,13.7,-10,1.7,61.8,74.2,65.1,0,65.1,0.1,2046.9,0,2040,0.8,0,3,0,,,,
53953,74.5,13.6,-5.5,0.5,61.9,70.3,65.3,0,65.3,0.1,2042.1,0,2040,0.8,-1,4304,-0.4,,,,
54004,75.4,13.6,-4.6,0.1,62.3,67.4,65.5,0,65.5,0.1,2039.7,0,2020,0.8,-1,3870,-0.4,,,,
54057,76.7,13.6,-4.4,0.1,62.6,67.1,66.7,0,66.7,0.1,2037.1,0,2000,0.7,-1,2507,-0.2,,,,
54107,78.2,13.5,-4.3,0,63.1,67.6,67.3,0,67.3,0.1,2034.9,0,2000,0.7,-1,1530,-0.1,,,,
54168,80.2,13.4,-4.9,-0.4,63.7,68,68,0,68,0.1,2028.8,0,2000,0.7,-1,3426,-0.1,,,,
54230,82.6,13.3,-7.1,-0.8,64.5,69.9,72.2,0,72.2,0.2,2019.3,0,1980,0.7,-1,2558,-0.1,,,,
54286,84.6,13.1,-9.8,-0.9,65.4,73.2,77.2,0,77.2,0.2,2002.3,0,2000,0.7,-1,1866,-0.1,,,,
54371,88,12.4,-12.9,-0.5,66.3,76.8,80.7,0,80.7,0.2,1982.2,0,2000,0.7,-1,2507,-0.2,,,,
54482,93,11.5,-14.1,-0.2,68,81.5,83.1,0,83.1,0.2,1961.8,0,2000,0.7,-1,3371,0,,,,
54551,96.3,10.9,-14.5,-0.1,69.9,84.2,84.8,0,84.8,0.2,1927.2,0,2000,0.7,-1,2478,0,,,,
54620,99.5,10.8,-13,0.7,71.2,85.6,85.1,0,85.1,0.2,1903,0,2020,0.7,-1,1851,0,,,,
54678,102,10.9,-9.6,1.4,72.5,84.9,80.7,0,80.7,0.2,1893.5,0,2020,0.7,-1,2587,0,,,,
54736,104.3,11.2,-4.2,1.7,73.5,81.5,74.5,0,74.5,0.2,1886.3,0,2000,0.7,-1,2380,0,,,,
54792,106.4,11.5,0.8,1.3,74.4,77.1,69.4,0,69.4,0.1,1882,0,1980,0.7,-1,2256,0,,,,
54853,108.5,11.8,4,0.5,75.2,433.3,428,0,68,0.1,1878.7,0,1980,0.7,-1,1643,0,,,,
54925,111.2,12.2,5.6,0.6,76.1,431.8,429.9,0,69.9,0.2,1875.5,0,1980,0.7,-1,3207,0,,,,
55020,114.8,12.9,8.8,0.3,77.5,430.3,426.8,0,66.8,0.1,1872,0,1920,0.7,-1,1713,0,,,,
55111,118.5,13.4,10,0.1,78.9,429.7,428.5,0,68.5,0.1,1866.1,0,1940,0.7,-1,2558,0,,,,
55167,121.1,13.7,10.4,-0.2,80.5,430.4,429.9,0,69.9,0.2,1859.7,0,1920,0.7,-1,2792,0,,,,
55223,123.2,13.9,9.4,-0.8,81.5,431.1,431.3,0,71.3,0.2,1852,0,1920,0.7,-1,2478,0,,,,
55278,124.7,14,5.4,-1.6,82.4,433.7,438.6,0,78.6,0.2,1847.2,0,1920,0.7,-1,5183,0,,,,
55331,124.9,14.3,0.9,-1.5,82.9,438.9,445.5,0,85.5,0.2,1843.1,0,1920,0.7,-1,3634,0,,,,
55394,124.5,14.7,-4.4,-1.4,82.8,83.2,89.7,0,89.7,0.2,1840.6,0,1900,0.7,-1,3692,0,,,,
55460,123.7,15.1,-9.6,-1.3,82.5,88.2,95,0,95,0.2,1840.4,0,1900,0.7,-1,2919,0,,,,
55551,122.8,15.7,-14.6,-0.2,82.1,94.4,100.4,0,100.4,0.2,1841.1,0,1880,0.7,-1,5044,0,,,,
55596,122.5,15.9,-14.9,0,81.7,96.5,97,0,97,0.2,1842.6,0,1880,0.7,0,3546,0,,,,
55631,122.3,15.9,-14.9,0,81.6,96.5,96.5,0,96.5,0.2,1843.7,0,1880,0.7,0,481,0,,,,
55667,122,16,-14.9,0,81.5,96.4,96.7,0,96.7,0.2,1844.1,0,1880,0.7,0,109,0,,,,
55703,121.5,16.1,-14.9,0,81.3,96.3,96.3,0,96.3,0.2,1844.6,0,1880,0.7,0,21,0,,,,
55736,120.9,16.1,-14.9,0,81.1,96,96,0,96,0.2,1845.4,0,1860,0.7,0,7,0,,,,
55765,120.2,16.2,-14.9,0,80.8,95.7,95.5,0,95.5,0.2,1846.5,0,1860,0.7,0,3,0,,,,
55793,119.5,16.3,-14.8,0,80.5,95.3,95.3,0,95.3,0.2,1847.9,0,1860,0.7,0,3,0,,,,
55829,118.7,16.4,-14.8,0,80.1,95,94.9,0,94.9,0.2,1849.4,0,1880,0.7,0,3,0,,,,
55864,117.5,16.5,-14.8,0.1,79.6,94.5,94.5,0,94.5,0.2,1851,0,1860,0.7,0,3,0,,,,
55897,116.5,16.5,-14.4,0.4,79.1,93.8,92.9,0,92.9,0.2,1853.4,0,1880,0.7,0,3,0,,,,
55925,115.6,16.5,-13.4,0.8,78.7,92.7,90,0,90,0.2,1855.8,0,1880,0.7,0,0,0,,,,
55972,114.3,16.3,-10.8,1.1,78.3,91,86.6,0,86.6,0.2,1858,0,1900,0.7,0,0,0,,,,
56020,112.8,16,-7.7,0.9,77.5,86.3,81.2,0,81.2,0.2,1860.1,0,1880,0.7,0,3,0,,,,
56053,111.8,15.8,-6.3,0.7,77.1,84.3,80.7,0,80.7,0.2,1864.2,0,1900,0.7,0,3,0,,,,
56084,110.8,15.5,-5.3,0.6,76.7,82.5,79.8,0,79.8,0.2,1866.2,0,1900,0.7,0,0,0,,,,
56126,109.4,15.2,-4.1,0.4,76.1,80.7,78.7,0,78.7,0.2,1868.2,0,1900,0.7,0,3,0,,,,
56155,108.3,15,-3.7,0.2,75.6,79.6,78.5,0,78.5,0.2,1870.6,0,1900,0.7,0,0,0,,,,
56183,107.2,14.8,-3.5,0.1,75.2,78.8,78.3,0,78.3,0.2,1872.6,0,1900,0.7,0,3,0,,,,
56212,106.1,14.6,-3.2,0.1,74.8,78.2,77.3,0,77.3,0.2,1874.3,0,1920,0.7,0,3,0,,,,
56245,104.7,14.5,-2.9,0.2,74.3,77.4,76.7,0,76.7,0.2,1875.7,0,1920,0.7,0,0,0,,,,
56271,103.5,14.3,-2.8,0.1,73.8,76.6,76.1,0,76.1,0.2,1877.4,0,1920,0.7,0,0,0,,,,
56300,102.3,14.2,-2.6,0.1,73.3,75.9,75.5,0,75.5,0.2,1879.1,0,1900,0.7,0,0,0,,,,
56335,100.7,14.1,-2.5,0.1,72.7,75.2,74.9,0,74.9,0.2,1880.6,0,1920,0.7,0,3,0,,,,
56360,99.4,14.1,-2.4,0,72.1,74.5,74.4,0,74.4,0.2,1882.3,0,1920,0.7,0,0,0,,,,
56385,98.1,14,-2.3,0,71.6,73.9,73.6,0,73.6,0.2,1884.4,0,1900,0.7,0,0,0,,,,
56411,96.8,14,-2.2,0.1,71,73.2,72.9,0,72.9,0.2,1886.4,0,1900,0.7,0,3,0,,,,
56439,95.3,14,-2.2,0,70.4,72.6,72.5,0,72.5,0.2,1889.5,0,1900,0.7,0,0,0,,,,
56465,93.9,14,-2.2,0,69.9,72.1,72.1,0,72.1,0.2,1893.3,0,1900,0.7,0,0,0,,,,
56499,92,14.1,-2.1,0,69.3,71.4,71.4,0,71.4,0.2,1897.5,0,1920,0.7,0,0,0,,,,
56538,89.7,14.2,-2.1,0,68.2,70.3,70,0,70,0.2,1904,0,1900,0.7,0,0,0,,,,
56573,87.7,14.4,-2,0,67.5,69.5,69.4,0,69.4,0.1,1919.4,0,1900,0.7,0,0,0,,,,
56612,85.5,14.5,-2,0,66.6,68.6,68.5,0,68.5,0.1,1931.6,0,1900,0.7,0,3,0,,,,
56651,83.2,14.7,-2.2,-0.1,65.6,67.7,67.8,0,67.8,0.1,1950.8,0,1940,0.7,0,3,0,,,,
56697,81,14.9,-2.3,-0.1,65,67.2,67.3,0,67.3,0.1,1975.4,0,1940,0.7,0,7,0.9,,,,
56741,79.2,15,-2.8,-0.3,64.2,66.5,67.2,0,67.2,0.1,1991.3,0,1940,0.7,0,7,0.9,,,,
56775,78.1,15,-3.3,-0.1,63.5,66.5,68.2,0,68.2,0.1,2014.4,0,1940,0.7,0,7,0.9,,,,
56808,77.3,15.1,-3.5,0,63.1,66.6,67,0,67,0.1,2029.4,0,1960,0.7,0,7,0.9,,,,
56839,76.6,15.1,-3.7,-0.1,62.8,66.4,66.8,0,66.8,0.1,2037.4,0,1960,0.8,0,7,0.9,,,,
56874,76,15.1,-3.8,0,62.6,66.3,66.7,0,66.7,0.1,2042.5,0,1960,0.8,0,7,0.9,,,,
56902,75.6,15.2,-3.8,0.1,62.4,66.2,66.2,0,66.2,0.1,2046.2,0,1960,0.8,0,3,0.9,,,,
56929,75.3,15.2,-3.7,0.1,62.3,66,65.9,0,65.9,0.1,2048.8,0,1980,0.8,0,10,0.9,,,,
56955,75.1,15.2,-3.7,0,62.2,65.9,65.7,0,65.7,0.1,2050.4,0,1980,0.8,0,7,0.9,,,,
56983,74.9,15.3,-3.6,0,62.1,65.7,65.7,0,65.7,0.1,2051.3,0,1960,0.8,0,3,0.9,,,,
57020,74.7,15.3,-3.6,0,62,65.6,65.6,0,65.6,0.1,2052.1,0,1900,0.8,0,3,0.9,,,,
57062,74.5,15.3,-3.6,0,61.9,65.5,65.3,0,65.3,0.1,2052.8,0,1880,0.8,0,3,0.9,,,,
57092,74.4,15.3,-3.6,0,61.9,65.5,65.2,0,65.2,0.1,2053.2,0,1880,0.8,0,3,0.9,,,,
57121,74.4,15.3,-3.5,0.1,61.9,65.4,65.4,0,65.4,0.1,2053.5,0,1880,0.8,0,7,0.9,,,,
57154,74.3,15.3,-3.5,0,61.8,65.3,65.4,0,65.4,0.1,2053.7,0,1800,0.8,0,7,0.9,,,,
57178,74.3,15.3,-3.5,0,61.8,65.3,65.2,0,65.2,0.1,2053.8,0,1800,0.8,0,7,0.9,,,,
57215,74.3,15.3,-3.5,0,61.8,65.3,65.3,0,65.3,0.1,2053.7,0,1800,0.8,0,7,0.9,,,,
57247,74.3,15.3,-3.5,0,61.8,65.3,65.4,0,65.4,0.1,2053.8,0,1820,0.8,0,7,0.9,,,,
57274,74.3,15.3,-3.5,0,61.8,65.3,65.4,0,65.4,0.1,2053.8,0,1780,0.8,0,7,0.9,,,,
57299,74.3,15.3,-3.5,0,61.8,65.3,65.3,0,65.3,0.1,2053.9,0,1720,0.8,0,7,0.9,,,,
57331,74.3,15.3,-3.5,0,61.8,65.3,65.3,0,65.3,0.1,2053.8,0,1720,0.8,0,7,0.9,,,,
57363,74.3,15.3,-3.5,0,61.8,65.3,65.3,0,65.3,0.1,2053.7,0,1740,0.8,0,7,0.9,,,,
57392,74.3,15.3,-3.5,0,61.8,65.3,65.2,0,65.2,0.1,2053.8,0,1740,0.8,0,3,0.9,,,,
57420,74.3,15.3,-3.5,0,61.8,65.3,65.3,0,65.3,0.1,2053.8,0,1760,0.8,0,7,0.9,,,,
57458,74.3,15.3,-3.5,0,61.8,65.3,65.4,0,65.4,0.1,2053.9,0,1780,0.8,0,3,0,,,,
57484,74.3,15.3,-3.5,0,61.8,65.3,65.2,0,65.2,0.1,2053.8,0,1780,0.8,0,3,0,,,,
57524,74.3,15.3,-3.5,0,61.8,65.3,65.4,0,65.4,0.1,2053.8,0,1800,0.8,0,3,0,,,,
57564,74.3,15.3,-3.5,0,61.8,65.3,65.2,0,65.2,0.1,2053.8,0,1820,0.8,0,3,0,,,,
57598,74.3,15.3,-3.5,-0.1,61.8,65.3,65.3,0,65.3,0.1,2053.8,0,1820,0.8,0,0,0,,,,
57627,74.5,15.3,-3.6,0,61.8,65.4,65.5,0,65.5,0.1,2053.8,0,1840,0.8,0,0,0,,,,
57653,74.7,15.2,-3.6,0,61.9,65.5,65.5,0,65.5,0.1,2053.6,0,1840,0.8,0,0,0,,,,
57718,75.7,15.1,-3.6,0,62,65.6,65.8,0,65.8,0.1,2053.1,0,1840,0.8,-1,4093,-0.3,,,,
57765,76.6,14.9,-3.6,0,62.4,66,65.8,0,65.8,0.1,2052.3,0,1840,0.8,-1,3491,-0.1,,,,
57827,78.3,14.7,-3.5,0,62.8,66.4,66.1,0,66.1,0.1,2047.8,0,1840,0.8,-1,2562,-0.1,,,,
57888,80.3,14.4,-3.5,-0.1,63.5,66.9,66.6,0,66.6,0.1,2041.3,0,1840,0.8,-1,1691,-0.1,,,,
57959,83,14.1,-3.5,0,64.4,68,68,0,68,0.1,2028,0,1860,0.7,-1,1031,-0.1,,,,
58037,86.4,13.7,-3.6,0,65.5,69,69,0,69,0.1,2006.2,0,1860,0.7,-1,827,-0.1,,,,
58129,91,13.4,-3.6,0,67.2,70.8,71,0,71,0.2,1980.5,0,1880,0.7,-1,801,-0.1,,,,
58191,94.3,13.2,-3.5,0,68.9,72.4,72.5,0,72.5,0.2,1939.4,0,1880,0.7,-1,1297,-0.1,,,,
58253,97.6,13.1,-3.6,0,70.1,73.6,73.8,0,73.8,0.2,1911.8,0,1880,0.7,-1,1585,-0.1,,,,
58316,100.9,13,-3.7,0,71.5,75.1,75,0,75,0.2,1897.7,0,1920,0.7,-1,2281,-0.1,,,,
58390,104.7,13,-3.7,0,72.9,76.6,76.5,0,76.5,0.2,1888.4,0,1940,0.7,-1,1170,-0.1,,,,
58449,107.6,12.9,-3.9,-0.1,74.4,78.2,78.2,0,78.2,0.2,1882.7,0,1940,0.7,-1,3426,0,,,,
58522,111,12.7,-4,0,75.7,79.6,79.8,0,79.8,0.2,1877.6,0,1940,0.7,-1,1501,0,,,,
58622,116.1,12.3,-4,0,77.3,81.3,81.3,0,81.3,0.2,1873.3,0,1920,0.7,-1,1487,0,,,,
58723,121.7,12,-3.9,0,80,84,83.9,0,83.9,0.2,1867,0,1900,0.7,-1,2055,0,,,,
58788,124.9,11.7,-5.3,-0.9,81.9,85.8,85.7,0,85.7,0.2,1854.8,0,1920,0.7,-1,1837,0,,,,
58854,125.7,11.7,-7.8,-0.2,83.2,89.4,94,0,94,0.2,1846.1,0,1900,0.7,-1,3776,0,,,,
58919,125.4,11.8,-8.2,-0.2,83.3,91.2,91.3,0,91.3,0.2,1840.6,0,1900,0.7,-1,7187,0,,,,
58970,125.2,11.8,-8.5,0.1,83.2,91.5,92.4,0,92.4,0.2,1839.9,0,1880,0.7,-1,6994,0,,,,
59028,125.1,11.8,-8.4,0,83.1,91.5,91.3,0,91.3,0.2,1840.6,0,1860,0.7,-1,8212,0,,,,
59071,125.1,11.8,-8.4,0,83.1,91.5,91.3,0,91.3,0.2,1840.9,0,1880,0.7,-1,8070,0,,,,
59151,124.9,11.8,-8.2,0,83.1,91.4,91.4,0,91.4,0.2,1841,0,1880,0.7,-1,8511,0,,,,
59229,124.5,11.8,-8.4,0,82.9,91.2,91.5,0,91.5,0.2,1841,0,1900,0.7,-1,7031,0,,,,
59277,124.3,11.9,-8.4,0,82.8,91.2,91.1,0,91.1,0.2,1841.6,0,1900,0.7,-1,6160,0,,,,
59332,124.2,11.9,-8.3,0.1,82.7,91.1,91,0,91,0.2,1842.2,0,1900,0.7,-1,5033,0,,,,
59396,124,11.9,-8,0.1,82.6,90.9,90.8,0,90.8,0.2,1842.5,0,1940,0.7,-1,4242,0,,,,
59454,124,11.9,-7.4,0.2,82.6,90.4,89.9,0,89.9,0.2,1842.9,0,1940,0.7,-1,4614,0,,,,
59517,123.7,12,-7,0,82.5,89.8,88.8,0,88.8,0.2,1843.1,0,1940,0.7,-1,1968,0,,,,
59580,123.2,12,-7.1,0,82.4,89.4,89.5,0,89.5,0.2,1843.3,0,1920,0.7,-1,3451,0,,,,
59662,122.8,12.1,-7.1,0,82.2,89.3,89.2,0,89.2,0.2,1844,0,1920,0.7,-1,1665,0,,,,
59717,122.7,12.1,-7.1,-0.1,82,89,88.9,0,88.9,0.2,1844.8,0,1920,0.7,0,2037,0,,,,
59748,122.6,12.1,-7,0,82,89,89.2,0,89.2,0.2,1845.7,0,1920,0.7,0,291,0,,,,
59783,122.4,12.1,-7.1,0,81.9,89,89,0,89,0.2,1845.8,0,1900,0.7,0,72,0,,,,
59822,121.9,12.1,-7.3,-0.1,81.8,88.9,89.1,0,89.1,0.2,1846.1,0,1920,0.7,0,14,0,,,,
59851,121.5,12.2,-7.4,-0.1,81.6,88.9,89.4,0,89.4,0.2,1846.6,0,1900,0.7,0,7,0,,,,
59881,120.8,12.2,-7.6,-0.1,81.4,88.8,89.5,0,89.5,0.2,1847.5,0,1920,0.7,0,3,0,,,,
59915,120.1,12.3,-7.7,-0.1,81,88.7,89.1,0,89.1,0.2,1848.5,0,1900,0.7,0,3,0,,,,
59947,119.2,12.4,-7.9,0,80.7,88.5,88.9,0,88.9,0.2,1849.9,0,1880,0.7,0,0,0,,,,
59975,118.3,12.4,-7.9,0,80.3,88.2,88.3,0,88.3,0.2,1851.4,0,1900,0.7,0,3,0,,,,
60004,117.4,12.5,-8,0,79.9,87.9,87.9,0,87.9,0.2,1853.2,0,1880,0.7,0,3,0,,,,
60032,116.4,12.6,-8.1,0,79.4,87.5,87.6,0,87.6,0.2,1855.1,0,1880,0.7,0,3,0,,,,
60059,115.4,12.7,-8.1,0,79,87.1,87.4,0,87.4,0.2,1857.1,0,1880,0.7,0,3,0,,,,
60095,114,12.9,-8.2,0,78.5,86.7,86.9,0,86.9,0.2,1859.1,0,1900,0.7,0,0,0,,,,
60125,112.7,13,-8.2,0,77.9,86.1,86.2,0,86.2,0.2,1861.2,0,1880,0.7,0,3,0,,,,
60153,111.4,13.2,-8.2,0,77.3,85.5,85.5,0,85.5,0.2,1864,0,1880,0.7,0,3,0,,,,
60188,109.8,13.4,-8.2,0,76.8,85,85,0,85,0.2,1866.6,0,1880,0.7,0,3,0,,,,
60241,107.3,13.7,-8.3,0,75.5,83.8,84,0,84,0.2,1868.8,0,1880,0.7,0,0,0,,,,
60273,105.6,13.8,-8.3,0,74.8,83.1,82.9,0,82.9,0.2,1873.5,0,1900,0.7,0,3,0,,,,
60299,104.3,14,-8.3,0,74.1,82.4,82.3,0,82.3,0.2,1876.1,0,1900,0.7,0,3,0,,,,
60323,103,14.1,-8.3,0,73.6,81.9,82,0,82,0.2,1878.1,0,1920,0.7,0,3,0,,,,
60348,101.7,14.2,-8.3,0,73.1,81.4,81.4,0,81.4,0.2,1879.6,0,1920,0.7,0,3,0,,,,
60375,100.2,14.3,-8.3,0,72.5,80.8,80.6,0,80.6,0.2,1881.1,0,1900,0.7,0,0,0,,,,
60398,99,14.4,-8.3,0,71.8,80.1,80.1,0,80.1,0.2,1882.8,0,1900,0.7,0,0,0,,,,
60422,97.6,14.6,-8.3,0,71.3,79.6,79.6,0,79.6,0.2,1884.7,0,1920,0.7,0,3,0,,,,
60455,95.8,14.8,-8.3,0,70.7,79,78.9,0,78.9,0.2,1886.6,0,1940,0.7,0,3,0,,,,
60485,94.1,15,-8.4,0,69.9,78.2,78.4,0,78.4,0.2,1889.4,0,1920,0.7,0,0,0,,,,
60508,92.7,15.1,-8.4,0,69.2,77.6,77.6,0,77.6,0.2,1894.6,0,1920,0.7,0,0,0,,,,
60533,91.3,15.2,-8.4,0,68.7,77,77.1,0,77.1,0.2,1901.1,0,1940,0.7,0,3,0,,,,
60563,89.5,15.3,-8.4,0,67.9,76.3,76.1,0,76.1,0.2,1907.7,0,1920,0.7,0,3,0,,,,
60590,87.9,15.5,-8.4,0,67.3,75.7,75.5,0,75.5,0.2,1919.2,0,1920,0.7,0,0,0,,,,
60643,84.8,15.8,-8.3,0,66.5,74.9,74.7,0,74.7,0.2,1931.3,0,1940,0.7,0,7,0.9,,,,
60678,82.9,16,-8.4,0,65.3,73.6,73.9,0,73.9,0.2,1948.6,0,1920,0.7,0,7,0.9,,,,
60714,81.2,16.3,-8.7,-0.1,64.6,73.2,73.7,0,73.7,0.2,1982.3,0,1940,0.7,0,7,0.9,,,,
60766,79.1,16.5,-9.5,-0.4,63.6,72.7,74.3,0,74.3,0.2,2001.2,0,1960,0.7,0,3,0.9,,,,
60797,78.1,16.7,-10.2,-0.2,63.2,72.9,75.2,0,75.2,0.2,2031.4,0,1940,0.8,0,7,0.9,,,,
60826,77.4,16.8,-10.4,-0.1,62.8,73.1,73.7,0,73.7,0.2,2043.9,0,1940,0.8,0,7,0.9,,,,
60851,76.8,16.8,-10.6,-0.1,62.5,73,73.7,0,73.7,0.2,2053.2,0,1940,0.8,0,7,0.9,,,,
60876,76.3,16.9,-10.7,-0.1,62.3,72.9,73.5,0,73.5,0.2,2059.3,0,1980,0.8,0,7,0.9,,,,
60904,75.8,17,-10.7,0,62.1,72.8,73.1,0,73.1,0.2,2063.7,0,1980,0.8,0,7,0.9,,,,
60930,75.5,17,-10.6,0,62,72.6,72.7,0,72.7,0.2,2066.7,0,1960,0.8,0,7,0.9,,,,
60956,75.2,17.1,-10.6,0.1,61.8,72.4,72.2,0,72.2,0.2,2069.3,0,1980,0.8,0,7,0.9,,,,
60983,74.9,17.2,-10.5,0,61.7,72.2,71.8,0,71.8,0.2,2071.3,0,2000,0.8,0,7,0.9,,,,
61005,74.8,17.2,-10.4,0,61.6,72.1,71.7,0,71.7,0.2,2072.7,0,2000,0.8,0,7,0.9,,,,
61027,74.7,17.2,-10.4,0,61.6,72,72,0,72,0.2,2073.7,0,1980,0.8,0,10,0.9,,,,
61050,74.6,17.3,-10.4,0.1,61.5,71.9,71.9,0,71.9,0.2,2074.3,0,2000,0.8,0,3,0.9,,,,
61072,74.5,17.3,-10.4,0,61.5,71.9,71.9,0,71.9,0.2,2074.8,0,2000,0.8,0,3,0.9,,,,
61096,74.4,17.3,-10.4,0,61.4,71.8,71.7,0,71.7,0.2,2075.2,0,2000,0.8,0,7,0.9,,,,
61120,74.3,17.3,-10.4,0,61.4,71.8,71.6,0,71.6,0.2,2075.4,0,2020,0.8,0,7,0.9,,,,
61159,74.3,17.3,-10.4,0,61.4,71.8,71.8,0,71.8,0.2,2075.6,0,2020,0.8,0,7,0.9,,,,
61183,74.3,17.3,-10.4,0,61.4,71.8,71.8,0,71.8,0.2,2075.8,0,2020,0.8,0,7,0.9,,,,
61207,74.3,17.3,-10.4,0,61.4,71.8,71.7,0,71.7,0.2,2076,0,2020,0.8,0,7,0.9,,,,
61241,74.3,17.3,-10.4,0,61.4,71.8,71.8,0,71.8,0.2,2076,0,2040,0.8,0,7,0.9,,,,
61293,74.3,17.3,-10.4,-0.1,61.4,71.8,71.9,0,71.9,0.2,2075.9,0,2020,0.8,0,3,0.9,,,,
61322,74.4,17.3,-10.3,0.1,61.4,71.8,71.6,0,71.6,0.2,2075.8,0,1960,0.8,0,7,0.9,,,,
61351,74.4,17.3,-10.2,-0.1,61.4,71.6,71.7,0,71.7,0.2,2075.8,0,1900,0.8,0,7,0.9,,,,
61378,74.4,17.3,-10.3,-0.1,61.4,71.7,72,0,72,0.2,2075.5,0,1920,0.8,0,3,0.9,,,,
61408,74.4,17.3,-10.4,-0.1,61.4,71.7,71.8,0,71.8,0.2,2075.5,0,1900,0.8,0,7,0.9,,,,
61433,74.4,17.3,-10.4,0,61.4,71.8,71.7,0,71.7,0.2,2075.7,0,1920,0.8,0,7,0.9,,,,
61464,74.4,17.3,-10.3,0,61.4,71.8,71.7,0,71.7,0.2,2075.6,0,1940,0.8,0,7,0.9,,,,
61490,74.4,17.3,-10.4,-0.1,61.4,71.8,71.6,0,71.6,0.2,2075.7,0,1940,0.8,0,7,0.9,,,,
61518,74.4,17.3,-10.4,0,61.4,71.8,71.7,0,71.7,0.2,2075.6,0,1860,0.8,0,3,0.9,,,,
61547,74.4,17.3,-10.4,0,61.4,71.8,71.8,0,71.8,0.2,2075.6,0,1840,0.8,0,7,0.9,,,,
61575,74.4,17.3,-10.4,0,61.4,71.8,72,0,72,0.2,2075.5,0,1840,0.8,0,7,0.9,,,,
61602,74.4,17.3,-10.4,0,61.4,71.8,71.8,0,71.8,0.2,2075.6,0,1840,0.8,0,3,0.9,,,,
61631,74.4,17.3,-10.3,0,61.4,71.8,71.9,0,71.9,0.2,2075.7,0,1840,0.8,0,10,0.9,,,,
61680,74.4,17.3,-10.4,0,61.4,71.7,71.7,0,71.7,0.2,2075.7,0,1740,0.8,0,7,0.9,,,,
61707,74.4,17.3,-10.4,0,61.4,71.8,71.9,0,71.9,0.2,2075.7,0,1740,0.8,0,7,0.9,,,,
61735,74.4,17.3,-10.4,0,61.4,71.8,71.8,0,71.8,0.2,2075.5,0,1780,0.8,0,7,0.9,,,,
61771,74.4,17.3,-10.4,0,61.4,71.8,71.7,0,71.7,0.2,2075.6,0,1780,0.8,0,3,0.9,,,,
61816,74.4,17.3,-10.4,0,61.4,71.8,71.6,0,71.6,0.2,2075.6,0,1800,0.8,0,7,0.9,,,,
61840,74.4,17.3,-10.4,0,61.4,71.8,71.9,0,71.9,0.2,2075.6,0,1800,0.8,0,3,0.9,,,,
61865,74.4,17.3,-10.4,0,61.4,71.8,72,0,72,0.2,2075.6,0,1820,0.8,0,3,0.9,,,,
61894,74.4,17.3,-10.4,0,61.4,71.8,71.7,0,71.7,0.2,2075.5,0,1840,0.8,0,3,0.9,,,,
61927,74.4,17.3,-10.4,0,61.4,71.8,71.7,0,71.7,0.2,2075.6,0,1820,0.8,0,3,0.9,,,,
61953,74.4,17.3,-10.4,0,61.4,71.8,71.7,0,71.7,0.2,2075.6,0,1840,0.8,0,7,0.9,,,,
61982,74.4,17.3,-10.4,0,61.4,71.8,71.8,0,71.8,0.2,2075.6,0,1860,0.8,0,3,0.9,,,,
62015,74.4,17.3,-10.4,0,61.4,71.8,71.8,0,71.8,0.2,2075.6,0,1860,0.8,0,3,0.9,,,,
62041,74.4,17.3,-10.4,0,61.4,71.8,71.7,0,71.7,0.2,2075.6,0,1880,0.8,0,7,0.9,,,,
62067,74.4,17.3,-10.4,0,61.4,71.8,71.7,0,71.7,0.2,2075.6,0,1900,0.8,0,3,0.9,,,,
62103,74.4,17.3,-10.4,0,61.4,71.8,72,0,72,0.2,2075.6,0,1900,0.8,0,3,0,,,,
62128,74.4,17.3,-10.4,0,61.4,71.8,71.8,0,71.8,0.2,2075.6,0,1920,0.8,0,3,0,,,,
62154,74.4,17.3,-10.4,0,61.4,71.8,71.8,0,71.8,0.2,2075.6,0,1920,0.8,0,3,0,,,,
62185,74.4,17.3,-10.3,0,61.4,71.8,71.8,0,71.8,0.2,2075.6,0,1940,0.8,0,3,0,,,,
62211,74.4,17.3,-10.3,0,61.4,71.8,71.8,0,71.8,0.2,2075.6,0,1920,0.8,0,3,0,,,,
62236,74.4,17.3,-10.3,0,61.4,71.8,71.7,0,71.7,0.2,2075.6,0,1940,0.8,0,0,0,,,,
62261,74.4,17.3,-10.3,0,61.4,71.8,71.7,0,71.7,0.2,2075.6,0,1960,0.8,0,3,0,,,,
62296,74.4,17.3,-10.4,0,61.4,71.8,71.7,0,71.7,0.2,2075.6,0,1960,0.8,0,3,0,,,,
62347,74.4,17.3,-10.4,0,61.4,71.8,71.7,0,71.7,0.2,2075.6,0,1980,0.8,0,3,0,,,,
62375,74.4,17.3,-10.4,0,61.4,71.8,71.8,0,71.8,0.2,2075.6,0,1980,0.8,0,3,0,,,,
62402,74.4,17.3,-10.4,0,61.4,71.8,71.7,0,71.7,0.2,2075.6,0,2000,0.8,0,3,0,,,,
62428,74.4,17.3,-10.4,0,61.4,71.8,71.7,0,71.7,0.2,2075.6,0,2000,0.8,0,3,0,,,,
62456,74.4,17.3,-10.4,0,61.4,71.8,71.7,0,71.7,0.2,2075.6,0,2020,0.8,0,3,0,,,,
62483,74.4,17.3,-10.4,0,61.4,71.8,71.7,0,71.7,0.2,2075.6,0,2020,0.8,0,3,0,,,,
62508,74.4,17.3,-10.4,0,61.4,71.8,71.7,0,71.7,0.2,2075.6,0,2020,0.8,0,3,0,,,,
62537,74.4,17.3,-10.4,0,61.4,71.8,71.9,0,71.9,0.2,2075.6,0,2040,0.8,0,3,0,,,,
62560,74.4,17.3,-10.4,0,61.4,71.8,71.9,0,71.9,0.2,2075.6,0,2040,0.8,0,7,0,,,,
62587,74.4,17.3,-10.4,0,61.4,71.8,71.8,0,71.8,0.2,2075.6,0,2060,0.8,0,3,0,,,,
62617,74.4,17.3,-10.4,0,61.4,71.8,71.8,0,71.8,0.2,2075.6,0,2060,0.8,0,0,0,,,,
62648,74.4,17.3,-10.4,0,61.4,71.8,71.9,0,71.9,0.2,2075.6,0,2080,0.8,0,0,0,,,,
62682,74.4,17.3,-10.4,0,61.4,71.8,71.7,0,71.7,0.2,2075.6,0,2080,0.8,0,0,0,,,,
62711,74.4,17.3,-10.4,0,61.4,71.8,71.8,0,71.8,0.2,2075.6,0,2080,0.8,0,0,0,,,,
62734,74.4,17.3,-10.4,0,61.4,71.8,71.9,0,71.9,0.2,2075.6,0,2080,0.8,0,3,0,,,,
62755,74.4,17.3,-10.4,0,61.4,71.8,71.6,0,71.6,0.2,2075.6,0,2080,0.8,0,0,0,,,,
62778,74.4,17.3,-10.4,0,61.4,71.8,71.8,0,71.8,0.2,2075.6,0,2080,0.8,0,3,0,,,,
62807,74.4,17.3,-10.4,0,61.4,71.8,71.9,0,71.9,0.2,2075.6,0,2080,0.8,0,3,0,,,,
62850,74.4,17.3,-10.4,0,61.4,71.8,71.7,0,71.7,0.2,2075.6,0,2080,0.8,0,3,0,,,,
62876,74.4,17.3,-10.4,0,61.4,71.8,71.8,0,71.8,0.2,2075.6,0,2100,0.8,0,3,0,,,,
62901,74.4,17.3,-10.4,0,61.4,71.8,71.8,0,71.8,0.2,2075.6,0,2100,0.8,0,0,0,,,,
62932,74.4,17.3,-10.3,0.1,61.4,71.8,71.8,0,71.8,0.2,2075.6,0,2100,0.8,0,0,0,,,,
62963,74.4,17.4,-10.3,0,61.4,71.7,71.8,0,71.8,0.2,2075.6,0,2100,0.8,0,0,0,,,,
62990,74.4,17.5,-10.3,0,61.4,71.7,71.5,0,71.5,0.2,2075.8,0,2100,0.8,0,0,0,,,,
63019,74.4,17.6,-10.4,0,61.4,71.7,72,0,72,0.2,2076.4,0,2100,0.8,0,0,0,,,,
63051,74.4,18,-10.2,0.3,61.3,71.7,71.5,0,71.5,0.2,2077.8,0,2080,0.8,0,0,0,,,,
63078,74.4,18.3,-9.6,0.6,61.2,71.2,69.3,0,69.3,0.1,2079.9,0,2080,0.8,0,0,0,,,,
63107,74.3,18.7,-8.1,1,61.2,70.3,66.8,0,66.8,0.1,2082.7,0,2080,0.8,0,0,0,,,,
63140,74.3,19.1,-6,1.2,61.1,68.4,63.3,0,63.3,0.1,2085,0,2080,0.8,0,0,0,,,,
63168,74.3,19.6,-3.9,1.2,61,66.1,60.3,0,60.3,0.1,2088,0,2080,0.8,0,0,0,,,,
63196,74.3,20.1,-2.1,1,60.9,63.9,59,0,59,0.1,2090.6,0,2080,0.8,0,0,0,,,,
63227,74.3,20.7,-0.6,0.8,60.8,62.3,58.2,0,58.2,0.1,2093.3,0,2080,0.8,0,0,0,,,,
63254,74.2,21.3,0.4,0.5,60.7,60.7,57.8,0,57.8,0.1,2095.8,0,2060,0.8,0,0,0,,,,
63280,74.2,22,1.1,0.4,60.5,419.8,417.6,0,57.6,0.1,2098.4,0,2080,0.8,0,0,0,,,,
63317,74.1,23,1.7,0.2,60.4,419.1,417.4,0,57.4,0.1,2099.7,0,2080,0.8,0,0,0,,,,
63368,74,24.5,2.3,0.2,60,417.9,417.3,0,57.3,0.1,2099.9,0,2060,0.8,0,0,0,,,,
63400,74,25.4,3,0.5,59.8,417.2,415.5,0,55.5,0.1,2093.4,0,2060,0.8,0,3,0,,,,
63428,73.9,26.3,4.1,0.9,59.6,416.3,413.6,0,53.6,0.1,2085.7,0,2060,0.8,0,0,0,,,,
63459,73.9,27.3,6.1,1.2,59.4,414.4,409.4,0,49.4,0.1,2076.6,0,2060,0.8,0,0,0,,,,
63498,73.8,28.4,9.1,1.6,59.1,412.1,406.1,0,46.1,0.1,2063.7,0,2080,0.8,0,0,0,,,,
63528,73.8,29.3,12.1,1.8,58.9,408.5,400.9,0,40.9,0.1,2050.3,0,2080,0.8,0,3,0,,,,
63562,73.7,30.3,15.8,2,58.7,405.2,396.9,0,36.9,0,2032.9,0,2060,0.8,0,3,0,,,,
63597,73.6,31.2,19.7,2.1,58.5,401,391.7,0,31.7,0,2019.4,0,2080,0.7,0,0,0,,,,
63636,73.6,32.3,24.6,2.1,58.3,396.4,386.9,0,26.9,0,2004,0,2080,0.7,0,0,0,,,,
63671,73.5,33.2,28.9,2.1,58.1,391.6,381.9,0,22.2,0,1987.9,0,2080,0.7,0,0,0,,,,
63715,73.5,34.5,33.7,1.6,57.9,386.8,378.3,0,22.2,0,1973.4,0,2100,0.7,0,0,0,,,,
63751,73.4,35.5,36.4,1.2,57.6,382.8,376.7,0,22.2,0,1957.3,0,2060,0.7,0,0,0,,,,
63776,73.4,36.2,37.8,1,57.4,380.3,375.5,0,22.2,0,1941.6,0,2060,0.7,0,0,0,,,,
63802,73.4,37,39,0.7,57.3,378.8,375.1,0,22.2,0,1927.6,0,2080,0.7,0,0,0,,,,
63840,73.5,38.1,40.3,0.5,57.1,377.5,374.6,0,22.2,0,1917.3,0,2060,0.7,0,0,0,,,,
63886,73.7,39.6,41.4,0.3,56.7,375.6,374,0,22.2,0,1907,0,2040,0.7,0,0,0,,,,
63911,73.8,40.5,41.8,0.2,56.6,375,373.8,0,22.2,0,1888.2,0,2020,0.7,0,0,0,,,,
63944,74,41.5,42,0.2,56.4,374.5,373.7,0,22.2,0,1880.6,0,2020,0.7,0,0,0,,,,
63971,74.1,42.4,42.1,0.1,56.2,374,373.6,0,22.2,0,1873.7,0,2020,0.7,0,0,0,,,,
63994,74.3,43.2,42.2,0,56,373.8,373.7,0,22.2,0,1867.6,0,2020,0.7,0,0,0,,,,
64017,74.4,43.8,42.2,0,55.9,373.7,373.7,0,22.2,0,1864.5,0,2020,0.7,0,0,0,,,,
64038,74.5,44.3,42.1,-0.1,55.7,373.6,373.5,0,22.2,0,1862.6,0,2000,0.7,0,0,0,,,,
64064,74.6,44.9,42,0,55.7,373.6,374,0,22.2,0,1861.4,0,2000,0.7,0,0,0,,,,
64085,74.7,45.3,42,-0.1,55.6,373.6,373.7,0,22.2,0,1860.8,0,2000,0.7,0,0,0,,,,
64107,74.8,45.6,41.9,0,55.5,373.5,373.4,0,22.2,0,1860.3,0,2000,0.7,0,0,0,,,,
64129,74.9,45.8,41.9,0,55.5,373.5,373.8,0,22.2,0,1860,0,2000,0.7,0,0,0,,,,
64151,75,46,41.8,0,55.4,373.6,373.7,0,22.2,0,1859.9,0,1980,0.7,0,0,0,,,,
64173,75.1,46.2,41.8,-0.1,55.4,373.6,374.1,0,22.2,0,1859.9,0,1980,0.7,0,0,0,,,,
64199,75.2,46.3,41.7,0,55.4,373.7,373.8,0,22.2,0,1859.8,0,1980,0.7,0,0,0,,,,
64226,75.3,46.4,41.7,0,55.4,373.7,373.8,0,22.2,0,1859.8,0,1960,0.7,0,0,0,,,,
64247,75.4,46.4,41.7,0,55.5,373.8,373.8,0,22.2,0,1859.7,0,1960,0.7,0,3,0,,,,
64267,75.4,46.4,41.6,0,55.5,373.8,374,0,22.2,0,1859.7,0,1960,0.7,0,0,0,,,,
64291,75.4,46.5,41.6,0,55.5,373.8,373.9,0,22.2,0,1859.6,0,1940,0.7,0,0,0,,,,
64314,75.5,46.5,41.7,0,55.5,373.8,373.9,0,22.2,0,1859.6,0,1960,0.7,0,0,0,,,,
64336,75.5,46.5,41.7,0,55.5,373.8,373.7,0,22.2,0,1859.6,0,1940,0.7,0,0,0,,,,
64365,75.5,46.5,41.7,0,55.5,373.8,373.8,0,22.2,0,1859.6,0,1940,0.7,0,0,0,,,,
64405,75.5,46.5,41.7,0,55.5,373.8,373.8,0,22.2,0,1859.6,0,1940,0.7,0,0,0,,,,
64436,75.4,46.5,41.7,0,55.5,373.8,373.8,0,22.2,0,1859.6,0,1920,0.7,0,0,0,,,,
64459,75.4,46.5,41.7,0,55.5,373.8,373.8,0,22.2,0,1859.6,0,1920,0.7,0,0,0,,,,
64482,75.4,46.4,41.7,0,55.5,373.8,373.8,0,22.2,0,1859.6,0,1920,0.7,0,0,0,,,,
64505,75.4,46.4,41.7,0,55.5,373.8,373.8,0,22.2,0,1859.6,0,1920,0.7,0,0,0,,,,
64529,75.4,46.4,41.7,0,55.5,373.8,373.7,0,22.2,0,1859.6,0,1920,0.7,0,0,0,,,,
64552,75.4,46.4,41.7,0,55.5,373.8,373.8,0,22.2,0,1859.6,0,1920,0.7,0,0,0,,,,
64577,75.4,46.4,41.7,0,55.5,373.8,373.8,0,22.2,0,1859.6,0,1920,0.7,0,0,0,,,,
64602,75.4,46.4,41.7,0,55.5,373.8,373.7,0,22.2,0,1859.6,0,1900,0.7,0,0,0,,,,
64628,75.4,46.4,41.7,0,55.5,373.8,373.8,0,22.2,0,1859.6,0,1920,0.7,0,0,0,,,,
64651,75.4,46.4,41.7,0,55.5,373.8,373.9,0,22.2,0,1859.6,0,1920,0.7,0,0,0,,,,
64676,75.4,46.4,41.7,0,55.5,373.8,373.7,0,22.2,0,1859.6,0,1900,0.7,0,0,0,,,,
64703,75.4,46.4,41.7,0,55.5,373.8,373.8,0,22.2,0,1859.6,0,1900,0.7,0,0,0,,,,
64732,75.4,46.4,41.7,0,55.5,373.8,373.8,0,22.2,0,1859.6,0,1900,0.7,0,0,0,,,,
64756,75.4,46.4,41.7,0,55.5,373.8,373.7,0,22.2,0,1859.6,0,1900,0.7,0,0,0,,,,
64779,75.4,46.4,41.7,0,55.5,373.8,373.8,0,22.2,0,1859.6,0,1900,0.7,0,0,0,,,,
64801,75.4,46.4,41.7,0,55.5,373.8,373.7,0,22.2,0,1859.6,0,1900,0.7,0,0,0,,,,
64824,75.4,46.4,41.7,0,55.5,373.8,373.8,0,22.2,0,1859.6,0,1900,0.7,0,3,0,,,,
64851,75.4,46.4,41.7,0,55.5,373.8,373.8,0,22.2,0,1859.6,0,1880,0.7,0,3,0,,,,
64877,75.4,46.4,41.7,0,55.5,373.8,373.8,0,22.2,0,1859.6,0,0,0,0,0,0,,,,
